{"type":"FeatureCollection","features":[{"type":"Feature","properties":{"ageb_code":"0901500010019","cvegeo":"0901500010019","alcaldia":"Cuauhtémoc","centroid_lat":19.46315,"centroid_lng":-99.13667},"geometry":{"type":"Polygon","coordinates":[[[-99.13878,19.4616],[-99.13859,19.46516],[-99.13492,19.46501],[-99.13503,19.46348],[-99.13458,19.46333],[-99.135,19.46142],[-99.13878,19.4616]]]}},{"type":"Feature","properties":{"ageb_code":"0901500010023","cvegeo":"0901500010023","alcaldia":"Cuauhtémoc","centroid_lat":19.46268,"centroid_lng":-99.13267},"geometry":{"type":"Polygon","coordinates":[[[-99.13503,19.46348],[-99.13492,19.46501],[-99.13334,19.46485],[-99.13043,19.4632],[-99.1315,19.4604],[-99.135,19.46142],[-99.13458,19.46333],[-99.13503,19.46348]]]}},{"type":"Feature","properties":{"ageb_code":"0901500010038","cvegeo":"0901500010038","alcaldia":"Cuauhtémoc","centroid_lat":19.46141,"centroid_lng":-99.12937},"geometry":{"type":"Polygon","coordinates":[[[-99.1315,19.4604],[-99.13043,19.4632],[-99.12755,19.46153],[-99.1285,19.45941],[-99.1315,19.4604]]]}},{"type":"Feature","properties":{"ageb_code":"0901500010042","cvegeo":"0901500010042","alcaldia":"Cuauhtémoc","centroid_lat":19.45939,"centroid_lng":-99.15785},"geometry":{"type":"Polygon","coordinates":[[[-99.15362,19.4633],[-99.15526,19.45449],[-99.15666,19.45471],[-99.15596,19.45846],[-99.1627,19.45964],[-99.16105,19.46097],[-99.15955,19.46332],[-99.15865,19.46392],[-99.15731,19.46405],[-99.15362,19.4633]]]}},{"type":"Feature","properties":{"ageb_code":"0901500010057","cvegeo":"0901500010057","alcaldia":"Cuauhtémoc","centroid_lat":19.46105,"centroid_lng":-99.15094},"geometry":{"type":"Polygon","coordinates":[[[-99.14849,19.46299],[-99.1482,19.46299],[-99.14784,19.46124],[-99.14777,19.45975],[-99.14798,19.45886],[-99.15422,19.46012],[-99.15362,19.4633],[-99.15055,19.46294],[-99.14874,19.46334],[-99.14849,19.46299]]]}},{"type":"Feature","properties":{"ageb_code":"0901500010061","cvegeo":"0901500010061","alcaldia":"Cuauhtémoc","centroid_lat":19.46207,"centroid_lng":-99.14626},"geometry":{"type":"Polygon","coordinates":[[[-99.14329,19.46382],[-99.14717,19.45867],[-99.14798,19.45886],[-99.14777,19.45975],[-99.14801,19.46238],[-99.1482,19.46299],[-99.14849,19.46299],[-99.14874,19.46334],[-99.14312,19.46506],[-99.14344,19.46423],[-99.14329,19.46382]]]}},{"type":"Feature","properties":{"ageb_code":"0901500010076","cvegeo":"0901500010076","alcaldia":"Cuauhtémoc","centroid_lat":19.45968,"centroid_lng":-99.14454},"geometry":{"type":"Polygon","coordinates":[[[-99.1429,19.46364],[-99.14226,19.46374],[-99.14177,19.46308],[-99.14355,19.45593],[-99.1488,19.4572],[-99.14752,19.45816],[-99.14324,19.46389],[-99.1429,19.46364]]]}},{"type":"Feature","properties":{"ageb_code":"0901500010080","cvegeo":"0901500010080","alcaldia":"Cuauhtémoc","centroid_lat":19.46052,"centroid_lng":-99.14064},"geometry":{"type":"Polygon","coordinates":[[[-99.14341,19.46431],[-99.14312,19.46506],[-99.14193,19.46582],[-99.14081,19.46535],[-99.13859,19.46516],[-99.13893,19.45798],[-99.13908,19.45806],[-99.13804,19.4562],[-99.13836,19.45473],[-99.14355,19.45593],[-99.14177,19.46308],[-99.14226,19.46374],[-99.14273,19.46361],[-99.14304,19.46373],[-99.14341,19.46431]]]}},{"type":"Feature","properties":{"ageb_code":"0901500010095","cvegeo":"0901500010095","alcaldia":"Cuauhtémoc","centroid_lat":19.45879,"centroid_lng":-99.1373},"geometry":{"type":"Polygon","coordinates":[[[-99.13538,19.45961],[-99.13656,19.45658],[-99.13794,19.45664],[-99.13804,19.4562],[-99.13908,19.45806],[-99.13893,19.45798],[-99.13878,19.4616],[-99.135,19.46142],[-99.13538,19.45961]]]}},{"type":"Feature","properties":{"ageb_code":"0901500010108","cvegeo":"0901500010108","alcaldia":"Cuauhtémoc","centroid_lat":19.45936,"centroid_lng":-99.13369},"geometry":{"type":"Polygon","coordinates":[[[-99.13276,19.45709],[-99.1359,19.45824],[-99.13538,19.45961],[-99.135,19.46142],[-99.1315,19.4604],[-99.13276,19.45709]]]}},{"type":"Feature","properties":{"ageb_code":"0901500010112","cvegeo":"0901500010112","alcaldia":"Cuauhtémoc","centroid_lat":19.45828,"centroid_lng":-99.13061},"geometry":{"type":"Polygon","coordinates":[[[-99.12978,19.45599],[-99.13276,19.45709],[-99.1315,19.4604],[-99.1285,19.45941],[-99.12978,19.45599]]]}},{"type":"Feature","properties":{"ageb_code":"0901500010127","cvegeo":"0901500010127","alcaldia":"Cuauhtémoc","centroid_lat":19.45889,"centroid_lng":-99.12581},"geometry":{"type":"Polygon","coordinates":[[[-99.12224,19.45978],[-99.12333,19.45815],[-99.12378,19.45603],[-99.12809,19.45696],[-99.12925,19.45735],[-99.12755,19.46153],[-99.12224,19.45978]]]}},{"type":"Feature","properties":{"ageb_code":"0901500010131","cvegeo":"0901500010131","alcaldia":"Cuauhtémoc","centroid_lat":19.45506,"centroid_lng":-99.1364},"geometry":{"type":"Polygon","coordinates":[[[-99.13184,19.45329],[-99.13836,19.45473],[-99.13794,19.45664],[-99.13605,19.45647],[-99.13376,19.45448],[-99.13268,19.45421],[-99.13176,19.45374],[-99.13168,19.45337],[-99.13184,19.45329]]]}},{"type":"Feature","properties":{"ageb_code":"0901500010146","cvegeo":"0901500010146","alcaldia":"Cuauhtémoc","centroid_lat":19.45637,"centroid_lng":-99.13446},"geometry":{"type":"Polygon","coordinates":[[[-99.13376,19.45448],[-99.1357,19.45627],[-99.13656,19.45658],[-99.1359,19.45824],[-99.13276,19.45709],[-99.13376,19.45448]]]}},{"type":"Feature","properties":{"ageb_code":"0901500010150","cvegeo":"0901500010150","alcaldia":"Cuauhtémoc","centroid_lat":19.455,"centroid_lng":-99.13189},"geometry":{"type":"Polygon","coordinates":[[[-99.13106,19.45317],[-99.1319,19.45328],[-99.13168,19.45337],[-99.13176,19.45374],[-99.13268,19.45421],[-99.13376,19.45448],[-99.13276,19.45709],[-99.12978,19.45599],[-99.13106,19.45317]]]}},{"type":"Feature","properties":{"ageb_code":"0901500010165","cvegeo":"0901500010165","alcaldia":"Cuauhtémoc","centroid_lat":19.45467,"centroid_lng":-99.12725},"geometry":{"type":"Polygon","coordinates":[[[-99.12378,19.45603],[-99.12478,19.45201],[-99.13107,19.45314],[-99.12925,19.45735],[-99.12809,19.45696],[-99.12378,19.45603]]]}},{"type":"Feature","properties":{"ageb_code":"090150001017A","cvegeo":"090150001017A","alcaldia":"Cuauhtémoc","centroid_lat":19.45731,"centroid_lng":-99.15984},"geometry":{"type":"Polygon","coordinates":[[[-99.15596,19.45846],[-99.15666,19.45471],[-99.16382,19.45582],[-99.16315,19.45888],[-99.16293,19.45934],[-99.1627,19.45964],[-99.15596,19.45846]]]}},{"type":"Feature","properties":{"ageb_code":"0901500010184","cvegeo":"0901500010184","alcaldia":"Cuauhtémoc","centroid_lat":19.45691,"centroid_lng":-99.15202},"geometry":{"type":"Polygon","coordinates":[[[-99.15162,19.45524],[-99.15187,19.45404],[-99.15526,19.45449],[-99.15422,19.46012],[-99.14717,19.45867],[-99.14798,19.4578],[-99.15162,19.45524]]]}},{"type":"Feature","properties":{"ageb_code":"0901500010199","cvegeo":"0901500010199","alcaldia":"Cuauhtémoc","centroid_lat":19.45504,"centroid_lng":-99.15083},"geometry":{"type":"Polygon","coordinates":[[[-99.14947,19.45364],[-99.15187,19.45404],[-99.15162,19.45524],[-99.14992,19.45646],[-99.15016,19.4551],[-99.14992,19.45503],[-99.15003,19.45458],[-99.14928,19.45442],[-99.14947,19.45364]]]}},{"type":"Feature","properties":{"ageb_code":"0901500010201","cvegeo":"0901500010201","alcaldia":"Cuauhtémoc","centroid_lat":19.4549,"centroid_lng":-99.14928},"geometry":{"type":"Polygon","coordinates":[[[-99.14847,19.45333],[-99.14948,19.45361],[-99.14928,19.45442],[-99.15003,19.45458],[-99.14992,19.45503],[-99.15016,19.4551],[-99.14992,19.45646],[-99.14967,19.45663],[-99.14875,19.45639],[-99.14912,19.45502],[-99.14812,19.45478],[-99.14847,19.45333]]]}},{"type":"Feature","properties":{"ageb_code":"0901500010216","cvegeo":"0901500010216","alcaldia":"Cuauhtémoc","centroid_lat":19.45575,"centroid_lng":-99.14834},"geometry":{"type":"Polygon","coordinates":[[[-99.14704,19.45671],[-99.14714,19.45637],[-99.14759,19.45645],[-99.1479,19.45514],[-99.14739,19.45503],[-99.14749,19.45463],[-99.14912,19.45502],[-99.14875,19.45639],[-99.14967,19.45663],[-99.1488,19.4572],[-99.14704,19.45671]]]}},{"type":"Feature","properties":{"ageb_code":"0901500010220","cvegeo":"0901500010220","alcaldia":"Cuauhtémoc","centroid_lat":19.45598,"centroid_lng":-99.14705},"geometry":{"type":"Polygon","coordinates":[[[-99.14629,19.45654],[-99.14657,19.45499],[-99.1479,19.45514],[-99.14759,19.45645],[-99.14714,19.45637],[-99.14704,19.45671],[-99.14629,19.45654]]]}},{"type":"Feature","properties":{"ageb_code":"0901500010235","cvegeo":"0901500010235","alcaldia":"Cuauhtémoc","centroid_lat":19.45529,"centroid_lng":-99.14582},"geometry":{"type":"Polygon","coordinates":[[[-99.14495,19.45625],[-99.14536,19.45425],[-99.14639,19.45447],[-99.14632,19.45479],[-99.14669,19.45487],[-99.14629,19.45654],[-99.14495,19.45625]]]}},{"type":"Feature","properties":{"ageb_code":"090150001024A","cvegeo":"090150001024A","alcaldia":"Cuauhtémoc","centroid_lat":19.45469,"centroid_lng":-99.14437},"geometry":{"type":"Polygon","coordinates":[[[-99.14318,19.45585],[-99.14367,19.45392],[-99.14536,19.45425],[-99.14495,19.45625],[-99.14318,19.45585]]]}},{"type":"Feature","properties":{"ageb_code":"0901500010254","cvegeo":"0901500010254","alcaldia":"Cuauhtémoc","centroid_lat":19.45451,"centroid_lng":-99.1429},"geometry":{"type":"Polygon","coordinates":[[[-99.14214,19.45509],[-99.14246,19.4537],[-99.14367,19.45392],[-99.14318,19.45585],[-99.14229,19.45564],[-99.14241,19.45516],[-99.14214,19.45509]]]}},{"type":"Feature","properties":{"ageb_code":"0901500010269","cvegeo":"0901500010269","alcaldia":"Cuauhtémoc","centroid_lat":19.45449,"centroid_lng":-99.14146},"geometry":{"type":"Polygon","coordinates":[[[-99.14039,19.45523],[-99.14094,19.4536],[-99.14246,19.4537],[-99.14214,19.45509],[-99.14241,19.45516],[-99.14229,19.45564],[-99.14039,19.45523]]]}},{"type":"Feature","properties":{"ageb_code":"0901500010273","cvegeo":"0901500010273","alcaldia":"Cuauhtémoc","centroid_lat":19.45435,"centroid_lng":-99.13952},"geometry":{"type":"Polygon","coordinates":[[[-99.13836,19.45473],[-99.13835,19.45306],[-99.13963,19.45324],[-99.14006,19.45387],[-99.14082,19.45389],[-99.14039,19.45523],[-99.13836,19.45473]]]}},{"type":"Feature","properties":{"ageb_code":"0901500010288","cvegeo":"0901500010288","alcaldia":"Cuauhtémoc","centroid_lat":19.45379,"centroid_lng":-99.13766},"geometry":{"type":"Polygon","coordinates":[[[-99.1366,19.45347],[-99.13668,19.45315],[-99.13744,19.45333],[-99.13754,19.45299],[-99.13835,19.45306],[-99.13836,19.45473],[-99.13682,19.45439],[-99.13703,19.45357],[-99.1366,19.45347]]]}},{"type":"Feature","properties":{"ageb_code":"0901500010292","cvegeo":"0901500010292","alcaldia":"Cuauhtémoc","centroid_lat":19.45331,"centroid_lng":-99.13596},"geometry":{"type":"Polygon","coordinates":[[[-99.13509,19.454],[-99.13554,19.4523],[-99.13679,19.45262],[-99.1366,19.45347],[-99.13703,19.45357],[-99.13682,19.45439],[-99.13509,19.454]]]}},{"type":"Feature","properties":{"ageb_code":"0901500010305","cvegeo":"0901500010305","alcaldia":"Cuauhtémoc","centroid_lat":19.45308,"centroid_lng":-99.13449},"geometry":{"type":"Polygon","coordinates":[[[-99.1336,19.45323],[-99.13369,19.45287],[-99.13401,19.45294],[-99.13422,19.45198],[-99.13554,19.4523],[-99.13509,19.454],[-99.13397,19.45375],[-99.13408,19.45333],[-99.1336,19.45323]]]}},{"type":"Feature","properties":{"ageb_code":"090150001031A","cvegeo":"090150001031A","alcaldia":"Cuauhtémoc","centroid_lat":19.45179,"centroid_lng":-99.13346},"geometry":{"type":"Polygon","coordinates":[[[-99.13266,19.45303],[-99.13292,19.45198],[-99.13263,19.45193],[-99.13271,19.45166],[-99.13221,19.45142],[-99.13287,19.45058],[-99.13362,19.45071],[-99.13347,19.45137],[-99.1343,19.45156],[-99.13401,19.45294],[-99.13369,19.45287],[-99.1336,19.45323],[-99.13266,19.45303]]]}},{"type":"Feature","properties":{"ageb_code":"0901500010324","cvegeo":"0901500010324","alcaldia":"Cuauhtémoc","centroid_lat":19.45261,"centroid_lng":-99.13202},"geometry":{"type":"Polygon","coordinates":[[[-99.13089,19.45311],[-99.13221,19.45142],[-99.13271,19.45166],[-99.13263,19.45193],[-99.13292,19.45198],[-99.13266,19.45303],[-99.13408,19.45333],[-99.13397,19.45375],[-99.13089,19.45311]]]}},{"type":"Feature","properties":{"ageb_code":"0901500010339","cvegeo":"0901500010339","alcaldia":"Cuauhtémoc","centroid_lat":19.45027,"centroid_lng":-99.13155},"geometry":{"type":"Polygon","coordinates":[[[-99.13529,19.44792],[-99.13385,19.44938],[-99.13089,19.45311],[-99.12967,19.45293],[-99.13034,19.44718],[-99.13425,19.44769],[-99.13482,19.44753],[-99.13517,19.44766],[-99.13529,19.44792]]]}},{"type":"Feature","properties":{"ageb_code":"0901500010343","cvegeo":"0901500010343","alcaldia":"Cuauhtémoc","centroid_lat":19.44789,"centroid_lng":-99.12892},"geometry":{"type":"Polygon","coordinates":[[[-99.1284,19.44576],[-99.12875,19.44309],[-99.1308,19.44322],[-99.12967,19.45293],[-99.12664,19.45234],[-99.12793,19.44567],[-99.1284,19.44576]]]}},{"type":"Feature","properties":{"ageb_code":"0901500010358","cvegeo":"0901500010358","alcaldia":"Cuauhtémoc","centroid_lat":19.44751,"centroid_lng":-99.12675},"geometry":{"type":"Polygon","coordinates":[[[-99.12478,19.45201],[-99.12548,19.4502],[-99.12593,19.44762],[-99.12378,19.44357],[-99.12311,19.44266],[-99.12875,19.44309],[-99.1284,19.44576],[-99.12793,19.44567],[-99.12664,19.45234],[-99.12478,19.45201]]]}},{"type":"Feature","properties":{"ageb_code":"0901500010362","cvegeo":"0901500010362","alcaldia":"Cuauhtémoc","centroid_lat":19.45388,"centroid_lng":-99.14747},"geometry":{"type":"Polygon","coordinates":[[[-99.14665,19.45501],[-99.14685,19.45416],[-99.14655,19.4541],[-99.14669,19.45351],[-99.14744,19.45367],[-99.14759,19.45301],[-99.14848,19.45329],[-99.14812,19.45478],[-99.14749,19.45463],[-99.14739,19.45503],[-99.14665,19.45501]]]}},{"type":"Feature","properties":{"ageb_code":"0901500010377","cvegeo":"0901500010377","alcaldia":"Cuauhtémoc","centroid_lat":19.45359,"centroid_lng":-99.14609},"geometry":{"type":"Polygon","coordinates":[[[-99.14536,19.45425],[-99.14578,19.45246],[-99.14759,19.45301],[-99.14744,19.45367],[-99.14669,19.45351],[-99.14655,19.4541],[-99.14685,19.45416],[-99.14669,19.45487],[-99.14632,19.45479],[-99.14639,19.45447],[-99.14536,19.45425]]]}},{"type":"Feature","properties":{"ageb_code":"0901500010381","cvegeo":"0901500010381","alcaldia":"Cuauhtémoc","centroid_lat":19.4529,"centroid_lng":-99.14494},"geometry":{"type":"Polygon","coordinates":[[[-99.14316,19.45383],[-99.14326,19.45334],[-99.14403,19.45352],[-99.14445,19.45206],[-99.14578,19.45246],[-99.14536,19.45425],[-99.14316,19.45383]]]}},{"type":"Feature","properties":{"ageb_code":"0901500010396","cvegeo":"0901500010396","alcaldia":"Cuauhtémoc","centroid_lat":19.4529,"centroid_lng":-99.14342},"geometry":{"type":"Polygon","coordinates":[[[-99.14246,19.4537],[-99.14273,19.45246],[-99.14244,19.45236],[-99.14264,19.45153],[-99.14445,19.45206],[-99.14403,19.45352],[-99.14326,19.45334],[-99.14316,19.45383],[-99.14246,19.4537]]]}},{"type":"Feature","properties":{"ageb_code":"0901500010409","cvegeo":"0901500010409","alcaldia":"Cuauhtémoc","centroid_lat":19.45241,"centroid_lng":-99.14192},"geometry":{"type":"Polygon","coordinates":[[[-99.14094,19.4536],[-99.14126,19.45236],[-99.14112,19.45178],[-99.14124,19.45116],[-99.14264,19.45153],[-99.14244,19.45236],[-99.14273,19.45246],[-99.14246,19.4537],[-99.14094,19.4536]]]}},{"type":"Feature","properties":{"ageb_code":"0901500010413","cvegeo":"0901500010413","alcaldia":"Cuauhtémoc","centroid_lat":19.45254,"centroid_lng":-99.14056},"geometry":{"type":"Polygon","coordinates":[[[-99.13969,19.45191],[-99.13973,19.45173],[-99.14046,19.45189],[-99.14069,19.45097],[-99.14124,19.45116],[-99.14112,19.45178],[-99.14126,19.45236],[-99.14082,19.45389],[-99.14028,19.45396],[-99.13969,19.45346],[-99.1397,19.45266],[-99.1402,19.45237],[-99.1403,19.45205],[-99.13969,19.45191]]]}},{"type":"Feature","properties":{"ageb_code":"0901500010428","cvegeo":"0901500010428","alcaldia":"Cuauhtémoc","centroid_lat":19.45139,"centroid_lng":-99.13948},"geometry":{"type":"Polygon","coordinates":[[[-99.13923,19.45325],[-99.13835,19.45306],[-99.13841,19.44993],[-99.14069,19.45097],[-99.14046,19.45189],[-99.13973,19.45173],[-99.13969,19.45191],[-99.1403,19.45205],[-99.1402,19.45237],[-99.1397,19.45266],[-99.13963,19.45324],[-99.13926,19.45314],[-99.13923,19.45325]]]}},{"type":"Feature","properties":{"ageb_code":"0901500010432","cvegeo":"0901500010432","alcaldia":"Cuauhtémoc","centroid_lat":19.45138,"centroid_lng":-99.13709},"geometry":{"type":"Polygon","coordinates":[[[-99.13668,19.45315],[-99.13679,19.45262],[-99.1354,19.45226],[-99.13544,19.45206],[-99.13562,19.4521],[-99.13647,19.44901],[-99.13841,19.44993],[-99.13835,19.45306],[-99.13754,19.45299],[-99.13744,19.45333],[-99.13668,19.45315]]]}},{"type":"Feature","properties":{"ageb_code":"0901500010447","cvegeo":"0901500010447","alcaldia":"Cuauhtémoc","centroid_lat":19.45086,"centroid_lng":-99.1353},"geometry":{"type":"Polygon","coordinates":[[[-99.13544,19.45206],[-99.1354,19.45226],[-99.13422,19.45198],[-99.1348,19.4502],[-99.13606,19.45047],[-99.13562,19.4521],[-99.13544,19.45206]]]}},{"type":"Feature","properties":{"ageb_code":"0901500010451","cvegeo":"0901500010451","alcaldia":"Cuauhtémoc","centroid_lat":19.44979,"centroid_lng":-99.13488},"geometry":{"type":"Polygon","coordinates":[[[-99.13347,19.45137],[-99.13362,19.45071],[-99.13287,19.45058],[-99.13529,19.44778],[-99.13544,19.44814],[-99.13537,19.4485],[-99.13647,19.44901],[-99.13606,19.45047],[-99.1348,19.4502],[-99.13454,19.45127],[-99.13437,19.45124],[-99.1343,19.45156],[-99.13347,19.45137]]]}},{"type":"Feature","properties":{"ageb_code":"0901500010466","cvegeo":"0901500010466","alcaldia":"Cuauhtémoc","centroid_lat":19.45216,"centroid_lng":-99.16067},"geometry":{"type":"Polygon","coordinates":[[[-99.16104,19.45535],[-99.16143,19.45323],[-99.15705,19.45249],[-99.15772,19.44885],[-99.16433,19.44998],[-99.1642,19.45268],[-99.16382,19.45582],[-99.16104,19.45535]]]}},{"type":"Feature","properties":{"ageb_code":"0901500010470","cvegeo":"0901500010470","alcaldia":"Cuauhtémoc","centroid_lat":19.45363,"centroid_lng":-99.15665},"geometry":{"type":"Polygon","coordinates":[[[-99.15187,19.45404],[-99.15227,19.4517],[-99.16143,19.45323],[-99.16104,19.45535],[-99.15187,19.45404]]]}},{"type":"Feature","properties":{"ageb_code":"0901500010485","cvegeo":"0901500010485","alcaldia":"Cuauhtémoc","centroid_lat":19.44845,"centroid_lng":-99.15533},"geometry":{"type":"Polygon","coordinates":[[[-99.15338,19.44567],[-99.15396,19.44443],[-99.15846,19.44522],[-99.15705,19.45249],[-99.15227,19.4517],[-99.15338,19.44567]]]}},{"type":"Feature","properties":{"ageb_code":"090150001049A","cvegeo":"090150001049A","alcaldia":"Cuauhtémoc","centroid_lat":19.44646,"centroid_lng":-99.1518},"geometry":{"type":"Polygon","coordinates":[[[-99.14401,19.45192],[-99.14516,19.45155],[-99.14735,19.45193],[-99.14757,19.45105],[-99.14946,19.45134],[-99.14976,19.44963],[-99.14948,19.44945],[-99.14991,19.44892],[-99.15087,19.44388],[-99.15053,19.44383],[-99.15221,19.43857],[-99.15339,19.43887],[-99.15569,19.43981],[-99.15494,19.44147],[-99.15432,19.44365],[-99.15338,19.44567],[-99.15187,19.45404],[-99.14948,19.45361],[-99.14401,19.45192]]]}},{"type":"Feature","properties":{"ageb_code":"0901500010502","cvegeo":"0901500010502","alcaldia":"Cuauhtémoc","centroid_lat":19.44781,"centroid_lng":-99.14851},"geometry":{"type":"Polygon","coordinates":[[[-99.14596,19.45167],[-99.14783,19.44341],[-99.15087,19.44388],[-99.14991,19.44892],[-99.14948,19.44945],[-99.14976,19.44963],[-99.14946,19.45134],[-99.14757,19.45105],[-99.14735,19.45193],[-99.14596,19.45167]]]}},{"type":"Feature","properties":{"ageb_code":"0901500010517","cvegeo":"0901500010517","alcaldia":"Cuauhtémoc","centroid_lat":19.44972,"centroid_lng":-99.144},"geometry":{"type":"Polygon","coordinates":[[[-99.14401,19.45192],[-99.14124,19.45116],[-99.14207,19.44729],[-99.14685,19.44802],[-99.14596,19.45167],[-99.14516,19.45155],[-99.14401,19.45192]]]}},{"type":"Feature","properties":{"ageb_code":"0901500010521","cvegeo":"0901500010521","alcaldia":"Cuauhtémoc","centroid_lat":19.44781,"centroid_lng":-99.13864},"geometry":{"type":"Polygon","coordinates":[[[-99.13896,19.44454],[-99.13922,19.44479],[-99.13892,19.44668],[-99.14161,19.44698],[-99.14207,19.44729],[-99.14124,19.45116],[-99.13537,19.4485],[-99.13544,19.44814],[-99.13529,19.44778],[-99.13896,19.44454]]]}},{"type":"Feature","properties":{"ageb_code":"0901500010536","cvegeo":"0901500010536","alcaldia":"Cuauhtémoc","centroid_lat":19.44417,"centroid_lng":-99.13741},"geometry":{"type":"Polygon","coordinates":[[[-99.13975,19.44404],[-99.13882,19.44461],[-99.13529,19.44778],[-99.13482,19.44753],[-99.13527,19.44323],[-99.13535,19.44076],[-99.13988,19.44089],[-99.13959,19.44278],[-99.13873,19.44392],[-99.13975,19.44404]]]}},{"type":"Feature","properties":{"ageb_code":"0901500010540","cvegeo":"0901500010540","alcaldia":"Cuauhtémoc","centroid_lat":19.44472,"centroid_lng":-99.13288},"geometry":{"type":"Polygon","coordinates":[[[-99.13482,19.44753],[-99.13425,19.44769],[-99.13034,19.44718],[-99.13091,19.44228],[-99.13404,19.44248],[-99.13412,19.44173],[-99.13533,19.44187],[-99.13482,19.44753]]]}},{"type":"Feature","properties":{"ageb_code":"0901500010555","cvegeo":"0901500010555","alcaldia":"Cuauhtémoc","centroid_lat":19.44747,"centroid_lng":-99.16143},"geometry":{"type":"Polygon","coordinates":[[[-99.15772,19.44885],[-99.15846,19.44522],[-99.16504,19.4467],[-99.16433,19.44998],[-99.15772,19.44885]]]}},{"type":"Feature","properties":{"ageb_code":"090150001056A","cvegeo":"090150001056A","alcaldia":"Cuauhtémoc","centroid_lat":19.44538,"centroid_lng":-99.1455},"geometry":{"type":"Polygon","coordinates":[[[-99.14316,19.4475],[-99.14411,19.44277],[-99.14783,19.44341],[-99.14685,19.44802],[-99.14316,19.4475]]]}},{"type":"Feature","properties":{"ageb_code":"0901500010574","cvegeo":"0901500010574","alcaldia":"Cuauhtémoc","centroid_lat":19.44382,"centroid_lng":-99.14189},"geometry":{"type":"Polygon","coordinates":[[[-99.13997,19.44356],[-99.14375,19.44019],[-99.14381,19.4407],[-99.14451,19.44098],[-99.14316,19.4475],[-99.14207,19.44729],[-99.14161,19.44698],[-99.13892,19.44668],[-99.13922,19.44479],[-99.13906,19.4445],[-99.13951,19.4443],[-99.13997,19.44356]]]}},{"type":"Feature","properties":{"ageb_code":"0901500010589","cvegeo":"0901500010589","alcaldia":"Cuauhtémoc","centroid_lat":19.44053,"centroid_lng":-99.12545},"geometry":{"type":"Polygon","coordinates":[[[-99.1308,19.44322],[-99.12311,19.44266],[-99.12376,19.4375],[-99.12546,19.43763],[-99.1251,19.44017],[-99.12762,19.4402],[-99.12747,19.44197],[-99.13091,19.44228],[-99.1308,19.44322]]]}},{"type":"Feature","properties":{"ageb_code":"0901500010593","cvegeo":"0901500010593","alcaldia":"Cuauhtémoc","centroid_lat":19.4441,"centroid_lng":-99.16222},"geometry":{"type":"Polygon","coordinates":[[[-99.15846,19.44522],[-99.15951,19.44137],[-99.16208,19.44241],[-99.16481,19.44306],[-99.16578,19.44365],[-99.16504,19.4467],[-99.15846,19.44522]]]}},{"type":"Feature","properties":{"ageb_code":"0901500010606","cvegeo":"0901500010606","alcaldia":"Cuauhtémoc","centroid_lat":19.44239,"centroid_lng":-99.15695},"geometry":{"type":"Polygon","coordinates":[[[-99.15396,19.44443],[-99.15569,19.43981],[-99.15951,19.44137],[-99.15846,19.44522],[-99.15396,19.44443]]]}},{"type":"Feature","properties":{"ageb_code":"0901500010610","cvegeo":"0901500010610","alcaldia":"Cuauhtémoc","centroid_lat":19.44076,"centroid_lng":-99.14877},"geometry":{"type":"Polygon","coordinates":[[[-99.14411,19.44277],[-99.14451,19.44098],[-99.14596,19.44122],[-99.14671,19.4374],[-99.14917,19.43789],[-99.1489,19.43911],[-99.15181,19.43977],[-99.15053,19.44383],[-99.14411,19.44277]]]}},{"type":"Feature","properties":{"ageb_code":"0901500010625","cvegeo":"0901500010625","alcaldia":"Cuauhtémoc","centroid_lat":19.43901,"centroid_lng":-99.14494},"geometry":{"type":"Polygon","coordinates":[[[-99.1432,19.43989],[-99.144,19.43678],[-99.14671,19.4374],[-99.14596,19.44122],[-99.14451,19.44098],[-99.14381,19.4407],[-99.14375,19.44019],[-99.1432,19.43989]]]}},{"type":"Feature","properties":{"ageb_code":"090150001063A","cvegeo":"090150001063A","alcaldia":"Cuauhtémoc","centroid_lat":19.43887,"centroid_lng":-99.14181},"geometry":{"type":"Polygon","coordinates":[[[-99.13959,19.44278],[-99.14088,19.43412],[-99.14209,19.43433],[-99.14174,19.43635],[-99.144,19.43678],[-99.1432,19.43989],[-99.14375,19.44019],[-99.13997,19.44356],[-99.13975,19.44404],[-99.13873,19.44392],[-99.13959,19.44278]]]}},{"type":"Feature","properties":{"ageb_code":"0901500010644","cvegeo":"0901500010644","alcaldia":"Cuauhtémoc","centroid_lat":19.43942,"centroid_lng":-99.13565},"geometry":{"type":"Polygon","coordinates":[[[-99.13091,19.44228],[-99.13159,19.43656],[-99.14031,19.43774],[-99.13988,19.44089],[-99.13535,19.44076],[-99.13533,19.44187],[-99.13412,19.44173],[-99.13404,19.44248],[-99.13091,19.44228]]]}},{"type":"Feature","properties":{"ageb_code":"0901500010659","cvegeo":"0901500010659","alcaldia":"Cuauhtémoc","centroid_lat":19.43947,"centroid_lng":-99.12822},"geometry":{"type":"Polygon","coordinates":[[[-99.13159,19.43656],[-99.13091,19.44228],[-99.12747,19.44197],[-99.12762,19.4402],[-99.1251,19.44017],[-99.12546,19.43763],[-99.12925,19.43805],[-99.12951,19.43628],[-99.13159,19.43656]]]}},{"type":"Feature","properties":{"ageb_code":"0901500010663","cvegeo":"0901500010663","alcaldia":"Cuauhtémoc","centroid_lat":19.43579,"centroid_lng":-99.12577},"geometry":{"type":"Polygon","coordinates":[[[-99.12925,19.43805],[-99.12376,19.4375],[-99.12433,19.43392],[-99.12768,19.43432],[-99.12747,19.436],[-99.12951,19.43628],[-99.12925,19.43805]]]}},{"type":"Feature","properties":{"ageb_code":"0901500010678","cvegeo":"0901500010678","alcaldia":"Cuauhtémoc","centroid_lat":19.43911,"centroid_lng":-99.16579},"geometry":{"type":"Polygon","coordinates":[[[-99.16262,19.44255],[-99.16483,19.43435],[-99.16968,19.43633],[-99.16849,19.43815],[-99.16578,19.44365],[-99.16481,19.44306],[-99.16262,19.44255]]]}},{"type":"Feature","properties":{"ageb_code":"0901500010682","cvegeo":"0901500010682","alcaldia":"Cuauhtémoc","centroid_lat":19.4381,"centroid_lng":-99.16269},"geometry":{"type":"Polygon","coordinates":[[[-99.16145,19.43846],[-99.16278,19.43344],[-99.16483,19.43435],[-99.16262,19.44255],[-99.16047,19.44176],[-99.16145,19.43846]]]}},{"type":"Feature","properties":{"ageb_code":"0901500010697","cvegeo":"0901500010697","alcaldia":"Cuauhtémoc","centroid_lat":19.43693,"centroid_lng":-99.1594},"geometry":{"type":"Polygon","coordinates":[[[-99.159,19.43229],[-99.16259,19.43377],[-99.16145,19.43846],[-99.16047,19.44176],[-99.15569,19.43981],[-99.159,19.43229]]]}},{"type":"Feature","properties":{"ageb_code":"090150001070A","cvegeo":"090150001070A","alcaldia":"Cuauhtémoc","centroid_lat":19.4362,"centroid_lng":-99.15516},"geometry":{"type":"Polygon","coordinates":[[[-99.15569,19.43981],[-99.15339,19.43887],[-99.15422,19.4367],[-99.15307,19.4365],[-99.153,19.4359],[-99.15324,19.43532],[-99.15439,19.43547],[-99.15464,19.43388],[-99.15546,19.43398],[-99.159,19.43229],[-99.15569,19.43981]]]}},{"type":"Feature","properties":{"ageb_code":"0901500010714","cvegeo":"0901500010714","alcaldia":"Cuauhtémoc","centroid_lat":19.43757,"centroid_lng":-99.15158},"geometry":{"type":"Polygon","coordinates":[[[-99.1489,19.43911],[-99.14967,19.43584],[-99.15025,19.43559],[-99.153,19.4359],[-99.15307,19.4365],[-99.15422,19.4367],[-99.15339,19.43887],[-99.15221,19.43857],[-99.15181,19.43977],[-99.1489,19.43911]]]}},{"type":"Feature","properties":{"ageb_code":"0901500010729","cvegeo":"0901500010729","alcaldia":"Cuauhtémoc","centroid_lat":19.43431,"centroid_lng":-99.15344},"geometry":{"type":"Polygon","coordinates":[[[-99.14935,19.4357],[-99.15444,19.43327],[-99.15429,19.4331],[-99.15456,19.43279],[-99.155,19.43271],[-99.15524,19.43288],[-99.1599,19.43071],[-99.159,19.43229],[-99.15546,19.43398],[-99.15464,19.43388],[-99.15439,19.43547],[-99.15324,19.43532],[-99.153,19.4359],[-99.15025,19.43559],[-99.14967,19.43584],[-99.14917,19.43789],[-99.14671,19.4374],[-99.14935,19.4357]]]}},{"type":"Feature","properties":{"ageb_code":"0901500010733","cvegeo":"0901500010733","alcaldia":"Cuauhtémoc","centroid_lat":19.43534,"centroid_lng":-99.14409},"geometry":{"type":"Polygon","coordinates":[[[-99.14175,19.43626],[-99.14209,19.43433],[-99.14632,19.43506],[-99.1462,19.43583],[-99.1472,19.43594],[-99.1478,19.43291],[-99.15056,19.4333],[-99.14975,19.43553],[-99.14671,19.4374],[-99.14175,19.43626]]]}},{"type":"Feature","properties":{"ageb_code":"0901500010748","cvegeo":"0901500010748","alcaldia":"Cuauhtémoc","centroid_lat":19.43335,"centroid_lng":-99.14436},"geometry":{"type":"Polygon","coordinates":[[[-99.14632,19.43506],[-99.14088,19.43412],[-99.14145,19.43029],[-99.14812,19.43126],[-99.1472,19.43594],[-99.1462,19.43583],[-99.14632,19.43506]]]}},{"type":"Feature","properties":{"ageb_code":"0901500010752","cvegeo":"0901500010752","alcaldia":"Cuauhtémoc","centroid_lat":19.43603,"centroid_lng":-99.13404},"geometry":{"type":"Polygon","coordinates":[[[-99.13206,19.43486],[-99.14062,19.43606],[-99.14031,19.43774],[-99.12747,19.436],[-99.12768,19.43432],[-99.13076,19.43468],[-99.1308,19.43438],[-99.1311,19.43441],[-99.13113,19.43428],[-99.13211,19.43438],[-99.13206,19.43486]]]}},{"type":"Feature","properties":{"ageb_code":"0901500010767","cvegeo":"0901500010767","alcaldia":"Cuauhtémoc","centroid_lat":19.43415,"centroid_lng":-99.13851},"geometry":{"type":"Polygon","coordinates":[[[-99.13594,19.43539],[-99.13644,19.43219],[-99.14109,19.43281],[-99.14062,19.43606],[-99.13594,19.43539]]]}},{"type":"Feature","properties":{"ageb_code":"0901500010771","cvegeo":"0901500010771","alcaldia":"Cuauhtémoc","centroid_lat":19.43275,"centroid_lng":-99.13213},"geometry":{"type":"Polygon","coordinates":[[[-99.13202,19.43438],[-99.13113,19.43428],[-99.1311,19.43441],[-99.1308,19.43438],[-99.13076,19.43468],[-99.12768,19.43432],[-99.12827,19.43017],[-99.13233,19.43077],[-99.13233,19.43173],[-99.13644,19.43219],[-99.13594,19.43539],[-99.13206,19.43486],[-99.13202,19.43438]]]}},{"type":"Feature","properties":{"ageb_code":"0901500010786","cvegeo":"0901500010786","alcaldia":"Cuauhtémoc","centroid_lat":19.43217,"centroid_lng":-99.1263},"geometry":{"type":"Polygon","coordinates":[[[-99.12433,19.43392],[-99.12494,19.42978],[-99.12827,19.43017],[-99.12768,19.43432],[-99.12433,19.43392]]]}},{"type":"Feature","properties":{"ageb_code":"0901500010790","cvegeo":"0901500010790","alcaldia":"Cuauhtémoc","centroid_lat":19.43319,"centroid_lng":-99.16451},"geometry":{"type":"Polygon","coordinates":[[[-99.16968,19.43633],[-99.16278,19.43344],[-99.16259,19.43377],[-99.15904,19.43221],[-99.15927,19.43175],[-99.16065,19.43211],[-99.16081,19.4316],[-99.16172,19.43184],[-99.16591,19.42987],[-99.16642,19.43084],[-99.16628,19.43119],[-99.16661,19.4313],[-99.16821,19.43418],[-99.17058,19.43489],[-99.16968,19.43633]]]}},{"type":"Feature","properties":{"ageb_code":"0901500010803","cvegeo":"0901500010803","alcaldia":"Cuauhtémoc","centroid_lat":19.43097,"centroid_lng":-99.15848},"geometry":{"type":"Polygon","coordinates":[[[-99.14975,19.43553],[-99.15056,19.4333],[-99.15212,19.43353],[-99.15293,19.43149],[-99.15414,19.43188],[-99.15476,19.4319],[-99.15722,19.43111],[-99.15751,19.43119],[-99.15804,19.42947],[-99.15814,19.4295],[-99.15806,19.42935],[-99.16413,19.42648],[-99.16506,19.42828],[-99.16406,19.42869],[-99.16359,19.42855],[-99.16346,19.42901],[-99.15524,19.43288],[-99.155,19.43271],[-99.15456,19.43279],[-99.15429,19.4331],[-99.15444,19.43327],[-99.14975,19.43553]]]}},{"type":"Feature","properties":{"ageb_code":"0901500010818","cvegeo":"0901500010818","alcaldia":"Cuauhtémoc","centroid_lat":19.43097,"centroid_lng":-99.13684},"geometry":{"type":"Polygon","coordinates":[[[-99.14109,19.43281],[-99.13233,19.43173],[-99.13254,19.42906],[-99.14145,19.43029],[-99.14109,19.43281]]]}},{"type":"Feature","properties":{"ageb_code":"0901500010822","cvegeo":"0901500010822","alcaldia":"Cuauhtémoc","centroid_lat":19.43144,"centroid_lng":-99.16916},"geometry":{"type":"Polygon","coordinates":[[[-99.16821,19.43418],[-99.16661,19.4313],[-99.16628,19.43119],[-99.16642,19.43084],[-99.16591,19.42987],[-99.16987,19.428],[-99.17221,19.4324],[-99.17058,19.43489],[-99.16821,19.43418]]]}},{"type":"Feature","properties":{"ageb_code":"0901500010837","cvegeo":"0901500010837","alcaldia":"Cuauhtémoc","centroid_lat":19.43007,"centroid_lng":-99.16337},"geometry":{"type":"Polygon","coordinates":[[[-99.15927,19.43175],[-99.1599,19.43071],[-99.16346,19.42901],[-99.16343,19.42875],[-99.16364,19.42853],[-99.16406,19.42869],[-99.16506,19.42828],[-99.16591,19.42987],[-99.16172,19.43184],[-99.16081,19.4316],[-99.16065,19.43211],[-99.15927,19.43175]]]}},{"type":"Feature","properties":{"ageb_code":"0901500010841","cvegeo":"0901500010841","alcaldia":"Cuauhtémoc","centroid_lat":19.427,"centroid_lng":-99.15868},"geometry":{"type":"Polygon","coordinates":[[[-99.15804,19.42947],[-99.1553,19.42874],[-99.15659,19.4252],[-99.16008,19.42443],[-99.16177,19.42759],[-99.15804,19.42947]]]}},{"type":"Feature","properties":{"ageb_code":"0901500010856","cvegeo":"0901500010856","alcaldia":"Cuauhtémoc","centroid_lat":19.42935,"centroid_lng":-99.1549},"geometry":{"type":"Polygon","coordinates":[[[-99.15056,19.4333],[-99.15366,19.42585],[-99.15659,19.4252],[-99.1553,19.42874],[-99.15804,19.42947],[-99.15751,19.43119],[-99.15722,19.43111],[-99.15476,19.4319],[-99.15414,19.43188],[-99.15293,19.43149],[-99.15212,19.43353],[-99.15056,19.4333]]]}},{"type":"Feature","properties":{"ageb_code":"0901500010860","cvegeo":"0901500010860","alcaldia":"Cuauhtémoc","centroid_lat":19.42947,"centroid_lng":-99.15034},"geometry":{"type":"Polygon","coordinates":[[[-99.1478,19.43291],[-99.14896,19.42713],[-99.14829,19.4273],[-99.14741,19.42723],[-99.14727,19.42661],[-99.14741,19.42537],[-99.15366,19.42585],[-99.15056,19.4333],[-99.1478,19.43291]]]}},{"type":"Feature","properties":{"ageb_code":"0901500010875","cvegeo":"0901500010875","alcaldia":"Cuauhtémoc","centroid_lat":19.42847,"centroid_lng":-99.14523},"geometry":{"type":"Polygon","coordinates":[[[-99.14145,19.43029],[-99.1425,19.42471],[-99.14741,19.42537],[-99.14727,19.42661],[-99.14741,19.42723],[-99.14829,19.4273],[-99.14896,19.42713],[-99.14812,19.43126],[-99.14145,19.43029]]]}},{"type":"Feature","properties":{"ageb_code":"090150001088A","cvegeo":"090150001088A","alcaldia":"Cuauhtémoc","centroid_lat":19.42828,"centroid_lng":-99.13941},"geometry":{"type":"Polygon","coordinates":[[[-99.13681,19.42966],[-99.13734,19.42629],[-99.14142,19.42669],[-99.14201,19.42691],[-99.14145,19.43029],[-99.13681,19.42966]]]}},{"type":"Feature","properties":{"ageb_code":"0901500010894","cvegeo":"0901500010894","alcaldia":"Cuauhtémoc","centroid_lat":19.42762,"centroid_lng":-99.13495},"geometry":{"type":"Polygon","coordinates":[[[-99.13254,19.42906],[-99.13303,19.4259],[-99.13734,19.42629],[-99.13681,19.42966],[-99.13254,19.42906]]]}},{"type":"Feature","properties":{"ageb_code":"0901500010907","cvegeo":"0901500010907","alcaldia":"Cuauhtémoc","centroid_lat":19.42834,"centroid_lng":-99.13059},"geometry":{"type":"Polygon","coordinates":[[[-99.12827,19.43017],[-99.12885,19.42605],[-99.13017,19.42621],[-99.13118,19.42579],[-99.13303,19.4259],[-99.13233,19.43077],[-99.12827,19.43017]]]}},{"type":"Feature","properties":{"ageb_code":"0901500010911","cvegeo":"0901500010911","alcaldia":"Cuauhtémoc","centroid_lat":19.42804,"centroid_lng":-99.1269},"geometry":{"type":"Polygon","coordinates":[[[-99.12494,19.42978],[-99.12559,19.42555],[-99.12885,19.42605],[-99.12827,19.43017],[-99.12494,19.42978]]]}},{"type":"Feature","properties":{"ageb_code":"0901500010926","cvegeo":"0901500010926","alcaldia":"Cuauhtémoc","centroid_lat":19.42841,"centroid_lng":-99.17231},"geometry":{"type":"Polygon","coordinates":[[[-99.16987,19.428],[-99.1745,19.42582],[-99.17651,19.42483],[-99.17666,19.42518],[-99.17378,19.42955],[-99.17221,19.4324],[-99.16987,19.428]]]}},{"type":"Feature","properties":{"ageb_code":"0901500010930","cvegeo":"0901500010930","alcaldia":"Cuauhtémoc","centroid_lat":19.4266,"centroid_lng":-99.17069},"geometry":{"type":"Polygon","coordinates":[[[-99.16506,19.42828],[-99.16734,19.4272],[-99.16727,19.4269],[-99.16751,19.42661],[-99.16784,19.4266],[-99.16809,19.42684],[-99.17152,19.42524],[-99.17159,19.42494],[-99.17187,19.42508],[-99.17568,19.42334],[-99.17764,19.4236],[-99.17666,19.42518],[-99.17651,19.42483],[-99.16591,19.42987],[-99.16506,19.42828]]]}},{"type":"Feature","properties":{"ageb_code":"0901500010945","cvegeo":"0901500010945","alcaldia":"Cuauhtémoc","centroid_lat":19.42493,"centroid_lng":-99.16948},"geometry":{"type":"Polygon","coordinates":[[[-99.16506,19.42828],[-99.16413,19.42648],[-99.17444,19.42159],[-99.17526,19.42275],[-99.1751,19.42316],[-99.17568,19.42334],[-99.17187,19.42508],[-99.17159,19.42494],[-99.17152,19.42524],[-99.16809,19.42684],[-99.16784,19.4266],[-99.16751,19.42661],[-99.16727,19.4269],[-99.16734,19.4272],[-99.16506,19.42828]]]}},{"type":"Feature","properties":{"ageb_code":"090150001095A","cvegeo":"090150001095A","alcaldia":"Cuauhtémoc","centroid_lat":19.42509,"centroid_lng":-99.16373},"geometry":{"type":"Polygon","coordinates":[[[-99.16008,19.42443],[-99.16239,19.42389],[-99.16238,19.42338],[-99.16284,19.42302],[-99.16345,19.42318],[-99.16363,19.42371],[-99.16714,19.42278],[-99.16808,19.4246],[-99.16177,19.42759],[-99.16008,19.42443]]]}},{"type":"Feature","properties":{"ageb_code":"0901500010964","cvegeo":"0901500010964","alcaldia":"Cuauhtémoc","centroid_lat":19.42513,"centroid_lng":-99.13777},"geometry":{"type":"Polygon","coordinates":[[[-99.14142,19.42669],[-99.13303,19.4259],[-99.13334,19.42374],[-99.13426,19.42381],[-99.13449,19.42411],[-99.13699,19.42403],[-99.1425,19.42471],[-99.14201,19.42691],[-99.14142,19.42669]]]}},{"type":"Feature","properties":{"ageb_code":"0901500010979","cvegeo":"0901500010979","alcaldia":"Cuauhtémoc","centroid_lat":19.42471,"centroid_lng":-99.12945},"geometry":{"type":"Polygon","coordinates":[[[-99.13017,19.42621],[-99.12559,19.42555],[-99.12601,19.42287],[-99.13334,19.42374],[-99.13303,19.4259],[-99.13118,19.42579],[-99.13017,19.42621]]]}},{"type":"Feature","properties":{"ageb_code":"0901500010983","cvegeo":"0901500010983","alcaldia":"Cuauhtémoc","centroid_lat":19.42271,"centroid_lng":-99.16976},"geometry":{"type":"Polygon","coordinates":[[[-99.16714,19.42278],[-99.17546,19.42093],[-99.17642,19.42084],[-99.17627,19.42146],[-99.17551,19.42272],[-99.17526,19.42275],[-99.17444,19.42159],[-99.16808,19.4246],[-99.16714,19.42278]]]}},{"type":"Feature","properties":{"ageb_code":"0901500010998","cvegeo":"0901500010998","alcaldia":"Cuauhtémoc","centroid_lat":19.42125,"centroid_lng":-99.16756},"geometry":{"type":"Polygon","coordinates":[[[-99.16312,19.42302],[-99.16393,19.42029],[-99.16586,19.41989],[-99.16628,19.41954],[-99.16665,19.41967],[-99.16676,19.41989],[-99.17091,19.41892],[-99.17161,19.42174],[-99.16363,19.42371],[-99.16351,19.42326],[-99.16312,19.42302]]]}},{"type":"Feature","properties":{"ageb_code":"0901500011002","cvegeo":"0901500011002","alcaldia":"Cuauhtémoc","centroid_lat":19.42077,"centroid_lng":-99.16144},"geometry":{"type":"Polygon","coordinates":[[[-99.16,19.42445],[-99.15854,19.41849],[-99.16483,19.41727],[-99.16312,19.42302],[-99.16249,19.42322],[-99.16234,19.42354],[-99.16239,19.42389],[-99.16,19.42445]]]}},{"type":"Feature","properties":{"ageb_code":"0901500011017","cvegeo":"0901500011017","alcaldia":"Cuauhtémoc","centroid_lat":19.42195,"centroid_lng":-99.15671},"geometry":{"type":"Polygon","coordinates":[[[-99.15366,19.42585],[-99.15421,19.41935],[-99.15846,19.41843],[-99.16,19.42445],[-99.15366,19.42585]]]}},{"type":"Feature","properties":{"ageb_code":"0901500011036","cvegeo":"0901500011036","alcaldia":"Cuauhtémoc","centroid_lat":19.42209,"centroid_lng":-99.14573},"geometry":{"type":"Polygon","coordinates":[[[-99.1425,19.42471],[-99.14314,19.42233],[-99.14349,19.41885],[-99.14889,19.41931],[-99.14794,19.42377],[-99.14741,19.42537],[-99.1425,19.42471]]]}},{"type":"Feature","properties":{"ageb_code":"0901500011040","cvegeo":"0901500011040","alcaldia":"Cuauhtémoc","centroid_lat":19.42184,"centroid_lng":-99.1405},"geometry":{"type":"Polygon","coordinates":[[[-99.13758,19.42409],[-99.13826,19.41835],[-99.14349,19.41885],[-99.14314,19.42233],[-99.1425,19.42471],[-99.13758,19.42409]]]}},{"type":"Feature","properties":{"ageb_code":"0901500011055","cvegeo":"0901500011055","alcaldia":"Cuauhtémoc","centroid_lat":19.42122,"centroid_lng":-99.13584},"geometry":{"type":"Polygon","coordinates":[[[-99.13449,19.42411],[-99.13426,19.42381],[-99.13334,19.42374],[-99.1343,19.41796],[-99.13826,19.41835],[-99.13758,19.42409],[-99.13449,19.42411]]]}},{"type":"Feature","properties":{"ageb_code":"090150001106A","cvegeo":"090150001106A","alcaldia":"Cuauhtémoc","centroid_lat":19.4209,"centroid_lng":-99.13169},"geometry":{"type":"Polygon","coordinates":[[[-99.12922,19.42328],[-99.13,19.4176],[-99.1343,19.41796],[-99.13334,19.42374],[-99.12922,19.42328]]]}},{"type":"Feature","properties":{"ageb_code":"0901500011074","cvegeo":"0901500011074","alcaldia":"Cuauhtémoc","centroid_lat":19.41824,"centroid_lng":-99.1287},"geometry":{"type":"Polygon","coordinates":[[[-99.12601,19.42287],[-99.12714,19.42038],[-99.12815,19.41344],[-99.13066,19.41333],[-99.12922,19.42328],[-99.12601,19.42287]]]}},{"type":"Feature","properties":{"ageb_code":"0901500011089","cvegeo":"0901500011089","alcaldia":"Cuauhtémoc","centroid_lat":19.42003,"centroid_lng":-99.1739},"geometry":{"type":"Polygon","coordinates":[[[-99.1716,19.42168],[-99.17091,19.41892],[-99.17499,19.418],[-99.17674,19.42023],[-99.17642,19.42084],[-99.1716,19.42168]]]}},{"type":"Feature","properties":{"ageb_code":"0901500011093","cvegeo":"0901500011093","alcaldia":"Cuauhtémoc","centroid_lat":19.41845,"centroid_lng":-99.16764},"geometry":{"type":"Polygon","coordinates":[[[-99.16483,19.41727],[-99.17034,19.41628],[-99.17091,19.41892],[-99.16676,19.41989],[-99.16665,19.41967],[-99.16628,19.41954],[-99.16586,19.41989],[-99.16393,19.42029],[-99.16483,19.41727]]]}},{"type":"Feature","properties":{"ageb_code":"0901500011106","cvegeo":"0901500011106","alcaldia":"Cuauhtémoc","centroid_lat":19.41659,"centroid_lng":-99.16205},"geometry":{"type":"Polygon","coordinates":[[[-99.15939,19.41688],[-99.15911,19.41685],[-99.1589,19.41594],[-99.16533,19.41469],[-99.16546,19.41533],[-99.16483,19.41727],[-99.15974,19.41825],[-99.15939,19.41688]]]}},{"type":"Feature","properties":{"ageb_code":"0901500011110","cvegeo":"0901500011110","alcaldia":"Cuauhtémoc","centroid_lat":19.41549,"centroid_lng":-99.15679},"geometry":{"type":"Polygon","coordinates":[[[-99.15421,19.41935],[-99.15483,19.41177],[-99.15811,19.41168],[-99.15915,19.41589],[-99.1589,19.41594],[-99.15911,19.41685],[-99.15937,19.4168],[-99.15974,19.41825],[-99.15421,19.41935]]]}},{"type":"Feature","properties":{"ageb_code":"0901500011125","cvegeo":"0901500011125","alcaldia":"Cuauhtémoc","centroid_lat":19.41618,"centroid_lng":-99.15199},"geometry":{"type":"Polygon","coordinates":[[[-99.15418,19.41972],[-99.14889,19.41931],[-99.14984,19.41468],[-99.15127,19.41479],[-99.15474,19.41297],[-99.15418,19.41972]]]}},{"type":"Feature","properties":{"ageb_code":"090150001113A","cvegeo":"090150001113A","alcaldia":"Cuauhtémoc","centroid_lat":19.41665,"centroid_lng":-99.14656},"geometry":{"type":"Polygon","coordinates":[[[-99.14984,19.41468],[-99.14889,19.41931],[-99.14349,19.41885],[-99.14394,19.41424],[-99.14984,19.41468]]]}},{"type":"Feature","properties":{"ageb_code":"0901500011144","cvegeo":"0901500011144","alcaldia":"Cuauhtémoc","centroid_lat":19.41621,"centroid_lng":-99.14114},"geometry":{"type":"Polygon","coordinates":[[[-99.14394,19.41424],[-99.14349,19.41885],[-99.13826,19.41835],[-99.13884,19.41387],[-99.14394,19.41424]]]}},{"type":"Feature","properties":{"ageb_code":"0901500011159","cvegeo":"0901500011159","alcaldia":"Cuauhtémoc","centroid_lat":19.41576,"centroid_lng":-99.13662},"geometry":{"type":"Polygon","coordinates":[[[-99.1343,19.41796],[-99.13503,19.4132],[-99.13586,19.41365],[-99.13884,19.41387],[-99.13826,19.41835],[-99.1343,19.41796]]]}},{"type":"Feature","properties":{"ageb_code":"0901500011163","cvegeo":"0901500011163","alcaldia":"Cuauhtémoc","centroid_lat":19.41544,"centroid_lng":-99.13252},"geometry":{"type":"Polygon","coordinates":[[[-99.13499,19.4132],[-99.1343,19.41796],[-99.13,19.4176],[-99.13066,19.41333],[-99.13499,19.4132]]]}},{"type":"Feature","properties":{"ageb_code":"0901500011178","cvegeo":"0901500011178","alcaldia":"Cuauhtémoc","centroid_lat":19.41733,"centroid_lng":-99.17707},"geometry":{"type":"Polygon","coordinates":[[[-99.17499,19.418],[-99.17714,19.41415],[-99.17975,19.41555],[-99.17777,19.41929],[-99.17699,19.42013],[-99.17674,19.42023],[-99.17499,19.418]]]}},{"type":"Feature","properties":{"ageb_code":"0901500011182","cvegeo":"0901500011182","alcaldia":"Cuauhtémoc","centroid_lat":19.41622,"centroid_lng":-99.17326},"geometry":{"type":"Polygon","coordinates":[[[-99.17034,19.41628],[-99.17145,19.41593],[-99.17197,19.41537],[-99.17214,19.41464],[-99.17192,19.41377],[-99.17218,19.41342],[-99.17636,19.41553],[-99.17499,19.418],[-99.17091,19.41892],[-99.17034,19.41628]]]}},{"type":"Feature","properties":{"ageb_code":"0901500011197","cvegeo":"0901500011197","alcaldia":"Cuauhtémoc","centroid_lat":19.41321,"centroid_lng":-99.16982},"geometry":{"type":"Polygon","coordinates":[[[-99.17034,19.41628],[-99.168,19.41315],[-99.16833,19.41198],[-99.16887,19.41102],[-99.16939,19.41053],[-99.16984,19.41036],[-99.17035,19.41031],[-99.17102,19.41048],[-99.17289,19.41025],[-99.17155,19.41331],[-99.17218,19.41342],[-99.17192,19.41377],[-99.17214,19.41464],[-99.17208,19.41514],[-99.17169,19.41574],[-99.17034,19.41628]]]}},{"type":"Feature","properties":{"ageb_code":"090150001120A","cvegeo":"090150001120A","alcaldia":"Cuauhtémoc","centroid_lat":19.4144,"centroid_lng":-99.16737},"geometry":{"type":"Polygon","coordinates":[[[-99.16483,19.41727],[-99.16666,19.41151],[-99.16833,19.41198],[-99.168,19.41315],[-99.17034,19.41628],[-99.16483,19.41727]]]}},{"type":"Feature","properties":{"ageb_code":"0901500011214","cvegeo":"0901500011214","alcaldia":"Cuauhtémoc","centroid_lat":19.41394,"centroid_lng":-99.16228},"geometry":{"type":"Polygon","coordinates":[[[-99.15915,19.41589],[-99.15811,19.41168],[-99.15892,19.41166],[-99.16064,19.4127],[-99.16666,19.41151],[-99.16546,19.41533],[-99.16533,19.41469],[-99.15915,19.41589]]]}},{"type":"Feature","properties":{"ageb_code":"0901500011229","cvegeo":"0901500011229","alcaldia":"Cuauhtémoc","centroid_lat":19.40899,"centroid_lng":-99.15303},"geometry":{"type":"Polygon","coordinates":[[[-99.14984,19.41468],[-99.15148,19.40672],[-99.15102,19.40675],[-99.15122,19.40467],[-99.15007,19.40465],[-99.15021,19.40405],[-99.1554,19.40406],[-99.15474,19.41297],[-99.15127,19.41479],[-99.14984,19.41468]]]}},{"type":"Feature","properties":{"ageb_code":"0901500011233","cvegeo":"0901500011233","alcaldia":"Cuauhtémoc","centroid_lat":19.41215,"centroid_lng":-99.14725},"geometry":{"type":"Polygon","coordinates":[[[-99.15078,19.41005],[-99.14984,19.41468],[-99.14394,19.41424],[-99.14426,19.41115],[-99.14396,19.41095],[-99.1439,19.41066],[-99.14405,19.4104],[-99.14436,19.41029],[-99.14439,19.40982],[-99.14861,19.40986],[-99.15078,19.41005]]]}},{"type":"Feature","properties":{"ageb_code":"0901500011248","cvegeo":"0901500011248","alcaldia":"Cuauhtémoc","centroid_lat":19.4107,"centroid_lng":-99.14282},"geometry":{"type":"Polygon","coordinates":[[[-99.14426,19.41115],[-99.14394,19.41424],[-99.14127,19.41405],[-99.14222,19.40733],[-99.14464,19.40718],[-99.14436,19.41029],[-99.14405,19.4104],[-99.1439,19.41066],[-99.14396,19.41095],[-99.14426,19.41115]]]}},{"type":"Feature","properties":{"ageb_code":"0901500011252","cvegeo":"0901500011252","alcaldia":"Cuauhtémoc","centroid_lat":19.41086,"centroid_lng":-99.14045},"geometry":{"type":"Polygon","coordinates":[[[-99.13884,19.41387],[-99.13954,19.40753],[-99.14222,19.40733],[-99.14127,19.41405],[-99.13884,19.41387]]]}},{"type":"Feature","properties":{"ageb_code":"0901500011267","cvegeo":"0901500011267","alcaldia":"Cuauhtémoc","centroid_lat":19.41197,"centroid_lng":-99.13714},"geometry":{"type":"Polygon","coordinates":[[[-99.13922,19.41051],[-99.13884,19.41387],[-99.13586,19.41365],[-99.13503,19.4132],[-99.13549,19.41027],[-99.13922,19.41051]]]}},{"type":"Feature","properties":{"ageb_code":"0901500011271","cvegeo":"0901500011271","alcaldia":"Cuauhtémoc","centroid_lat":19.41054,"centroid_lng":-99.13429},"geometry":{"type":"Polygon","coordinates":[[[-99.13351,19.40849],[-99.13579,19.40834],[-99.13503,19.4132],[-99.1329,19.41192],[-99.13351,19.40849]]]}},{"type":"Feature","properties":{"ageb_code":"0901500011286","cvegeo":"0901500011286","alcaldia":"Cuauhtémoc","centroid_lat":19.41024,"centroid_lng":-99.13168},"geometry":{"type":"Polygon","coordinates":[[[-99.1329,19.41192],[-99.12982,19.41002],[-99.12782,19.40888],[-99.13351,19.40849],[-99.1329,19.41192]]]}},{"type":"Feature","properties":{"ageb_code":"0901500011290","cvegeo":"0901500011290","alcaldia":"Cuauhtémoc","centroid_lat":19.41116,"centroid_lng":-99.12964},"geometry":{"type":"Polygon","coordinates":[[[-99.12815,19.41344],[-99.12717,19.40901],[-99.12782,19.40888],[-99.13503,19.4132],[-99.12815,19.41344]]]}},{"type":"Feature","properties":{"ageb_code":"0901500011303","cvegeo":"0901500011303","alcaldia":"Cuauhtémoc","centroid_lat":19.41274,"centroid_lng":-99.17961},"geometry":{"type":"Polygon","coordinates":[[[-99.17714,19.41415],[-99.17839,19.41166],[-99.1785,19.41168],[-99.17947,19.40997],[-99.18215,19.41149],[-99.17975,19.41555],[-99.17714,19.41415]]]}},{"type":"Feature","properties":{"ageb_code":"0901500011318","cvegeo":"0901500011318","alcaldia":"Cuauhtémoc","centroid_lat":19.41135,"centroid_lng":-99.17634},"geometry":{"type":"Polygon","coordinates":[[[-99.17324,19.41217],[-99.17664,19.40853],[-99.17947,19.40997],[-99.1785,19.41168],[-99.17839,19.41166],[-99.17714,19.41415],[-99.17324,19.41217]]]}},{"type":"Feature","properties":{"ageb_code":"0901500011322","cvegeo":"0901500011322","alcaldia":"Cuauhtémoc","centroid_lat":19.41287,"centroid_lng":-99.17322},"geometry":{"type":"Polygon","coordinates":[[[-99.17636,19.41553],[-99.17218,19.41342],[-99.17155,19.41331],[-99.17289,19.41025],[-99.17433,19.41095],[-99.17324,19.41217],[-99.17714,19.41415],[-99.17636,19.41553]]]}},{"type":"Feature","properties":{"ageb_code":"0901500011337","cvegeo":"0901500011337","alcaldia":"Cuauhtémoc","centroid_lat":19.40857,"centroid_lng":-99.17454},"geometry":{"type":"Polygon","coordinates":[[[-99.17289,19.41025],[-99.17216,19.40727],[-99.17181,19.40623],[-99.17664,19.40853],[-99.17433,19.41095],[-99.17289,19.41025]]]}},{"type":"Feature","properties":{"ageb_code":"0901500011341","cvegeo":"0901500011341","alcaldia":"Cuauhtémoc","centroid_lat":19.40886,"centroid_lng":-99.17004},"geometry":{"type":"Polygon","coordinates":[[[-99.16666,19.41151],[-99.16848,19.4059],[-99.17174,19.4058],[-99.17289,19.41025],[-99.17102,19.41048],[-99.17035,19.41031],[-99.16984,19.41036],[-99.16939,19.41053],[-99.16887,19.41102],[-99.16833,19.41198],[-99.16666,19.41151]]]}},{"type":"Feature","properties":{"ageb_code":"0901500011356","cvegeo":"0901500011356","alcaldia":"Cuauhtémoc","centroid_lat":19.40908,"centroid_lng":-99.1657},"geometry":{"type":"Polygon","coordinates":[[[-99.16319,19.40613],[-99.16848,19.4059],[-99.16666,19.41151],[-99.16463,19.41192],[-99.16319,19.40613]]]}},{"type":"Feature","properties":{"ageb_code":"0901500011360","cvegeo":"0901500011360","alcaldia":"Cuauhtémoc","centroid_lat":19.40907,"centroid_lng":-99.16294},"geometry":{"type":"Polygon","coordinates":[[[-99.16319,19.40613],[-99.16463,19.41192],[-99.16279,19.41228],[-99.16119,19.40622],[-99.16319,19.40613]]]}},{"type":"Feature","properties":{"ageb_code":"0901500011375","cvegeo":"0901500011375","alcaldia":"Cuauhtémoc","centroid_lat":19.40946,"centroid_lng":-99.16097},"geometry":{"type":"Polygon","coordinates":[[[-99.16119,19.40622],[-99.16279,19.41228],[-99.16064,19.4127],[-99.1594,19.41192],[-99.1597,19.41173],[-99.16,19.40805],[-99.16011,19.40803],[-99.15969,19.4063],[-99.16119,19.40622]]]}},{"type":"Feature","properties":{"ageb_code":"090150001138A","cvegeo":"090150001138A","alcaldia":"Cuauhtémoc","centroid_lat":19.40915,"centroid_lng":-99.15747},"geometry":{"type":"Polygon","coordinates":[[[-99.15892,19.41166],[-99.15483,19.41177],[-99.15518,19.40744],[-99.15991,19.40719],[-99.16011,19.40803],[-99.16,19.40805],[-99.15969,19.41179],[-99.1594,19.41192],[-99.15892,19.41166]]]}},{"type":"Feature","properties":{"ageb_code":"0901500011394","cvegeo":"0901500011394","alcaldia":"Cuauhtémoc","centroid_lat":19.40819,"centroid_lng":-99.14786},"geometry":{"type":"Polygon","coordinates":[[[-99.14464,19.40718],[-99.15148,19.40672],[-99.15078,19.41005],[-99.14861,19.40986],[-99.14439,19.40982],[-99.14464,19.40718]]]}},{"type":"Feature","properties":{"ageb_code":"0901500011407","cvegeo":"0901500011407","alcaldia":"Cuauhtémoc","centroid_lat":19.40926,"centroid_lng":-99.1375},"geometry":{"type":"Polygon","coordinates":[[[-99.13687,19.40771],[-99.13954,19.40753],[-99.13922,19.41051],[-99.13549,19.41027],[-99.13584,19.40802],[-99.13687,19.40771]]]}},{"type":"Feature","properties":{"ageb_code":"0901500011411","cvegeo":"0901500011411","alcaldia":"Cuauhtémoc","centroid_lat":19.40843,"centroid_lng":-99.18013},"geometry":{"type":"Polygon","coordinates":[[[-99.17947,19.40997],[-99.17559,19.4081],[-99.17713,19.40545],[-99.1843,19.40783],[-99.18294,19.41038],[-99.18215,19.41149],[-99.17947,19.40997]]]}},{"type":"Feature","properties":{"ageb_code":"0901500011426","cvegeo":"0901500011426","alcaldia":"Cuauhtémoc","centroid_lat":19.40589,"centroid_lng":-99.17435},"geometry":{"type":"Polygon","coordinates":[[[-99.17181,19.40623],[-99.17138,19.40422],[-99.17108,19.4035],[-99.17713,19.40545],[-99.17559,19.4081],[-99.17181,19.40623]]]}},{"type":"Feature","properties":{"ageb_code":"0901500011430","cvegeo":"0901500011430","alcaldia":"Cuauhtémoc","centroid_lat":19.40318,"centroid_lng":-99.17021},"geometry":{"type":"Polygon","coordinates":[[[-99.16848,19.4059],[-99.17036,19.4002],[-99.17174,19.4058],[-99.16848,19.4059]]]}},{"type":"Feature","properties":{"ageb_code":"0901500011445","cvegeo":"0901500011445","alcaldia":"Cuauhtémoc","centroid_lat":19.40271,"centroid_lng":-99.16825},"geometry":{"type":"Polygon","coordinates":[[[-99.16648,19.40088],[-99.17044,19.39979],[-99.16848,19.4059],[-99.16776,19.40592],[-99.16648,19.40088]]]}},{"type":"Feature","properties":{"ageb_code":"090150001145A","cvegeo":"090150001145A","alcaldia":"Cuauhtémoc","centroid_lat":19.40344,"centroid_lng":-99.16485},"geometry":{"type":"Polygon","coordinates":[[[-99.16229,19.40241],[-99.16648,19.40088],[-99.16776,19.40592],[-99.16319,19.40613],[-99.16229,19.40241]]]}},{"type":"Feature","properties":{"ageb_code":"0901500011464","cvegeo":"0901500011464","alcaldia":"Cuauhtémoc","centroid_lat":19.40418,"centroid_lng":-99.16095},"geometry":{"type":"Polygon","coordinates":[[[-99.15899,19.40341],[-99.16229,19.40241],[-99.16319,19.40613],[-99.15969,19.4063],[-99.15899,19.40341]]]}},{"type":"Feature","properties":{"ageb_code":"0901500011479","cvegeo":"0901500011479","alcaldia":"Cuauhtémoc","centroid_lat":19.40542,"centroid_lng":-99.15739},"geometry":{"type":"Polygon","coordinates":[[[-99.15518,19.40744],[-99.1554,19.40406],[-99.15696,19.40398],[-99.15899,19.40341],[-99.15991,19.40719],[-99.15518,19.40744]]]}},{"type":"Feature","properties":{"ageb_code":"0901500011483","cvegeo":"0901500011483","alcaldia":"Cuauhtémoc","centroid_lat":19.40552,"centroid_lng":-99.14798},"geometry":{"type":"Polygon","coordinates":[[[-99.14498,19.40388],[-99.15021,19.40405],[-99.15007,19.40465],[-99.15122,19.40467],[-99.15102,19.40675],[-99.14464,19.40718],[-99.14498,19.40388]]]}},{"type":"Feature","properties":{"ageb_code":"0901500011498","cvegeo":"0901500011498","alcaldia":"Cuauhtémoc","centroid_lat":19.40516,"centroid_lng":-99.14056},"geometry":{"type":"Polygon","coordinates":[[[-99.13584,19.40802],[-99.13659,19.40281],[-99.13689,19.40288],[-99.13741,19.40346],[-99.14498,19.40388],[-99.14464,19.40718],[-99.13687,19.40771],[-99.13584,19.40802]]]}},{"type":"Feature","properties":{"ageb_code":"0901500011500","cvegeo":"0901500011500","alcaldia":"Cuauhtémoc","centroid_lat":19.40567,"centroid_lng":-99.13399},"geometry":{"type":"Polygon","coordinates":[[[-99.13197,19.40425],[-99.13198,19.40315],[-99.13542,19.40336],[-99.13604,19.40291],[-99.13659,19.40281],[-99.13579,19.40834],[-99.13137,19.40862],[-99.13188,19.40494],[-99.13173,19.40436],[-99.13197,19.40425]]]}},{"type":"Feature","properties":{"ageb_code":"0901500011515","cvegeo":"0901500011515","alcaldia":"Cuauhtémoc","centroid_lat":19.40604,"centroid_lng":-99.13025},"geometry":{"type":"Polygon","coordinates":[[[-99.12884,19.40355],[-99.13053,19.40314],[-99.13198,19.40315],[-99.13197,19.40425],[-99.13173,19.40436],[-99.13188,19.40494],[-99.13137,19.40862],[-99.12989,19.40866],[-99.12873,19.40687],[-99.12884,19.40355]]]}},{"type":"Feature","properties":{"ageb_code":"090150001152A","cvegeo":"090150001152A","alcaldia":"Cuauhtémoc","centroid_lat":19.40604,"centroid_lng":-99.1274},"geometry":{"type":"Polygon","coordinates":[[[-99.12674,19.40882],[-99.1257,19.40433],[-99.12884,19.40355],[-99.12873,19.40687],[-99.12999,19.40872],[-99.12717,19.40901],[-99.12674,19.40882]]]}},{"type":"Feature","properties":{"ageb_code":"0901500011534","cvegeo":"0901500011534","alcaldia":"Cuauhtémoc","centroid_lat":19.42305,"centroid_lng":-99.15101},"geometry":{"type":"Polygon","coordinates":[[[-99.14741,19.42537],[-99.14794,19.42377],[-99.14889,19.41931],[-99.15042,19.41943],[-99.14995,19.42215],[-99.15398,19.42256],[-99.15366,19.42585],[-99.14741,19.42537]]]}},{"type":"Feature","properties":{"ageb_code":"0901500011549","cvegeo":"0901500011549","alcaldia":"Cuauhtémoc","centroid_lat":19.421,"centroid_lng":-99.15212},"geometry":{"type":"Polygon","coordinates":[[[-99.14995,19.42215],[-99.15042,19.41943],[-99.15418,19.41972],[-99.15398,19.42256],[-99.14995,19.42215]]]}},{"type":"Feature","properties":{"ageb_code":"0901600010016","cvegeo":"0901600010016","alcaldia":"Miguel Hidalgo","centroid_lat":19.46875,"centroid_lng":-99.19758},"geometry":{"type":"Polygon","coordinates":[[[-99.20068,19.47335],[-99.19044,19.47046],[-99.19073,19.46467],[-99.19056,19.46304],[-99.19293,19.46506],[-99.20717,19.46957],[-99.20682,19.47122],[-99.20497,19.47219],[-99.20233,19.47301],[-99.20068,19.47335]]]}},{"type":"Feature","properties":{"ageb_code":"0901600010020","cvegeo":"0901600010020","alcaldia":"Miguel Hidalgo","centroid_lat":19.46596,"centroid_lng":-99.20424},"geometry":{"type":"Polygon","coordinates":[[[-99.20886,19.47008],[-99.19293,19.46506],[-99.19056,19.46304],[-99.19034,19.46246],[-99.19076,19.46138],[-99.19263,19.46363],[-99.19664,19.46484],[-99.19683,19.4647],[-99.19723,19.46326],[-99.19786,19.4634],[-99.19834,19.46141],[-99.20212,19.4611],[-99.20165,19.46295],[-99.2085,19.46528],[-99.20873,19.46487],[-99.20903,19.46474],[-99.21036,19.46524],[-99.21087,19.46516],[-99.21263,19.46245],[-99.21354,19.46292],[-99.21215,19.46711],[-99.21173,19.46714],[-99.21154,19.46799],[-99.21096,19.46827],[-99.20991,19.46938],[-99.20886,19.47008]]]}},{"type":"Feature","properties":{"ageb_code":"0901600010035","cvegeo":"0901600010035","alcaldia":"Miguel Hidalgo","centroid_lat":19.46196,"centroid_lng":-99.20698},"geometry":{"type":"Polygon","coordinates":[[[-99.2085,19.46528],[-99.20165,19.46295],[-99.20212,19.4611],[-99.19834,19.46141],[-99.19877,19.45856],[-99.20083,19.45816],[-99.20153,19.45819],[-99.21014,19.46067],[-99.21124,19.46125],[-99.21263,19.46245],[-99.21087,19.46516],[-99.21036,19.46524],[-99.20903,19.46474],[-99.20873,19.46487],[-99.2085,19.46528]]]}},{"type":"Feature","properties":{"ageb_code":"090160001004A","cvegeo":"090160001004A","alcaldia":"Miguel Hidalgo","centroid_lat":19.46167,"centroid_lng":-99.19466},"geometry":{"type":"Polygon","coordinates":[[[-99.19263,19.46363],[-99.19076,19.46138],[-99.19149,19.45986],[-99.19184,19.45965],[-99.19385,19.4596],[-99.19877,19.45856],[-99.19824,19.46211],[-99.19786,19.4634],[-99.19723,19.46326],[-99.19683,19.4647],[-99.19664,19.46484],[-99.19263,19.46363]]]}},{"type":"Feature","properties":{"ageb_code":"0901600010054","cvegeo":"0901600010054","alcaldia":"Miguel Hidalgo","centroid_lat":19.46023,"centroid_lng":-99.18874},"geometry":{"type":"Polygon","coordinates":[[[-99.18527,19.46002],[-99.17776,19.45872],[-99.17774,19.45828],[-99.17929,19.4558],[-99.18048,19.45641],[-99.18228,19.45783],[-99.18282,19.45807],[-99.18836,19.45941],[-99.19184,19.45965],[-99.19129,19.46007],[-99.19034,19.46246],[-99.19056,19.46304],[-99.19073,19.46467],[-99.188,19.46381],[-99.18848,19.46078],[-99.18527,19.46002]]]}},{"type":"Feature","properties":{"ageb_code":"0901600010069","cvegeo":"0901600010069","alcaldia":"Miguel Hidalgo","centroid_lat":19.45535,"centroid_lng":-99.17619},"geometry":{"type":"Polygon","coordinates":[[[-99.17774,19.45828],[-99.17776,19.45872],[-99.17111,19.45763],[-99.17118,19.45716],[-99.17402,19.45595],[-99.17339,19.45471],[-99.17441,19.45426],[-99.17461,19.45471],[-99.1754,19.45437],[-99.17419,19.45282],[-99.17475,19.45236],[-99.17749,19.45428],[-99.17929,19.4558],[-99.17774,19.45828]]]}},{"type":"Feature","properties":{"ageb_code":"0901600010073","cvegeo":"0901600010073","alcaldia":"Miguel Hidalgo","centroid_lat":19.455,"centroid_lng":-99.17058},"geometry":{"type":"Polygon","coordinates":[[[-99.17111,19.45763],[-99.16371,19.45643],[-99.16382,19.45582],[-99.16588,19.45616],[-99.1664,19.45232],[-99.16737,19.45643],[-99.1683,19.45661],[-99.17002,19.45465],[-99.17145,19.45498],[-99.17149,19.45524],[-99.171,19.45709],[-99.17118,19.45716],[-99.17111,19.45763]]]}},{"type":"Feature","properties":{"ageb_code":"0901600010088","cvegeo":"0901600010088","alcaldia":"Miguel Hidalgo","centroid_lat":19.45081,"centroid_lng":-99.16767},"geometry":{"type":"Polygon","coordinates":[[[-99.16382,19.45582],[-99.16427,19.45185],[-99.16642,19.45214],[-99.16719,19.44443],[-99.16942,19.44577],[-99.17121,19.4484],[-99.16721,19.45039],[-99.16873,19.45066],[-99.16891,19.45093],[-99.16919,19.45075],[-99.17177,19.45125],[-99.17147,19.45284],[-99.17369,19.45316],[-99.17415,19.45278],[-99.1754,19.45437],[-99.17461,19.45471],[-99.17441,19.45426],[-99.17339,19.45471],[-99.17402,19.45595],[-99.17118,19.45716],[-99.171,19.45709],[-99.17149,19.45524],[-99.17145,19.45498],[-99.17002,19.45465],[-99.1683,19.45661],[-99.16737,19.45643],[-99.1664,19.45232],[-99.16588,19.45616],[-99.16382,19.45582]]]}},{"type":"Feature","properties":{"ageb_code":"0901600010092","cvegeo":"0901600010092","alcaldia":"Miguel Hidalgo","centroid_lat":19.45891,"centroid_lng":-99.2124},"geometry":{"type":"Polygon","coordinates":[[[-99.21124,19.46125],[-99.21141,19.46009],[-99.21088,19.45919],[-99.21015,19.45858],[-99.21034,19.45631],[-99.20993,19.45561],[-99.21103,19.4554],[-99.21164,19.45547],[-99.21517,19.45654],[-99.21425,19.45856],[-99.21394,19.46041],[-99.21263,19.46245],[-99.21124,19.46125]]]}},{"type":"Feature","properties":{"ageb_code":"0901600010105","cvegeo":"0901600010105","alcaldia":"Miguel Hidalgo","centroid_lat":19.45829,"centroid_lng":-99.20717},"geometry":{"type":"Polygon","coordinates":[[[-99.20993,19.45561],[-99.21034,19.45631],[-99.21034,19.45741],[-99.21015,19.45858],[-99.21088,19.45919],[-99.21141,19.46009],[-99.21124,19.46125],[-99.21014,19.46067],[-99.20392,19.45891],[-99.20447,19.4572],[-99.20993,19.45561]]]}},{"type":"Feature","properties":{"ageb_code":"090160001011A","cvegeo":"090160001011A","alcaldia":"Miguel Hidalgo","centroid_lat":19.45616,"centroid_lng":-99.20322},"geometry":{"type":"Polygon","coordinates":[[[-99.20189,19.45317],[-99.20487,19.45397],[-99.20471,19.4553],[-99.2054,19.4554],[-99.20518,19.45699],[-99.20447,19.4572],[-99.20392,19.45891],[-99.20153,19.45819],[-99.20083,19.45816],[-99.2014,19.45421],[-99.20189,19.45317]]]}},{"type":"Feature","properties":{"ageb_code":"0901600010124","cvegeo":"0901600010124","alcaldia":"Miguel Hidalgo","centroid_lat":19.45573,"centroid_lng":-99.19918},"geometry":{"type":"Polygon","coordinates":[[[-99.19872,19.45305],[-99.19891,19.45297],[-99.19915,19.45313],[-99.19997,19.45259],[-99.20189,19.45317],[-99.2014,19.45421],[-99.20083,19.45816],[-99.19613,19.45908],[-99.19751,19.45463],[-99.19692,19.45447],[-99.19865,19.45344],[-99.19872,19.45305]]]}},{"type":"Feature","properties":{"ageb_code":"0901600010139","cvegeo":"0901600010139","alcaldia":"Miguel Hidalgo","centroid_lat":19.45722,"centroid_lng":-99.19481},"geometry":{"type":"Polygon","coordinates":[[[-99.19141,19.45828],[-99.19692,19.45447],[-99.19751,19.45463],[-99.19613,19.45908],[-99.19309,19.45967],[-99.1901,19.45956],[-99.19008,19.45937],[-99.19141,19.45828]]]}},{"type":"Feature","properties":{"ageb_code":"0901600010143","cvegeo":"0901600010143","alcaldia":"Miguel Hidalgo","centroid_lat":19.45528,"centroid_lng":-99.19306},"geometry":{"type":"Polygon","coordinates":[[[-99.1897,19.45409],[-99.19009,19.45295],[-99.19692,19.45447],[-99.19252,19.45752],[-99.18996,19.45694],[-99.19061,19.45432],[-99.1897,19.45409]]]}},{"type":"Feature","properties":{"ageb_code":"0901600010158","cvegeo":"0901600010158","alcaldia":"Miguel Hidalgo","centroid_lat":19.45665,"centroid_lng":-99.18813},"geometry":{"type":"Polygon","coordinates":[[[-99.1901,19.45956],[-99.18836,19.45941],[-99.18563,19.4587],[-99.18634,19.45626],[-99.18681,19.45637],[-99.18735,19.45425],[-99.18662,19.45341],[-99.19061,19.45432],[-99.18996,19.45694],[-99.19252,19.45752],[-99.19104,19.45854],[-99.19008,19.45937],[-99.1901,19.45956]]]}},{"type":"Feature","properties":{"ageb_code":"0901600010162","cvegeo":"0901600010162","alcaldia":"Miguel Hidalgo","centroid_lat":19.45541,"centroid_lng":-99.18526},"geometry":{"type":"Polygon","coordinates":[[[-99.18296,19.4581],[-99.18409,19.45163],[-99.18538,19.45187],[-99.18735,19.45425],[-99.18681,19.45637],[-99.18634,19.45626],[-99.18563,19.4587],[-99.18296,19.4581]]]}},{"type":"Feature","properties":{"ageb_code":"0901600010177","cvegeo":"0901600010177","alcaldia":"Miguel Hidalgo","centroid_lat":19.45245,"centroid_lng":-99.18212},"geometry":{"type":"Polygon","coordinates":[[[-99.18003,19.45402],[-99.18055,19.45086],[-99.18088,19.45093],[-99.18141,19.44727],[-99.18126,19.44709],[-99.18142,19.44696],[-99.18171,19.4473],[-99.18356,19.44752],[-99.18332,19.44938],[-99.18342,19.44951],[-99.18546,19.44977],[-99.18519,19.45162],[-99.18538,19.45187],[-99.18409,19.45163],[-99.18296,19.4581],[-99.18228,19.45783],[-99.18048,19.45641],[-99.17944,19.45587],[-99.18003,19.45402]]]}},{"type":"Feature","properties":{"ageb_code":"0901600010181","cvegeo":"0901600010181","alcaldia":"Miguel Hidalgo","centroid_lat":19.4501,"centroid_lng":-99.17928},"geometry":{"type":"Polygon","coordinates":[[[-99.17944,19.45587],[-99.17749,19.45428],[-99.17475,19.45236],[-99.17764,19.45003],[-99.1784,19.44489],[-99.17899,19.44497],[-99.17906,19.44428],[-99.18135,19.44702],[-99.18126,19.44709],[-99.18141,19.44727],[-99.18088,19.45093],[-99.18055,19.45086],[-99.17982,19.45487],[-99.17944,19.45587]]]}},{"type":"Feature","properties":{"ageb_code":"0901600010196","cvegeo":"0901600010196","alcaldia":"Miguel Hidalgo","centroid_lat":19.45049,"centroid_lng":-99.17485},"geometry":{"type":"Polygon","coordinates":[[[-99.17321,19.4513],[-99.17144,19.44875],[-99.17748,19.45017],[-99.17475,19.45236],[-99.17321,19.4513]]]}},{"type":"Feature","properties":{"ageb_code":"0901600010209","cvegeo":"0901600010209","alcaldia":"Miguel Hidalgo","centroid_lat":19.45079,"centroid_lng":-99.17102},"geometry":{"type":"Polygon","coordinates":[[[-99.17147,19.45284],[-99.17177,19.45125],[-99.16919,19.45075],[-99.16891,19.45093],[-99.16873,19.45066],[-99.16721,19.45039],[-99.17121,19.4484],[-99.17321,19.4513],[-99.17475,19.45236],[-99.17369,19.45316],[-99.17147,19.45284]]]}},{"type":"Feature","properties":{"ageb_code":"0901600010213","cvegeo":"0901600010213","alcaldia":"Miguel Hidalgo","centroid_lat":19.4461,"centroid_lng":-99.16612},"geometry":{"type":"Polygon","coordinates":[[[-99.16427,19.45185],[-99.16433,19.44998],[-99.16572,19.44382],[-99.16742,19.44036],[-99.17043,19.44202],[-99.16899,19.44379],[-99.16851,19.4452],[-99.16719,19.44443],[-99.16642,19.45214],[-99.16427,19.45185]]]}},{"type":"Feature","properties":{"ageb_code":"0901600010228","cvegeo":"0901600010228","alcaldia":"Miguel Hidalgo","centroid_lat":19.45192,"centroid_lng":-99.21333},"geometry":{"type":"Polygon","coordinates":[[[-99.21852,19.45305],[-99.21736,19.45367],[-99.21698,19.45407],[-99.21625,19.45343],[-99.21423,19.4537],[-99.21273,19.45365],[-99.21232,19.45351],[-99.21243,19.45174],[-99.21294,19.45094],[-99.21578,19.45306],[-99.21637,19.45078],[-99.21608,19.4506],[-99.21658,19.44991],[-99.2168,19.44984],[-99.21852,19.45305]]]}},{"type":"Feature","properties":{"ageb_code":"0901600010232","cvegeo":"0901600010232","alcaldia":"Miguel Hidalgo","centroid_lat":19.45225,"centroid_lng":-99.2099},"geometry":{"type":"Polygon","coordinates":[[[-99.2114,19.45544],[-99.20993,19.45561],[-99.2098,19.45524],[-99.21036,19.45292],[-99.2086,19.4526],[-99.20472,19.45145],[-99.20439,19.4496],[-99.20469,19.44937],[-99.20459,19.44896],[-99.2059,19.44791],[-99.21012,19.44981],[-99.21163,19.45003],[-99.21294,19.45094],[-99.21243,19.45174],[-99.21232,19.45351],[-99.21355,19.45372],[-99.21625,19.45343],[-99.21698,19.45407],[-99.21517,19.45654],[-99.2114,19.45544]]]}},{"type":"Feature","properties":{"ageb_code":"0901600010247","cvegeo":"0901600010247","alcaldia":"Miguel Hidalgo","centroid_lat":19.45305,"centroid_lng":-99.2059},"geometry":{"type":"Polygon","coordinates":[[[-99.20487,19.45397],[-99.19997,19.45259],[-99.20239,19.45082],[-99.20245,19.45052],[-99.20279,19.45055],[-99.20403,19.44948],[-99.20396,19.44909],[-99.20433,19.44886],[-99.20471,19.44917],[-99.20465,19.44945],[-99.20439,19.4496],[-99.20472,19.45145],[-99.2086,19.4526],[-99.21036,19.45292],[-99.2098,19.45524],[-99.20993,19.45561],[-99.20518,19.45699],[-99.2054,19.4554],[-99.20471,19.4553],[-99.20487,19.45397]]]}},{"type":"Feature","properties":{"ageb_code":"0901600010251","cvegeo":"0901600010251","alcaldia":"Miguel Hidalgo","centroid_lat":19.45217,"centroid_lng":-99.19725},"geometry":{"type":"Polygon","coordinates":[[[-99.20093,19.45193],[-99.19915,19.45313],[-99.19876,19.45302],[-99.19865,19.45344],[-99.19692,19.45447],[-99.19342,19.4537],[-99.19472,19.44942],[-99.19963,19.45079],[-99.19948,19.45142],[-99.20093,19.4518],[-99.20093,19.45193]]]}},{"type":"Feature","properties":{"ageb_code":"0901600010270","cvegeo":"0901600010270","alcaldia":"Miguel Hidalgo","centroid_lat":19.45073,"centroid_lng":-99.18799},"geometry":{"type":"Polygon","coordinates":[[[-99.18519,19.45162],[-99.18572,19.44782],[-99.19118,19.44838],[-99.1897,19.45409],[-99.18662,19.45341],[-99.18519,19.45162]]]}},{"type":"Feature","properties":{"ageb_code":"0901600010285","cvegeo":"0901600010285","alcaldia":"Miguel Hidalgo","centroid_lat":19.44467,"centroid_lng":-99.17651},"geometry":{"type":"Polygon","coordinates":[[[-99.17352,19.44814],[-99.17406,19.44429],[-99.17516,19.44445],[-99.17576,19.44061],[-99.17604,19.44057],[-99.17671,19.44158],[-99.17906,19.44428],[-99.17899,19.44497],[-99.1784,19.44489],[-99.17786,19.44875],[-99.17352,19.44814]]]}},{"type":"Feature","properties":{"ageb_code":"090160001029A","cvegeo":"090160001029A","alcaldia":"Miguel Hidalgo","centroid_lat":19.44711,"centroid_lng":-99.17199},"geometry":{"type":"Polygon","coordinates":[[[-99.17144,19.44875],[-99.16942,19.44577],[-99.16851,19.4452],[-99.16908,19.44369],[-99.17406,19.44429],[-99.17352,19.44814],[-99.17786,19.44875],[-99.17764,19.45003],[-99.17748,19.45017],[-99.17144,19.44875]]]}},{"type":"Feature","properties":{"ageb_code":"0901600010302","cvegeo":"0901600010302","alcaldia":"Miguel Hidalgo","centroid_lat":19.45075,"centroid_lng":-99.21865},"geometry":{"type":"Polygon","coordinates":[[[-99.21997,19.45288],[-99.21852,19.45305],[-99.2168,19.44984],[-99.21695,19.4497],[-99.21708,19.44855],[-99.22012,19.449],[-99.21997,19.45288]]]}},{"type":"Feature","properties":{"ageb_code":"0901600010317","cvegeo":"0901600010317","alcaldia":"Miguel Hidalgo","centroid_lat":19.45124,"centroid_lng":-99.21482},"geometry":{"type":"Polygon","coordinates":[[[-99.21294,19.45094],[-99.21381,19.44914],[-99.21637,19.45078],[-99.21578,19.45306],[-99.21294,19.45094]]]}},{"type":"Feature","properties":{"ageb_code":"0901600010321","cvegeo":"0901600010321","alcaldia":"Miguel Hidalgo","centroid_lat":19.44788,"centroid_lng":-99.21583},"geometry":{"type":"Polygon","coordinates":[[[-99.21516,19.44688],[-99.21739,19.44572],[-99.21695,19.4497],[-99.21658,19.44991],[-99.21608,19.4506],[-99.21381,19.44914],[-99.21469,19.44757],[-99.21527,19.44706],[-99.21516,19.44688]]]}},{"type":"Feature","properties":{"ageb_code":"0901600010336","cvegeo":"0901600010336","alcaldia":"Miguel Hidalgo","centroid_lat":19.4493,"centroid_lng":-99.21268},"geometry":{"type":"Polygon","coordinates":[[[-99.21317,19.44783],[-99.21469,19.44757],[-99.21294,19.45094],[-99.21181,19.45012],[-99.21121,19.44997],[-99.21201,19.44862],[-99.21251,19.44809],[-99.21317,19.44783]]]}},{"type":"Feature","properties":{"ageb_code":"0901600010340","cvegeo":"0901600010340","alcaldia":"Miguel Hidalgo","centroid_lat":19.44711,"centroid_lng":-99.20873},"geometry":{"type":"Polygon","coordinates":[[[-99.2059,19.44791],[-99.2073,19.44681],[-99.2075,19.44688],[-99.20768,19.44675],[-99.20765,19.44654],[-99.20744,19.44646],[-99.20756,19.44428],[-99.21021,19.44439],[-99.21018,19.4448],[-99.2106,19.44511],[-99.2107,19.44633],[-99.21056,19.44716],[-99.21278,19.44767],[-99.21361,19.44748],[-99.21508,19.44673],[-99.21527,19.44706],[-99.21469,19.44757],[-99.21317,19.44783],[-99.21251,19.44809],[-99.21201,19.44862],[-99.21121,19.44997],[-99.21012,19.44981],[-99.20863,19.4492],[-99.2059,19.44791]]]}},{"type":"Feature","properties":{"ageb_code":"090160001036A","cvegeo":"090160001036A","alcaldia":"Miguel Hidalgo","centroid_lat":19.44718,"centroid_lng":-99.20281},"geometry":{"type":"Polygon","coordinates":[[[-99.20459,19.44896],[-99.20408,19.44894],[-99.20343,19.44831],[-99.20049,19.44729],[-99.19929,19.44635],[-99.19751,19.44545],[-99.20216,19.44569],[-99.20218,19.44557],[-99.20475,19.4467],[-99.2059,19.44791],[-99.20459,19.44896]]]}},{"type":"Feature","properties":{"ageb_code":"0901600010374","cvegeo":"0901600010374","alcaldia":"Miguel Hidalgo","centroid_lat":19.44921,"centroid_lng":-99.1974},"geometry":{"type":"Polygon","coordinates":[[[-99.19784,19.44744],[-99.2004,19.44779],[-99.19963,19.45079],[-99.19472,19.44942],[-99.19527,19.44756],[-99.19722,19.44823],[-99.19766,19.44801],[-99.19784,19.44744]]]}},{"type":"Feature","properties":{"ageb_code":"0901600010389","cvegeo":"0901600010389","alcaldia":"Miguel Hidalgo","centroid_lat":19.44679,"centroid_lng":-99.19765},"geometry":{"type":"Polygon","coordinates":[[[-99.19527,19.44756],[-99.19599,19.44534],[-99.19751,19.44545],[-99.19929,19.44635],[-99.20049,19.44729],[-99.2004,19.44779],[-99.19784,19.44744],[-99.19766,19.44801],[-99.19722,19.44823],[-99.19527,19.44756]]]}},{"type":"Feature","properties":{"ageb_code":"0901600010393","cvegeo":"0901600010393","alcaldia":"Miguel Hidalgo","centroid_lat":19.44681,"centroid_lng":-99.18654},"geometry":{"type":"Polygon","coordinates":[[[-99.18332,19.44938],[-99.18356,19.44752],[-99.18171,19.4473],[-99.18142,19.44696],[-99.18523,19.44388],[-99.1918,19.44477],[-99.19118,19.44838],[-99.18572,19.44782],[-99.18546,19.44977],[-99.18342,19.44951],[-99.18332,19.44938]]]}},{"type":"Feature","properties":{"ageb_code":"0901600010410","cvegeo":"0901600010410","alcaldia":"Miguel Hidalgo","centroid_lat":19.44546,"centroid_lng":-99.21864},"geometry":{"type":"Polygon","coordinates":[[[-99.21708,19.44855],[-99.2175,19.4447],[-99.21136,19.44446],[-99.21131,19.44425],[-99.21153,19.44414],[-99.21163,19.44182],[-99.2159,19.44208],[-99.21759,19.44394],[-99.21923,19.44477],[-99.21985,19.44536],[-99.22015,19.44612],[-99.22012,19.449],[-99.21708,19.44855]]]}},{"type":"Feature","properties":{"ageb_code":"0901600010425","cvegeo":"0901600010425","alcaldia":"Miguel Hidalgo","centroid_lat":19.4461,"centroid_lng":-99.21469},"geometry":{"type":"Polygon","coordinates":[[[-99.21278,19.44767],[-99.21279,19.44653],[-99.21295,19.44651],[-99.213,19.44545],[-99.21258,19.44542],[-99.21259,19.44449],[-99.2175,19.4447],[-99.21739,19.44572],[-99.21633,19.44615],[-99.21516,19.44688],[-99.21508,19.44673],[-99.21361,19.44748],[-99.21278,19.44767]]]}},{"type":"Feature","properties":{"ageb_code":"090160001043A","cvegeo":"090160001043A","alcaldia":"Miguel Hidalgo","centroid_lat":19.44585,"centroid_lng":-99.21182},"geometry":{"type":"Polygon","coordinates":[[[-99.21133,19.44462],[-99.21136,19.44446],[-99.21259,19.44449],[-99.21258,19.44542],[-99.213,19.44545],[-99.21295,19.44651],[-99.21279,19.44653],[-99.21278,19.44767],[-99.21056,19.44716],[-99.2107,19.44633],[-99.2106,19.44511],[-99.21133,19.44462]]]}},{"type":"Feature","properties":{"ageb_code":"0901600010444","cvegeo":"0901600010444","alcaldia":"Miguel Hidalgo","centroid_lat":19.44189,"centroid_lng":-99.20402},"geometry":{"type":"Polygon","coordinates":[[[-99.205,19.44686],[-99.19919,19.4443],[-99.20063,19.44138],[-99.20089,19.4383],[-99.20129,19.43601],[-99.20244,19.43607],[-99.20235,19.43837],[-99.20781,19.43864],[-99.20744,19.44646],[-99.20765,19.44654],[-99.20768,19.44675],[-99.2075,19.44688],[-99.2073,19.44681],[-99.2059,19.44791],[-99.205,19.44686]]]}},{"type":"Feature","properties":{"ageb_code":"0901600010459","cvegeo":"0901600010459","alcaldia":"Miguel Hidalgo","centroid_lat":19.4431,"centroid_lng":-99.19746},"geometry":{"type":"Polygon","coordinates":[[[-99.19833,19.44548],[-99.19842,19.44398],[-99.19604,19.4432],[-99.19415,19.44297],[-99.19417,19.4421],[-99.19352,19.44214],[-99.19359,19.44074],[-99.19896,19.44097],[-99.20079,19.44053],[-99.20063,19.44138],[-99.19919,19.4443],[-99.20218,19.44557],[-99.20216,19.44569],[-99.19833,19.44548]]]}},{"type":"Feature","properties":{"ageb_code":"0901600010463","cvegeo":"0901600010463","alcaldia":"Miguel Hidalgo","centroid_lat":19.4439,"centroid_lng":-99.19226},"geometry":{"type":"Polygon","coordinates":[[[-99.19833,19.44548],[-99.18628,19.44404],[-99.18641,19.44302],[-99.18729,19.44267],[-99.19203,19.44227],[-99.19283,19.4428],[-99.19604,19.4432],[-99.19842,19.44398],[-99.19833,19.44548]]]}},{"type":"Feature","properties":{"ageb_code":"0901600010478","cvegeo":"0901600010478","alcaldia":"Miguel Hidalgo","centroid_lat":19.44253,"centroid_lng":-99.18593},"geometry":{"type":"Polygon","coordinates":[[[-99.18266,19.44598],[-99.18358,19.43953],[-99.18436,19.43932],[-99.18485,19.43899],[-99.18822,19.43916],[-99.18962,19.43961],[-99.1907,19.44051],[-99.19203,19.44227],[-99.18699,19.44274],[-99.18641,19.44302],[-99.18628,19.44404],[-99.18523,19.44388],[-99.18266,19.44598]]]}},{"type":"Feature","properties":{"ageb_code":"0901600010482","cvegeo":"0901600010482","alcaldia":"Miguel Hidalgo","centroid_lat":19.44115,"centroid_lng":-99.17986},"geometry":{"type":"Polygon","coordinates":[[[-99.18356,19.43968],[-99.18266,19.44598],[-99.18135,19.44702],[-99.17604,19.44073],[-99.17604,19.44057],[-99.17803,19.43826],[-99.17938,19.43606],[-99.17975,19.43625],[-99.17938,19.43862],[-99.18356,19.43968]]]}},{"type":"Feature","properties":{"ageb_code":"0901600010497","cvegeo":"0901600010497","alcaldia":"Miguel Hidalgo","centroid_lat":19.44146,"centroid_lng":-99.17338},"geometry":{"type":"Polygon","coordinates":[[[-99.17516,19.44445],[-99.16908,19.44369],[-99.17054,19.44188],[-99.17107,19.44192],[-99.17122,19.44083],[-99.17176,19.43999],[-99.17247,19.44017],[-99.17275,19.4382],[-99.17604,19.44057],[-99.17576,19.44061],[-99.17516,19.44445]]]}},{"type":"Feature","properties":{"ageb_code":"090160001050A","cvegeo":"090160001050A","alcaldia":"Miguel Hidalgo","centroid_lat":19.43915,"centroid_lng":-99.17031},"geometry":{"type":"Polygon","coordinates":[[[-99.16742,19.44036],[-99.16849,19.43815],[-99.16968,19.43633],[-99.17275,19.4382],[-99.17247,19.44017],[-99.17176,19.43999],[-99.17122,19.44083],[-99.17107,19.44192],[-99.17054,19.44188],[-99.17043,19.44202],[-99.16742,19.44036]]]}},{"type":"Feature","properties":{"ageb_code":"0901600010514","cvegeo":"0901600010514","alcaldia":"Miguel Hidalgo","centroid_lat":19.43754,"centroid_lng":-99.22456},"geometry":{"type":"Polygon","coordinates":[[[-99.2159,19.44208],[-99.22275,19.43385],[-99.22651,19.43107],[-99.22673,19.43125],[-99.22687,19.43159],[-99.22642,19.43276],[-99.22617,19.43397],[-99.22743,19.43494],[-99.2275,19.43523],[-99.22728,19.43587],[-99.22805,19.4362],[-99.22816,19.43605],[-99.2287,19.43671],[-99.22854,19.43681],[-99.22963,19.43737],[-99.22058,19.44368],[-99.21787,19.44405],[-99.21731,19.44369],[-99.2159,19.44208]]]}},{"type":"Feature","properties":{"ageb_code":"0901600010529","cvegeo":"0901600010529","alcaldia":"Miguel Hidalgo","centroid_lat":19.44041,"centroid_lng":-99.21613},"geometry":{"type":"Polygon","coordinates":[[[-99.2159,19.44208],[-99.21416,19.43889],[-99.21823,19.43933],[-99.2159,19.44208]]]}},{"type":"Feature","properties":{"ageb_code":"0901600010533","cvegeo":"0901600010533","alcaldia":"Miguel Hidalgo","centroid_lat":19.44053,"centroid_lng":-99.21244},"geometry":{"type":"Polygon","coordinates":[[[-99.21163,19.44182],[-99.20983,19.44114],[-99.20994,19.4387],[-99.21416,19.43889],[-99.2159,19.44208],[-99.21163,19.44182]]]}},{"type":"Feature","properties":{"ageb_code":"0901600010548","cvegeo":"0901600010548","alcaldia":"Miguel Hidalgo","centroid_lat":19.44198,"centroid_lng":-99.20964},"geometry":{"type":"Polygon","coordinates":[[[-99.20756,19.44428],[-99.20781,19.43864],[-99.20994,19.4387],[-99.20983,19.44114],[-99.21163,19.44182],[-99.21153,19.44414],[-99.21131,19.44425],[-99.21133,19.44462],[-99.2106,19.44511],[-99.21018,19.4448],[-99.21021,19.44439],[-99.20756,19.44428]]]}},{"type":"Feature","properties":{"ageb_code":"0901600010552","cvegeo":"0901600010552","alcaldia":"Miguel Hidalgo","centroid_lat":19.43935,"centroid_lng":-99.19727},"geometry":{"type":"Polygon","coordinates":[[[-99.19359,19.44074],[-99.19375,19.43799],[-99.20089,19.4383],[-99.20079,19.44053],[-99.19896,19.44097],[-99.19359,19.44074]]]}},{"type":"Feature","properties":{"ageb_code":"0901600010571","cvegeo":"0901600010571","alcaldia":"Miguel Hidalgo","centroid_lat":19.44033,"centroid_lng":-99.19208},"geometry":{"type":"Polygon","coordinates":[[[-99.19203,19.44227],[-99.19018,19.43997],[-99.1889,19.43928],[-99.18673,19.43901],[-99.18485,19.43899],[-99.18436,19.43932],[-99.18358,19.43953],[-99.18345,19.43741],[-99.18455,19.4376],[-99.19375,19.43799],[-99.19352,19.44214],[-99.19417,19.4421],[-99.19415,19.44297],[-99.19283,19.4428],[-99.19203,19.44227]]]}},{"type":"Feature","properties":{"ageb_code":"0901600010586","cvegeo":"0901600010586","alcaldia":"Miguel Hidalgo","centroid_lat":19.43794,"centroid_lng":-99.18149},"geometry":{"type":"Polygon","coordinates":[[[-99.17938,19.43862],[-99.17975,19.43625],[-99.18111,19.43686],[-99.18296,19.43722],[-99.18304,19.43713],[-99.18345,19.43741],[-99.18356,19.43968],[-99.17938,19.43862]]]}},{"type":"Feature","properties":{"ageb_code":"0901600010590","cvegeo":"0901600010590","alcaldia":"Miguel Hidalgo","centroid_lat":19.43792,"centroid_lng":-99.1753},"geometry":{"type":"Polygon","coordinates":[[[-99.17336,19.43861],[-99.17239,19.43648],[-99.17273,19.43667],[-99.17346,19.43555],[-99.17803,19.43826],[-99.17604,19.44057],[-99.17336,19.43861]]]}},{"type":"Feature","properties":{"ageb_code":"0901600010603","cvegeo":"0901600010603","alcaldia":"Miguel Hidalgo","centroid_lat":19.43538,"centroid_lng":-99.17413},"geometry":{"type":"Polygon","coordinates":[[[-99.17244,19.43238],[-99.17595,19.43438],[-99.17938,19.43606],[-99.17803,19.43826],[-99.17346,19.43555],[-99.17273,19.43667],[-99.17239,19.43648],[-99.17336,19.43861],[-99.17154,19.43735],[-99.16968,19.43633],[-99.17221,19.4324],[-99.17244,19.43238]]]}},{"type":"Feature","properties":{"ageb_code":"0901600010618","cvegeo":"0901600010618","alcaldia":"Miguel Hidalgo","centroid_lat":19.43634,"centroid_lng":-99.21526},"geometry":{"type":"Polygon","coordinates":[[[-99.21823,19.43933],[-99.21416,19.43889],[-99.21316,19.43663],[-99.21213,19.43529],[-99.2129,19.43503],[-99.21278,19.43462],[-99.21554,19.43358],[-99.21659,19.43563],[-99.2196,19.43771],[-99.21823,19.43933]]]}},{"type":"Feature","properties":{"ageb_code":"0901600010622","cvegeo":"0901600010622","alcaldia":"Miguel Hidalgo","centroid_lat":19.43645,"centroid_lng":-99.20992},"geometry":{"type":"Polygon","coordinates":[[[-99.21416,19.43889],[-99.20598,19.43853],[-99.20798,19.43371],[-99.20845,19.43388],[-99.20824,19.43436],[-99.20811,19.43542],[-99.21089,19.43557],[-99.21136,19.43548],[-99.21183,19.43501],[-99.21241,19.43553],[-99.21316,19.43663],[-99.21416,19.43889]]]}},{"type":"Feature","properties":{"ageb_code":"0901600010637","cvegeo":"0901600010637","alcaldia":"Miguel Hidalgo","centroid_lat":19.43476,"centroid_lng":-99.2045},"geometry":{"type":"Polygon","coordinates":[[[-99.20129,19.43601],[-99.20191,19.4321],[-99.20434,19.43231],[-99.20492,19.43054],[-99.2082,19.43221],[-99.20852,19.43255],[-99.20836,19.43283],[-99.20924,19.43304],[-99.20957,19.43289],[-99.21183,19.43501],[-99.21136,19.43548],[-99.21089,19.43557],[-99.20811,19.43542],[-99.20824,19.43436],[-99.20845,19.43388],[-99.20798,19.43371],[-99.20598,19.43853],[-99.20235,19.43837],[-99.20244,19.43607],[-99.20129,19.43601]]]}},{"type":"Feature","properties":{"ageb_code":"0901600010641","cvegeo":"0901600010641","alcaldia":"Miguel Hidalgo","centroid_lat":19.43511,"centroid_lng":-99.19884},"geometry":{"type":"Polygon","coordinates":[[[-99.20153,19.4344],[-99.20089,19.4383],[-99.19634,19.43811],[-99.19648,19.43598],[-99.19623,19.4358],[-99.1963,19.43442],[-99.19589,19.43425],[-99.19555,19.43386],[-99.19593,19.43346],[-99.19652,19.43333],[-99.19666,19.43167],[-99.20191,19.4321],[-99.20166,19.43433],[-99.20153,19.4344]]]}},{"type":"Feature","properties":{"ageb_code":"0901600010656","cvegeo":"0901600010656","alcaldia":"Miguel Hidalgo","centroid_lat":19.43516,"centroid_lng":-99.1935},"geometry":{"type":"Polygon","coordinates":[[[-99.19634,19.43811],[-99.19044,19.43785],[-99.19116,19.4315],[-99.19425,19.43147],[-99.19666,19.43167],[-99.19652,19.43333],[-99.19593,19.43346],[-99.19555,19.43386],[-99.19589,19.43425],[-99.1963,19.43442],[-99.19623,19.4358],[-99.19648,19.43598],[-99.19634,19.43811]]]}},{"type":"Feature","properties":{"ageb_code":"0901600010660","cvegeo":"0901600010660","alcaldia":"Miguel Hidalgo","centroid_lat":19.4347,"centroid_lng":-99.18897},"geometry":{"type":"Polygon","coordinates":[[[-99.19044,19.43785],[-99.18424,19.43751],[-99.18404,19.43722],[-99.19116,19.4315],[-99.19044,19.43785]]]}},{"type":"Feature","properties":{"ageb_code":"0901600010675","cvegeo":"0901600010675","alcaldia":"Miguel Hidalgo","centroid_lat":19.43432,"centroid_lng":-99.18623},"geometry":{"type":"Polygon","coordinates":[[[-99.18376,19.43703],[-99.18405,19.43529],[-99.18481,19.43531],[-99.18484,19.43312],[-99.18412,19.43307],[-99.18415,19.43137],[-99.19116,19.4315],[-99.18404,19.43722],[-99.18376,19.43703]]]}},{"type":"Feature","properties":{"ageb_code":"090160001068A","cvegeo":"090160001068A","alcaldia":"Miguel Hidalgo","centroid_lat":19.43082,"centroid_lng":-99.18132},"geometry":{"type":"Polygon","coordinates":[[[-99.18345,19.43741],[-99.18209,19.43631],[-99.18224,19.43626],[-99.17944,19.42917],[-99.17854,19.42952],[-99.17666,19.42518],[-99.17764,19.4236],[-99.17806,19.42366],[-99.1799,19.42836],[-99.18079,19.42803],[-99.18124,19.42818],[-99.18191,19.42909],[-99.18267,19.42965],[-99.1824,19.42979],[-99.18264,19.42996],[-99.18256,19.43134],[-99.18415,19.43137],[-99.18412,19.43307],[-99.18484,19.43312],[-99.18481,19.43531],[-99.18405,19.43529],[-99.18376,19.43703],[-99.18424,19.43751],[-99.18455,19.4376],[-99.18345,19.43741]]]}},{"type":"Feature","properties":{"ageb_code":"0901600010694","cvegeo":"0901600010694","alcaldia":"Miguel Hidalgo","centroid_lat":19.43266,"centroid_lng":-99.17926},"geometry":{"type":"Polygon","coordinates":[[[-99.17728,19.43223],[-99.1777,19.43214],[-99.17736,19.43188],[-99.17761,19.4296],[-99.17801,19.42971],[-99.17944,19.42917],[-99.18224,19.43626],[-99.18209,19.43631],[-99.17728,19.43223]]]}},{"type":"Feature","properties":{"ageb_code":"0901600010707","cvegeo":"0901600010707","alcaldia":"Miguel Hidalgo","centroid_lat":19.43483,"centroid_lng":-99.17861},"geometry":{"type":"Polygon","coordinates":[[[-99.18111,19.43686],[-99.17595,19.43438],[-99.1738,19.43313],[-99.17728,19.43223],[-99.18304,19.43713],[-99.18296,19.43722],[-99.18111,19.43686]]]}},{"type":"Feature","properties":{"ageb_code":"0901600010711","cvegeo":"0901600010711","alcaldia":"Miguel Hidalgo","centroid_lat":19.42914,"centroid_lng":-99.17622},"geometry":{"type":"Polygon","coordinates":[[[-99.17244,19.43238],[-99.17221,19.4324],[-99.17378,19.42955],[-99.17666,19.42518],[-99.17854,19.42952],[-99.17801,19.42971],[-99.17761,19.4296],[-99.17736,19.43188],[-99.1777,19.43214],[-99.1738,19.43313],[-99.17244,19.43238]]]}},{"type":"Feature","properties":{"ageb_code":"0901600010730","cvegeo":"0901600010730","alcaldia":"Miguel Hidalgo","centroid_lat":19.4325,"centroid_lng":-99.21261},"geometry":{"type":"Polygon","coordinates":[[[-99.21213,19.43529],[-99.20957,19.43289],[-99.20924,19.43304],[-99.20836,19.43283],[-99.20885,19.43126],[-99.21123,19.42981],[-99.21105,19.43058],[-99.21136,19.43097],[-99.21174,19.43104],[-99.21286,19.43083],[-99.21401,19.43032],[-99.21493,19.43024],[-99.21516,19.43],[-99.21582,19.42995],[-99.21533,19.43052],[-99.21576,19.43099],[-99.21562,19.43111],[-99.21633,19.4318],[-99.21594,19.43211],[-99.21662,19.43238],[-99.21693,19.43306],[-99.21278,19.43462],[-99.21281,19.4351],[-99.21213,19.43529]]]}},{"type":"Feature","properties":{"ageb_code":"0901600010745","cvegeo":"0901600010745","alcaldia":"Miguel Hidalgo","centroid_lat":19.4304,"centroid_lng":-99.20241},"geometry":{"type":"Polygon","coordinates":[[[-99.20191,19.4321],[-99.20008,19.43034],[-99.20037,19.42839],[-99.20494,19.43052],[-99.20434,19.43231],[-99.20191,19.4321]]]}},{"type":"Feature","properties":{"ageb_code":"090160001075A","cvegeo":"090160001075A","alcaldia":"Miguel Hidalgo","centroid_lat":19.42948,"centroid_lng":-99.1972},"geometry":{"type":"Polygon","coordinates":[[[-99.19386,19.42942],[-99.19391,19.42874],[-99.19403,19.42871],[-99.19615,19.429],[-99.19651,19.42709],[-99.19741,19.42683],[-99.20037,19.42839],[-99.20008,19.43034],[-99.20191,19.4321],[-99.19755,19.43174],[-99.19792,19.43002],[-99.19386,19.42942]]]}},{"type":"Feature","properties":{"ageb_code":"0901600010764","cvegeo":"0901600010764","alcaldia":"Miguel Hidalgo","centroid_lat":19.43089,"centroid_lng":-99.19681},"geometry":{"type":"Polygon","coordinates":[[[-99.19755,19.43174],[-99.1958,19.43159],[-99.19603,19.42974],[-99.19792,19.43002],[-99.19755,19.43174]]]}},{"type":"Feature","properties":{"ageb_code":"0901600010779","cvegeo":"0901600010779","alcaldia":"Miguel Hidalgo","centroid_lat":19.42858,"centroid_lng":-99.19393},"geometry":{"type":"Polygon","coordinates":[[[-99.1958,19.43159],[-99.19116,19.4315],[-99.19195,19.4267],[-99.19198,19.42573],[-99.19734,19.42653],[-99.19741,19.42683],[-99.19651,19.42709],[-99.19615,19.429],[-99.19391,19.42874],[-99.19386,19.42942],[-99.19603,19.42974],[-99.1958,19.43159]]]}},{"type":"Feature","properties":{"ageb_code":"0901600010783","cvegeo":"0901600010783","alcaldia":"Miguel Hidalgo","centroid_lat":19.42882,"centroid_lng":-99.18813},"geometry":{"type":"Polygon","coordinates":[[[-99.1824,19.42979],[-99.19182,19.42571],[-99.19202,19.42584],[-99.19116,19.4315],[-99.18256,19.43134],[-99.18264,19.42996],[-99.1824,19.42979]]]}},{"type":"Feature","properties":{"ageb_code":"0901600010798","cvegeo":"0901600010798","alcaldia":"Miguel Hidalgo","centroid_lat":19.42026,"centroid_lng":-99.18605},"geometry":{"type":"Polygon","coordinates":[[[-99.17806,19.42366],[-99.17568,19.42334],[-99.17506,19.42304],[-99.17529,19.42269],[-99.17566,19.4226],[-99.17627,19.42146],[-99.17647,19.42056],[-99.17777,19.41929],[-99.17833,19.41811],[-99.17858,19.41823],[-99.17901,19.41969],[-99.17929,19.41936],[-99.18044,19.41663],[-99.18272,19.4162],[-99.1858,19.41498],[-99.19383,19.41085],[-99.19337,19.41368],[-99.19341,19.41447],[-99.19536,19.41835],[-99.19537,19.4201],[-99.19555,19.42069],[-99.19634,19.42181],[-99.19705,19.42238],[-99.19877,19.42284],[-99.19928,19.42323],[-99.20214,19.4269],[-99.20109,19.42711],[-99.20229,19.42783],[-99.20317,19.42789],[-99.20293,19.42817],[-99.20265,19.42951],[-99.20255,19.42933],[-99.20179,19.42915],[-99.19741,19.42683],[-99.19734,19.42653],[-99.19182,19.42571],[-99.18267,19.42965],[-99.1821,19.42929],[-99.1811,19.4281],[-99.1806,19.42806],[-99.1799,19.42836],[-99.17806,19.42366]]]}},{"type":"Feature","properties":{"ageb_code":"0901600010800","cvegeo":"0901600010800","alcaldia":"Miguel Hidalgo","centroid_lat":19.4325,"centroid_lng":-99.22217},"geometry":{"type":"Polygon","coordinates":[[[-99.22029,19.43346],[-99.21935,19.43163],[-99.22244,19.43027],[-99.22332,19.43017],[-99.22321,19.42969],[-99.22355,19.42962],[-99.22651,19.43107],[-99.22275,19.43385],[-99.22203,19.43476],[-99.22029,19.43346]]]}},{"type":"Feature","properties":{"ageb_code":"0901600010815","cvegeo":"0901600010815","alcaldia":"Miguel Hidalgo","centroid_lat":19.42924,"centroid_lng":-99.22011},"geometry":{"type":"Polygon","coordinates":[[[-99.21971,19.43145],[-99.21934,19.42935],[-99.21813,19.42965],[-99.21576,19.43099],[-99.21533,19.43052],[-99.21582,19.42995],[-99.21685,19.42958],[-99.21708,19.42913],[-99.21695,19.42854],[-99.21802,19.42798],[-99.21927,19.42735],[-99.21968,19.42797],[-99.22016,19.42798],[-99.22227,19.42702],[-99.2227,19.42766],[-99.22321,19.42931],[-99.22355,19.42962],[-99.22321,19.42969],[-99.22332,19.43017],[-99.22244,19.43027],[-99.21971,19.43145]]]}},{"type":"Feature","properties":{"ageb_code":"090160001082A","cvegeo":"090160001082A","alcaldia":"Miguel Hidalgo","centroid_lat":19.43105,"centroid_lng":-99.21768},"geometry":{"type":"Polygon","coordinates":[[[-99.21562,19.43111],[-99.21813,19.42965],[-99.21934,19.42935],[-99.21971,19.43145],[-99.21935,19.43163],[-99.21944,19.43182],[-99.21682,19.43283],[-99.21654,19.43231],[-99.21617,19.4323],[-99.21594,19.43211],[-99.21633,19.4318],[-99.21562,19.43111]]]}},{"type":"Feature","properties":{"ageb_code":"0901600010834","cvegeo":"0901600010834","alcaldia":"Miguel Hidalgo","centroid_lat":19.42979,"centroid_lng":-99.21466},"geometry":{"type":"Polygon","coordinates":[[[-99.21105,19.43058],[-99.21123,19.42981],[-99.21447,19.42961],[-99.21695,19.42854],[-99.21708,19.4288],[-99.21699,19.42942],[-99.21672,19.4297],[-99.21593,19.42998],[-99.21516,19.43],[-99.21493,19.43024],[-99.21401,19.43032],[-99.21227,19.43098],[-99.21136,19.43097],[-99.21105,19.43058]]]}},{"type":"Feature","properties":{"ageb_code":"0901600010849","cvegeo":"0901600010849","alcaldia":"Miguel Hidalgo","centroid_lat":19.42863,"centroid_lng":-99.20702},"geometry":{"type":"Polygon","coordinates":[[[-99.2082,19.43221],[-99.20265,19.42951],[-99.20293,19.42817],[-99.20317,19.42789],[-99.20308,19.42781],[-99.20527,19.42707],[-99.2081,19.42517],[-99.20895,19.4248],[-99.20941,19.42583],[-99.21013,19.42668],[-99.20927,19.42697],[-99.2077,19.42785],[-99.20924,19.42818],[-99.21075,19.42793],[-99.21135,19.42881],[-99.21123,19.42981],[-99.20891,19.43119],[-99.20864,19.43165],[-99.20852,19.43255],[-99.2082,19.43221]]]}},{"type":"Feature","properties":{"ageb_code":"0901600010853","cvegeo":"0901600010853","alcaldia":"Miguel Hidalgo","centroid_lat":19.4241,"centroid_lng":-99.22642},"geometry":{"type":"Polygon","coordinates":[[[-99.22325,19.42656],[-99.22396,19.42527],[-99.22449,19.42532],[-99.22477,19.42507],[-99.22516,19.4236],[-99.22577,19.42357],[-99.22599,19.42337],[-99.22668,19.42159],[-99.22707,19.42147],[-99.22741,19.42162],[-99.22793,19.42146],[-99.22795,19.42179],[-99.22753,19.42254],[-99.22771,19.42256],[-99.22817,19.42228],[-99.22837,19.42112],[-99.22858,19.42106],[-99.22969,19.42187],[-99.2301,19.42183],[-99.22938,19.4222],[-99.22846,19.42342],[-99.22788,19.4236],[-99.22773,19.42418],[-99.22702,19.42432],[-99.2268,19.42454],[-99.22587,19.42623],[-99.22546,19.42659],[-99.22447,19.42708],[-99.22325,19.42656]]]}},{"type":"Feature","properties":{"ageb_code":"0901600010868","cvegeo":"0901600010868","alcaldia":"Miguel Hidalgo","centroid_lat":19.42562,"centroid_lng":-99.22137},"geometry":{"type":"Polygon","coordinates":[[[-99.21695,19.42854],[-99.21631,19.42753],[-99.21698,19.42699],[-99.21734,19.42491],[-99.21862,19.42565],[-99.21921,19.42556],[-99.21972,19.4244],[-99.22063,19.42332],[-99.22212,19.42265],[-99.22343,19.42272],[-99.22516,19.4236],[-99.22477,19.42507],[-99.22449,19.42532],[-99.22396,19.42527],[-99.22325,19.42656],[-99.2228,19.42637],[-99.22227,19.42702],[-99.22016,19.42798],[-99.21968,19.42797],[-99.21927,19.42735],[-99.21695,19.42854]]]}},{"type":"Feature","properties":{"ageb_code":"0901600010872","cvegeo":"0901600010872","alcaldia":"Miguel Hidalgo","centroid_lat":19.42542,"centroid_lng":-99.21324},"geometry":{"type":"Polygon","coordinates":[[[-99.21123,19.42981],[-99.21135,19.42881],[-99.21075,19.42793],[-99.21213,19.4276],[-99.21195,19.42717],[-99.21364,19.42677],[-99.21471,19.42671],[-99.21377,19.42578],[-99.21013,19.42668],[-99.20941,19.42583],[-99.20895,19.4248],[-99.21655,19.4229],[-99.21743,19.4223],[-99.21782,19.42148],[-99.2189,19.42174],[-99.21921,19.42201],[-99.21855,19.42383],[-99.21734,19.42491],[-99.21698,19.42699],[-99.21631,19.42753],[-99.21695,19.42854],[-99.21472,19.42956],[-99.21279,19.42981],[-99.21123,19.42981]]]}},{"type":"Feature","properties":{"ageb_code":"0901600010887","cvegeo":"0901600010887","alcaldia":"Miguel Hidalgo","centroid_lat":19.42698,"centroid_lng":-99.21098},"geometry":{"type":"Polygon","coordinates":[[[-99.2077,19.42785],[-99.2095,19.42686],[-99.21377,19.42578],[-99.21471,19.42671],[-99.21364,19.42677],[-99.21195,19.42717],[-99.21213,19.4276],[-99.20991,19.42811],[-99.20873,19.42814],[-99.2077,19.42785]]]}},{"type":"Feature","properties":{"ageb_code":"0901600010891","cvegeo":"0901600010891","alcaldia":"Miguel Hidalgo","centroid_lat":19.41606,"centroid_lng":-99.18126},"geometry":{"type":"Polygon","coordinates":[[[-99.17833,19.41811],[-99.18162,19.41236],[-99.18715,19.41424],[-99.1858,19.41498],[-99.18272,19.4162],[-99.18044,19.41663],[-99.17929,19.41936],[-99.17901,19.41969],[-99.17858,19.41823],[-99.17833,19.41811]]]}},{"type":"Feature","properties":{"ageb_code":"0901600010904","cvegeo":"0901600010904","alcaldia":"Miguel Hidalgo","centroid_lat":19.41761,"centroid_lng":-99.23125},"geometry":{"type":"Polygon","coordinates":[[[-99.22532,19.42131],[-99.22668,19.42041],[-99.22793,19.41931],[-99.22847,19.41863],[-99.22987,19.41626],[-99.23051,19.41416],[-99.23221,19.41449],[-99.23227,19.41379],[-99.23211,19.41359],[-99.23154,19.41316],[-99.23089,19.41331],[-99.23095,19.41307],[-99.23126,19.41285],[-99.2319,19.41274],[-99.23243,19.41296],[-99.23304,19.41358],[-99.23333,19.41331],[-99.23384,19.41352],[-99.23371,19.41501],[-99.23422,19.41554],[-99.23453,19.41553],[-99.23554,19.4145],[-99.23593,19.4145],[-99.23545,19.41544],[-99.23463,19.41597],[-99.23438,19.41659],[-99.23389,19.41677],[-99.23361,19.41658],[-99.23336,19.4178],[-99.23306,19.41839],[-99.23297,19.4194],[-99.23247,19.41942],[-99.23236,19.41979],[-99.23182,19.41999],[-99.23156,19.42074],[-99.23106,19.42098],[-99.23084,19.42171],[-99.22969,19.42187],[-99.22858,19.42106],[-99.22837,19.42112],[-99.2281,19.42237],[-99.22753,19.42254],[-99.22795,19.42179],[-99.22793,19.42146],[-99.22741,19.42162],[-99.22693,19.42148],[-99.2266,19.42171],[-99.22631,19.42257],[-99.22532,19.42131]]]}},{"type":"Feature","properties":{"ageb_code":"0901600010919","cvegeo":"0901600010919","alcaldia":"Miguel Hidalgo","centroid_lat":19.42138,"centroid_lng":-99.2216},"geometry":{"type":"Polygon","coordinates":[[[-99.21871,19.42355],[-99.21921,19.42201],[-99.2189,19.42174],[-99.21782,19.42148],[-99.21774,19.41941],[-99.21821,19.41802],[-99.21938,19.41789],[-99.22077,19.41716],[-99.21949,19.41877],[-99.21971,19.41902],[-99.2211,19.41975],[-99.22242,19.41962],[-99.22334,19.41985],[-99.22472,19.42072],[-99.22631,19.42257],[-99.22599,19.42337],[-99.22577,19.42357],[-99.22535,19.42362],[-99.22343,19.42272],[-99.22212,19.42265],[-99.22147,19.42284],[-99.22063,19.42332],[-99.21991,19.42416],[-99.21921,19.42556],[-99.21862,19.42565],[-99.21734,19.42491],[-99.21818,19.42427],[-99.21871,19.42355]]]}},{"type":"Feature","properties":{"ageb_code":"0901600010923","cvegeo":"0901600010923","alcaldia":"Miguel Hidalgo","centroid_lat":19.41725,"centroid_lng":-99.22503},"geometry":{"type":"Polygon","coordinates":[[[-99.22532,19.42131],[-99.22472,19.42072],[-99.22302,19.41971],[-99.2211,19.41975],[-99.21971,19.41902],[-99.21949,19.41877],[-99.22077,19.41716],[-99.21938,19.41789],[-99.21821,19.41802],[-99.21936,19.41446],[-99.21992,19.4133],[-99.2228,19.41474],[-99.22325,19.41477],[-99.22586,19.41409],[-99.22682,19.414],[-99.2294,19.41404],[-99.2296,19.41383],[-99.22982,19.41406],[-99.23051,19.41416],[-99.22987,19.41626],[-99.22847,19.41863],[-99.22793,19.41931],[-99.22668,19.42041],[-99.22532,19.42131]]]}},{"type":"Feature","properties":{"ageb_code":"0901600010942","cvegeo":"0901600010942","alcaldia":"Miguel Hidalgo","centroid_lat":19.41797,"centroid_lng":-99.21696},"geometry":{"type":"Polygon","coordinates":[[[-99.21671,19.41435],[-99.21847,19.41254],[-99.21992,19.4133],[-99.21936,19.41446],[-99.21774,19.41941],[-99.21776,19.42168],[-99.21743,19.4223],[-99.21685,19.42277],[-99.21462,19.42339],[-99.21435,19.42323],[-99.21428,19.4229],[-99.21443,19.42128],[-99.21651,19.41612],[-99.2155,19.41531],[-99.21671,19.41435]]]}},{"type":"Feature","properties":{"ageb_code":"0901600010957","cvegeo":"0901600010957","alcaldia":"Miguel Hidalgo","centroid_lat":19.41913,"centroid_lng":-99.21441},"geometry":{"type":"Polygon","coordinates":[[[-99.21374,19.41849],[-99.2157,19.41799],[-99.21493,19.41999],[-99.2131,19.42047],[-99.21374,19.41849]]]}},{"type":"Feature","properties":{"ageb_code":"0901600010961","cvegeo":"0901600010961","alcaldia":"Miguel Hidalgo","centroid_lat":19.42004,"centroid_lng":-99.21241},"geometry":{"type":"Polygon","coordinates":[[[-99.21462,19.42339],[-99.20895,19.4248],[-99.20863,19.42343],[-99.20872,19.42269],[-99.2108,19.42216],[-99.21252,19.41758],[-99.21332,19.41701],[-99.21306,19.41669],[-99.21425,19.41583],[-99.2155,19.41531],[-99.21651,19.41612],[-99.21582,19.41775],[-99.2157,19.41799],[-99.21374,19.41849],[-99.2131,19.42047],[-99.21493,19.41999],[-99.2143,19.42184],[-99.21428,19.4229],[-99.21435,19.42323],[-99.21462,19.42339]]]}},{"type":"Feature","properties":{"ageb_code":"0901600010976","cvegeo":"0901600010976","alcaldia":"Miguel Hidalgo","centroid_lat":19.42161,"centroid_lng":-99.20938},"geometry":{"type":"Polygon","coordinates":[[[-99.2108,19.42216],[-99.20704,19.42308],[-99.20732,19.42281],[-99.20721,19.42267],[-99.20753,19.4225],[-99.20803,19.4207],[-99.20796,19.42049],[-99.20858,19.4202],[-99.20905,19.42151],[-99.20967,19.421],[-99.21155,19.4201],[-99.2108,19.42216]]]}},{"type":"Feature","properties":{"ageb_code":"0901600010980","cvegeo":"0901600010980","alcaldia":"Miguel Hidalgo","centroid_lat":19.41868,"centroid_lng":-99.21003},"geometry":{"type":"Polygon","coordinates":[[[-99.21014,19.41606],[-99.21199,19.41513],[-99.21222,19.41528],[-99.21292,19.41529],[-99.21361,19.41627],[-99.21306,19.41669],[-99.21332,19.41701],[-99.21252,19.41758],[-99.21155,19.4201],[-99.20967,19.421],[-99.20905,19.42151],[-99.20776,19.41828],[-99.20831,19.41742],[-99.20911,19.41675],[-99.21014,19.41606]]]}},{"type":"Feature","properties":{"ageb_code":"0901600010995","cvegeo":"0901600010995","alcaldia":"Miguel Hidalgo","centroid_lat":19.42275,"centroid_lng":-99.20367},"geometry":{"type":"Polygon","coordinates":[[[-99.2048,19.41801],[-99.20718,19.41939],[-99.20776,19.41828],[-99.20858,19.4202],[-99.20794,19.42052],[-99.20803,19.4207],[-99.20753,19.4225],[-99.20731,19.42261],[-99.20697,19.42221],[-99.20544,19.42184],[-99.2044,19.42243],[-99.20464,19.42297],[-99.20494,19.42342],[-99.20556,19.42327],[-99.20624,19.42346],[-99.20721,19.42267],[-99.20732,19.42281],[-99.20704,19.42308],[-99.20872,19.42269],[-99.20864,19.42369],[-99.20895,19.4248],[-99.2081,19.42517],[-99.20527,19.42707],[-99.20398,19.42747],[-99.2032,19.427],[-99.20335,19.42583],[-99.20255,19.42355],[-99.20306,19.42224],[-99.20249,19.42226],[-99.20324,19.42115],[-99.20383,19.42181],[-99.2045,19.42112],[-99.20488,19.42027],[-99.20331,19.41981],[-99.20251,19.41934],[-99.20375,19.41894],[-99.2048,19.41801]]]}},{"type":"Feature","properties":{"ageb_code":"090160001100A","cvegeo":"090160001100A","alcaldia":"Miguel Hidalgo","centroid_lat":19.42264,"centroid_lng":-99.20586},"geometry":{"type":"Polygon","coordinates":[[[-99.20494,19.42342],[-99.2044,19.42243],[-99.20544,19.42184],[-99.20697,19.42221],[-99.20731,19.42261],[-99.20624,19.42346],[-99.20556,19.42327],[-99.20494,19.42342]]]}},{"type":"Feature","properties":{"ageb_code":"0901600011014","cvegeo":"0901600011014","alcaldia":"Miguel Hidalgo","centroid_lat":19.41686,"centroid_lng":-99.19973},"geometry":{"type":"Polygon","coordinates":[[[-99.19705,19.42238],[-99.19634,19.42181],[-99.19555,19.42069],[-99.19537,19.4201],[-99.19536,19.41835],[-99.19341,19.41447],[-99.19337,19.41368],[-99.19383,19.41085],[-99.20291,19.4059],[-99.20318,19.41207],[-99.20388,19.41551],[-99.20467,19.41646],[-99.20512,19.41749],[-99.20505,19.41776],[-99.20375,19.41894],[-99.20251,19.41934],[-99.20331,19.41981],[-99.20488,19.42027],[-99.2045,19.42112],[-99.20383,19.42181],[-99.20324,19.42115],[-99.20249,19.42226],[-99.20306,19.42224],[-99.20255,19.42355],[-99.20335,19.42583],[-99.2032,19.427],[-99.20398,19.42747],[-99.20248,19.42788],[-99.20109,19.42711],[-99.20214,19.4269],[-99.19928,19.42323],[-99.19877,19.42284],[-99.19705,19.42238]]]}},{"type":"Feature","properties":{"ageb_code":"0901600011029","cvegeo":"0901600011029","alcaldia":"Miguel Hidalgo","centroid_lat":19.4118,"centroid_lng":-99.18474},"geometry":{"type":"Polygon","coordinates":[[[-99.18501,19.4093],[-99.18474,19.40986],[-99.18585,19.4103],[-99.18551,19.4113],[-99.18646,19.41163],[-99.18684,19.41067],[-99.18786,19.41098],[-99.18745,19.41198],[-99.18983,19.41285],[-99.18715,19.41424],[-99.18162,19.41236],[-99.18355,19.40932],[-99.18501,19.4093]]]}},{"type":"Feature","properties":{"ageb_code":"0901600011033","cvegeo":"0901600011033","alcaldia":"Miguel Hidalgo","centroid_lat":19.41023,"centroid_lng":-99.23725},"geometry":{"type":"Polygon","coordinates":[[[-99.23089,19.41331],[-99.2306,19.41309],[-99.23076,19.41228],[-99.23042,19.41135],[-99.23078,19.41075],[-99.23084,19.41025],[-99.23005,19.40887],[-99.23055,19.40837],[-99.22922,19.40676],[-99.2298,19.40614],[-99.2287,19.40564],[-99.22936,19.4049],[-99.23071,19.40569],[-99.23192,19.4056],[-99.23248,19.40679],[-99.23273,19.40686],[-99.23324,19.40661],[-99.23366,19.40671],[-99.23375,19.40716],[-99.23309,19.40843],[-99.23341,19.409],[-99.23369,19.4102],[-99.23424,19.4107],[-99.23485,19.41078],[-99.23541,19.41057],[-99.23525,19.41017],[-99.2346,19.41007],[-99.23478,19.40917],[-99.23385,19.40842],[-99.23426,19.4075],[-99.23446,19.40735],[-99.23563,19.40769],[-99.23583,19.40745],[-99.23791,19.4091],[-99.23805,19.40937],[-99.2388,19.40891],[-99.23928,19.40995],[-99.23894,19.41145],[-99.23974,19.41184],[-99.23991,19.41219],[-99.2384,19.41201],[-99.2373,19.41236],[-99.23691,19.41271],[-99.23593,19.4145],[-99.23554,19.4145],[-99.23442,19.41557],[-99.23415,19.4155],[-99.23371,19.41501],[-99.23384,19.41352],[-99.23333,19.41331],[-99.23304,19.41358],[-99.23243,19.41296],[-99.23163,19.41271],[-99.23095,19.41307],[-99.23089,19.41331]]]}},{"type":"Feature","properties":{"ageb_code":"0901600011048","cvegeo":"0901600011048","alcaldia":"Miguel Hidalgo","centroid_lat":19.41082,"centroid_lng":-99.22741},"geometry":{"type":"Polygon","coordinates":[[[-99.23089,19.41331],[-99.23154,19.41316],[-99.23222,19.4137],[-99.23221,19.41449],[-99.22982,19.41406],[-99.2296,19.41383],[-99.2294,19.41404],[-99.22773,19.41396],[-99.22586,19.41409],[-99.22325,19.41477],[-99.22251,19.41465],[-99.22229,19.41446],[-99.22271,19.41275],[-99.2245,19.41024],[-99.22514,19.41002],[-99.22566,19.40963],[-99.22616,19.4087],[-99.22669,19.40917],[-99.22922,19.40676],[-99.23055,19.40837],[-99.23005,19.40887],[-99.23084,19.41025],[-99.23078,19.41075],[-99.23042,19.41135],[-99.23076,19.41228],[-99.2306,19.41309],[-99.23089,19.41331]]]}},{"type":"Feature","properties":{"ageb_code":"0901600011052","cvegeo":"0901600011052","alcaldia":"Miguel Hidalgo","centroid_lat":19.40972,"centroid_lng":-99.22269},"geometry":{"type":"Polygon","coordinates":[[[-99.22744,19.40497],[-99.2298,19.40614],[-99.22669,19.40917],[-99.22616,19.4087],[-99.22566,19.40963],[-99.22514,19.41002],[-99.2245,19.41024],[-99.22271,19.41275],[-99.22231,19.41456],[-99.21646,19.41154],[-99.21784,19.41018],[-99.21899,19.41082],[-99.22236,19.40632],[-99.22275,19.40653],[-99.22323,19.40599],[-99.22384,19.40563],[-99.22492,19.40537],[-99.22687,19.40557],[-99.22744,19.40497]]]}},{"type":"Feature","properties":{"ageb_code":"0901600011067","cvegeo":"0901600011067","alcaldia":"Miguel Hidalgo","centroid_lat":19.4111,"centroid_lng":-99.21381},"geometry":{"type":"Polygon","coordinates":[[[-99.21292,19.41529],[-99.21222,19.41528],[-99.21199,19.41513],[-99.21217,19.41475],[-99.21195,19.41419],[-99.21159,19.414],[-99.21084,19.41393],[-99.21056,19.41354],[-99.21051,19.41233],[-99.21074,19.4108],[-99.21055,19.41019],[-99.21062,19.40976],[-99.21179,19.40923],[-99.21377,19.4079],[-99.21419,19.40804],[-99.21478,19.40858],[-99.21529,19.40812],[-99.21542,19.40862],[-99.21578,19.4088],[-99.21726,19.40891],[-99.21838,19.4088],[-99.21978,19.40788],[-99.22055,19.40658],[-99.22147,19.40582],[-99.22236,19.40632],[-99.21899,19.41082],[-99.21784,19.41018],[-99.21646,19.41154],[-99.21847,19.41254],[-99.21671,19.41435],[-99.2155,19.41531],[-99.21425,19.41583],[-99.21361,19.41627],[-99.21292,19.41529]]]}},{"type":"Feature","properties":{"ageb_code":"0901600011071","cvegeo":"0901600011071","alcaldia":"Miguel Hidalgo","centroid_lat":19.40745,"centroid_lng":-99.2152},"geometry":{"type":"Polygon","coordinates":[[[-99.2048,19.41801],[-99.20512,19.41753],[-99.2049,19.41693],[-99.2056,19.41665],[-99.20622,19.4166],[-99.20683,19.41599],[-99.20717,19.41522],[-99.20806,19.41605],[-99.2082,19.4158],[-99.20915,19.4156],[-99.20979,19.41497],[-99.21025,19.41387],[-99.21017,19.41312],[-99.20979,19.41202],[-99.20982,19.4109],[-99.21004,19.41032],[-99.21002,19.41001],[-99.20936,19.40947],[-99.20998,19.40892],[-99.21036,19.40817],[-99.21026,19.40757],[-99.21037,19.40722],[-99.2102,19.40717],[-99.21013,19.40676],[-99.21142,19.40511],[-99.2122,19.40466],[-99.21366,19.40338],[-99.21371,19.40198],[-99.21353,19.40099],[-99.21267,19.39976],[-99.21486,19.39871],[-99.22358,19.39585],[-99.22499,19.39563],[-99.22378,19.39886],[-99.22239,19.40062],[-99.21712,19.404],[-99.22027,19.40335],[-99.22056,19.40376],[-99.2207,19.40447],[-99.22039,19.4051],[-99.22161,19.40453],[-99.22276,19.40453],[-99.22296,19.40476],[-99.22291,19.40496],[-99.222,19.40527],[-99.22067,19.40644],[-99.21978,19.40788],[-99.21838,19.4088],[-99.21726,19.40891],[-99.21578,19.4088],[-99.21542,19.40862],[-99.21529,19.40812],[-99.21478,19.40858],[-99.21419,19.40804],[-99.21377,19.4079],[-99.21179,19.40923],[-99.21062,19.40976],[-99.21055,19.41019],[-99.21074,19.4108],[-99.21051,19.41233],[-99.21056,19.41354],[-99.21084,19.41393],[-99.21159,19.414],[-99.21195,19.41419],[-99.21217,19.41475],[-99.21206,19.41504],[-99.20977,19.41629],[-99.2085,19.41726],[-99.20797,19.41791],[-99.20718,19.41939],[-99.2048,19.41801]]]}},{"type":"Feature","properties":{"ageb_code":"0901600011086","cvegeo":"0901600011086","alcaldia":"Miguel Hidalgo","centroid_lat":19.40835,"centroid_lng":-99.20657},"geometry":{"type":"Polygon","coordinates":[[[-99.2049,19.41693],[-99.20388,19.41551],[-99.20318,19.41207],[-99.20291,19.4059],[-99.21267,19.39976],[-99.21353,19.40099],[-99.21371,19.40198],[-99.21366,19.40338],[-99.2122,19.40466],[-99.21142,19.40511],[-99.21013,19.40676],[-99.2102,19.40717],[-99.21037,19.40722],[-99.21026,19.40757],[-99.21036,19.40817],[-99.20998,19.40892],[-99.20936,19.40947],[-99.21002,19.41001],[-99.21004,19.41032],[-99.20982,19.4109],[-99.20979,19.41202],[-99.21017,19.41312],[-99.21025,19.41387],[-99.20979,19.41497],[-99.20915,19.4156],[-99.2082,19.4158],[-99.20806,19.41605],[-99.20717,19.41522],[-99.20683,19.41599],[-99.20622,19.4166],[-99.2056,19.41665],[-99.2049,19.41693]]]}},{"type":"Feature","properties":{"ageb_code":"0901600011090","cvegeo":"0901600011090","alcaldia":"Miguel Hidalgo","centroid_lat":19.40276,"centroid_lng":-99.20551},"geometry":{"type":"Polygon","coordinates":[[[-99.20308,19.40143],[-99.21045,19.40044],[-99.21267,19.39976],[-99.20291,19.4059],[-99.20234,19.40512],[-99.20334,19.40507],[-99.20313,19.40444],[-99.20308,19.40143]]]}},{"type":"Feature","properties":{"ageb_code":"0901600011103","cvegeo":"0901600011103","alcaldia":"Miguel Hidalgo","centroid_lat":19.40424,"centroid_lng":-99.20195},"geometry":{"type":"Polygon","coordinates":[[[-99.20155,19.40165],[-99.20308,19.40143],[-99.20313,19.40444],[-99.20334,19.40507],[-99.20234,19.40512],[-99.20291,19.4059],[-99.20086,19.40705],[-99.20065,19.40532],[-99.20077,19.40447],[-99.20073,19.40255],[-99.20157,19.4018],[-99.20155,19.40165]]]}},{"type":"Feature","properties":{"ageb_code":"0901600011118","cvegeo":"0901600011118","alcaldia":"Miguel Hidalgo","centroid_lat":19.40551,"centroid_lng":-99.1989},"geometry":{"type":"Polygon","coordinates":[[[-99.19722,19.40903],[-99.1971,19.40527],[-99.19671,19.40319],[-99.19831,19.40293],[-99.20155,19.40165],[-99.20157,19.4018],[-99.20073,19.40255],[-99.20077,19.40447],[-99.20065,19.40532],[-99.20086,19.40705],[-99.19722,19.40903]]]}},{"type":"Feature","properties":{"ageb_code":"0901600011122","cvegeo":"0901600011122","alcaldia":"Miguel Hidalgo","centroid_lat":19.40877,"centroid_lng":-99.19567},"geometry":{"type":"Polygon","coordinates":[[[-99.19474,19.40733],[-99.19588,19.40663],[-99.19716,19.4066],[-99.19722,19.40903],[-99.19383,19.41085],[-99.19412,19.40868],[-99.1939,19.40802],[-99.19332,19.40735],[-99.19474,19.40733]]]}},{"type":"Feature","properties":{"ageb_code":"0901600011137","cvegeo":"0901600011137","alcaldia":"Miguel Hidalgo","centroid_lat":19.40549,"centroid_lng":-99.19461},"geometry":{"type":"Polygon","coordinates":[[[-99.19216,19.4062],[-99.1922,19.40374],[-99.19671,19.40319],[-99.1971,19.40527],[-99.19716,19.4066],[-99.19588,19.40663],[-99.19492,19.40732],[-99.19332,19.40735],[-99.19258,19.40677],[-99.19216,19.4062]]]}},{"type":"Feature","properties":{"ageb_code":"0901600011141","cvegeo":"0901600011141","alcaldia":"Miguel Hidalgo","centroid_lat":19.40939,"centroid_lng":-99.19225},"geometry":{"type":"Polygon","coordinates":[[[-99.19002,19.40849],[-99.19206,19.40783],[-99.19216,19.4062],[-99.19258,19.40677],[-99.19381,19.40787],[-99.19412,19.40868],[-99.19383,19.41085],[-99.19153,19.41206],[-99.19002,19.40849]]]}},{"type":"Feature","properties":{"ageb_code":"0901600011156","cvegeo":"0901600011156","alcaldia":"Miguel Hidalgo","centroid_lat":19.40207,"centroid_lng":-99.18981},"geometry":{"type":"Polygon","coordinates":[[[-99.19002,19.40849],[-99.18775,19.40386],[-99.18933,19.40388],[-99.18943,19.40231],[-99.188,19.40219],[-99.18721,19.40228],[-99.1888,19.39959],[-99.18813,19.39962],[-99.1878,19.39836],[-99.18506,19.39851],[-99.18531,19.39593],[-99.18638,19.39565],[-99.18906,19.39559],[-99.19061,19.39932],[-99.19128,19.40026],[-99.19213,19.40098],[-99.19232,19.40139],[-99.19206,19.40783],[-99.19002,19.40849]]]}},{"type":"Feature","properties":{"ageb_code":"0901600011160","cvegeo":"0901600011160","alcaldia":"Miguel Hidalgo","centroid_lat":19.40816,"centroid_lng":-99.187},"geometry":{"type":"Polygon","coordinates":[[[-99.18775,19.40386],[-99.19153,19.41206],[-99.18983,19.41285],[-99.18745,19.41198],[-99.18786,19.41098],[-99.18684,19.41067],[-99.18646,19.41163],[-99.18551,19.4113],[-99.18585,19.4103],[-99.18474,19.40986],[-99.18501,19.4093],[-99.18355,19.40932],[-99.1843,19.40783],[-99.18603,19.40777],[-99.186,19.40572],[-99.18539,19.40571],[-99.18634,19.40391],[-99.18775,19.40386]]]}},{"type":"Feature","properties":{"ageb_code":"0901600011175","cvegeo":"0901600011175","alcaldia":"Miguel Hidalgo","centroid_lat":19.40446,"centroid_lng":-99.18459},"geometry":{"type":"Polygon","coordinates":[[[-99.18721,19.40228],[-99.18943,19.40231],[-99.18933,19.40388],[-99.18634,19.40391],[-99.18539,19.40571],[-99.186,19.40572],[-99.18603,19.40777],[-99.1843,19.40783],[-99.18442,19.40627],[-99.18299,19.40583],[-99.18323,19.40326],[-99.18687,19.40315],[-99.18705,19.40286],[-99.18702,19.40239],[-99.18721,19.40228]]]}},{"type":"Feature","properties":{"ageb_code":"090160001118A","cvegeo":"090160001118A","alcaldia":"Miguel Hidalgo","centroid_lat":19.40448,"centroid_lng":-99.17869},"geometry":{"type":"Polygon","coordinates":[[[-99.1843,19.40783],[-99.17347,19.40421],[-99.17461,19.40115],[-99.18162,19.40335],[-99.18323,19.40326],[-99.18299,19.40583],[-99.18442,19.40627],[-99.1843,19.40783]]]}},{"type":"Feature","properties":{"ageb_code":"0901600011194","cvegeo":"0901600011194","alcaldia":"Miguel Hidalgo","centroid_lat":19.40103,"centroid_lng":-99.18643},"geometry":{"type":"Polygon","coordinates":[[[-99.1888,19.39959],[-99.18762,19.40174],[-99.18702,19.40239],[-99.18705,19.40286],[-99.18687,19.40315],[-99.18332,19.40326],[-99.18341,19.4014],[-99.18482,19.40137],[-99.18506,19.39851],[-99.1878,19.39836],[-99.18813,19.39962],[-99.1888,19.39959]]]}},{"type":"Feature","properties":{"ageb_code":"0901600011207","cvegeo":"0901600011207","alcaldia":"Miguel Hidalgo","centroid_lat":19.40083,"centroid_lng":-99.1798},"geometry":{"type":"Polygon","coordinates":[[[-99.18162,19.40335],[-99.17461,19.40115],[-99.17561,19.39833],[-99.17736,19.39928],[-99.17823,19.39954],[-99.18496,19.39983],[-99.18482,19.40137],[-99.18341,19.4014],[-99.18332,19.40326],[-99.18162,19.40335]]]}},{"type":"Feature","properties":{"ageb_code":"0901600011211","cvegeo":"0901600011211","alcaldia":"Miguel Hidalgo","centroid_lat":19.3979,"centroid_lng":-99.18078},"geometry":{"type":"Polygon","coordinates":[[[-99.17736,19.39928],[-99.17561,19.39833],[-99.17553,19.39809],[-99.1789,19.39737],[-99.17951,19.3974],[-99.1821,19.39696],[-99.1841,19.39616],[-99.18531,19.39593],[-99.18496,19.39983],[-99.17823,19.39954],[-99.17736,19.39928]]]}},{"type":"Feature","properties":{"ageb_code":"0901600011226","cvegeo":"0901600011226","alcaldia":"Miguel Hidalgo","centroid_lat":19.40084,"centroid_lng":-99.17262},"geometry":{"type":"Polygon","coordinates":[[[-99.17108,19.4035],[-99.17037,19.40033],[-99.17044,19.39979],[-99.17452,19.39854],[-99.17553,19.39809],[-99.17542,19.39904],[-99.17347,19.40421],[-99.17108,19.4035]]]}},{"type":"Feature","properties":{"ageb_code":"0901600011230","cvegeo":"0901600011230","alcaldia":"Miguel Hidalgo","centroid_lat":19.40902,"centroid_lng":-99.24283},"geometry":{"type":"Polygon","coordinates":[[[-99.2388,19.40891],[-99.23993,19.40824],[-99.24221,19.40591],[-99.24338,19.40686],[-99.24355,19.40722],[-99.24352,19.408],[-99.24417,19.4087],[-99.24458,19.40837],[-99.24486,19.40681],[-99.24515,19.40634],[-99.24562,19.40602],[-99.24616,19.40601],[-99.24591,19.40751],[-99.24649,19.40822],[-99.24679,19.40824],[-99.24723,19.40796],[-99.24746,19.40773],[-99.2475,19.40718],[-99.24779,19.40703],[-99.24783,19.40716],[-99.24781,19.40778],[-99.24745,19.40848],[-99.24753,19.40881],[-99.24423,19.40994],[-99.2437,19.41053],[-99.24233,19.4113],[-99.23991,19.41219],[-99.23974,19.41184],[-99.23894,19.41145],[-99.23928,19.40995],[-99.2388,19.40891]]]}},{"type":"Feature","properties":{"ageb_code":"0901600011245","cvegeo":"0901600011245","alcaldia":"Miguel Hidalgo","centroid_lat":19.40574,"centroid_lng":-99.23969},"geometry":{"type":"Polygon","coordinates":[[[-99.23791,19.4091],[-99.23808,19.40889],[-99.23862,19.40612],[-99.23917,19.40525],[-99.24073,19.40326],[-99.24116,19.40293],[-99.24203,19.40243],[-99.24306,19.40224],[-99.24314,19.40269],[-99.24265,19.40358],[-99.24188,19.40419],[-99.24142,19.40488],[-99.24063,19.40559],[-99.24019,19.40631],[-99.23991,19.40731],[-99.24024,19.40792],[-99.23835,19.40924],[-99.23805,19.40937],[-99.23791,19.4091]]]}},{"type":"Feature","properties":{"ageb_code":"090160001125A","cvegeo":"090160001125A","alcaldia":"Miguel Hidalgo","centroid_lat":19.40515,"centroid_lng":-99.24574},"geometry":{"type":"Polygon","coordinates":[[[-99.24781,19.40778],[-99.24779,19.40703],[-99.2475,19.40718],[-99.24746,19.40773],[-99.24723,19.40796],[-99.24679,19.40824],[-99.24649,19.40822],[-99.24591,19.40751],[-99.24616,19.40601],[-99.24562,19.40602],[-99.24515,19.40634],[-99.24486,19.40681],[-99.24458,19.40837],[-99.24417,19.4087],[-99.24352,19.408],[-99.24355,19.40722],[-99.24338,19.40686],[-99.24221,19.40591],[-99.24638,19.40145],[-99.24855,19.40324],[-99.24796,19.40414],[-99.24887,19.40579],[-99.2496,19.40505],[-99.24963,19.40469],[-99.24924,19.40422],[-99.24961,19.40379],[-99.24961,19.403],[-99.25027,19.40149],[-99.2506,19.40147],[-99.25079,19.40175],[-99.2509,19.40308],[-99.25148,19.40413],[-99.2517,19.40425],[-99.25304,19.40313],[-99.25376,19.40323],[-99.25401,19.40312],[-99.2543,19.40275],[-99.25423,19.40197],[-99.25472,19.40181],[-99.25479,19.4029],[-99.25504,19.40355],[-99.25453,19.40428],[-99.25349,19.40428],[-99.25344,19.40484],[-99.25372,19.40501],[-99.25334,19.40509],[-99.25284,19.40574],[-99.25094,19.40642],[-99.25007,19.40723],[-99.24941,19.40752],[-99.24831,19.40865],[-99.24753,19.40881],[-99.24745,19.40848],[-99.24781,19.40778]]]}},{"type":"Feature","properties":{"ageb_code":"0901600011264","cvegeo":"0901600011264","alcaldia":"Miguel Hidalgo","centroid_lat":19.40518,"centroid_lng":-99.23756},"geometry":{"type":"Polygon","coordinates":[[[-99.23324,19.40661],[-99.23538,19.40574],[-99.23648,19.40456],[-99.23725,19.40414],[-99.23742,19.40335],[-99.23854,19.40255],[-99.23929,19.40119],[-99.24078,19.40089],[-99.24151,19.39986],[-99.24482,19.40003],[-99.24669,19.3996],[-99.2471,19.39971],[-99.24707,19.39997],[-99.24585,19.401],[-99.24638,19.40145],[-99.24024,19.40792],[-99.23991,19.40731],[-99.24019,19.40631],[-99.24063,19.40559],[-99.24142,19.40488],[-99.24188,19.40419],[-99.24265,19.40358],[-99.24314,19.40269],[-99.24306,19.40224],[-99.24203,19.40243],[-99.24116,19.40293],[-99.24073,19.40326],[-99.23917,19.40525],[-99.23862,19.40612],[-99.23796,19.40908],[-99.23583,19.40745],[-99.23563,19.40769],[-99.23481,19.40735],[-99.23426,19.4075],[-99.23385,19.40842],[-99.23478,19.40917],[-99.2346,19.41007],[-99.23525,19.41017],[-99.23541,19.41057],[-99.23446,19.41078],[-99.23369,19.4102],[-99.23341,19.409],[-99.23309,19.40843],[-99.23375,19.40716],[-99.23375,19.4069],[-99.23351,19.40661],[-99.23324,19.40661]]]}},{"type":"Feature","properties":{"ageb_code":"0901600011279","cvegeo":"0901600011279","alcaldia":"Miguel Hidalgo","centroid_lat":19.40169,"centroid_lng":-99.23527},"geometry":{"type":"Polygon","coordinates":[[[-99.22936,19.4049],[-99.23285,19.40079],[-99.23596,19.39758],[-99.2372,19.39681],[-99.2379,19.39722],[-99.23847,19.39815],[-99.239,19.39856],[-99.23905,19.39934],[-99.23853,19.3998],[-99.23837,19.40039],[-99.23841,19.40079],[-99.23874,19.40078],[-99.23872,19.4011],[-99.2384,19.40187],[-99.23781,19.40225],[-99.23781,19.40243],[-99.23729,19.40294],[-99.23751,19.40327],[-99.23725,19.40414],[-99.23648,19.40456],[-99.23508,19.40595],[-99.23273,19.40686],[-99.23227,19.40656],[-99.23192,19.4056],[-99.23071,19.40569],[-99.22936,19.4049]]]}},{"type":"Feature","properties":{"ageb_code":"0901600011283","cvegeo":"0901600011283","alcaldia":"Miguel Hidalgo","centroid_lat":19.39847,"centroid_lng":-99.2295},"geometry":{"type":"Polygon","coordinates":[[[-99.22275,19.40653],[-99.22147,19.40582],[-99.22214,19.40517],[-99.22291,19.40496],[-99.22287,19.4046],[-99.2214,19.40456],[-99.22039,19.4051],[-99.2207,19.40447],[-99.22031,19.40336],[-99.21712,19.404],[-99.22239,19.40062],[-99.22378,19.39886],[-99.22499,19.39563],[-99.22735,19.3958],[-99.23107,19.3949],[-99.23258,19.3949],[-99.23604,19.39356],[-99.23784,19.39349],[-99.23892,19.39267],[-99.239,19.39106],[-99.23915,19.39127],[-99.23967,19.39397],[-99.23969,19.39433],[-99.23949,19.39472],[-99.23788,19.39636],[-99.23596,19.39758],[-99.23452,19.39902],[-99.2287,19.40564],[-99.22744,19.40497],[-99.22687,19.40557],[-99.22492,19.40537],[-99.22384,19.40563],[-99.22323,19.40599],[-99.22275,19.40653]]]}},{"type":"Feature","properties":{"ageb_code":"0901600011298","cvegeo":"0901600011298","alcaldia":"Miguel Hidalgo","centroid_lat":19.39933,"centroid_lng":-99.25184},"geometry":{"type":"Polygon","coordinates":[[[-99.24638,19.40145],[-99.25009,19.39773],[-99.25116,19.39729],[-99.25483,19.39634],[-99.25585,19.39593],[-99.25665,19.39533],[-99.25925,19.3926],[-99.25963,19.39431],[-99.25635,19.39651],[-99.25568,19.39726],[-99.25525,19.39868],[-99.2554,19.40036],[-99.25523,19.40151],[-99.2554,19.40201],[-99.25538,19.40258],[-99.25581,19.40357],[-99.25486,19.40455],[-99.25372,19.40501],[-99.25344,19.40484],[-99.25349,19.40428],[-99.25453,19.40428],[-99.25504,19.40355],[-99.25479,19.4029],[-99.25472,19.40181],[-99.25423,19.40197],[-99.2543,19.40275],[-99.25401,19.40312],[-99.25376,19.40323],[-99.25304,19.40313],[-99.2517,19.40425],[-99.25148,19.40413],[-99.2509,19.40308],[-99.25079,19.40175],[-99.2506,19.40147],[-99.25039,19.40146],[-99.25018,19.40157],[-99.24974,19.40262],[-99.24961,19.40379],[-99.24924,19.40422],[-99.24963,19.40469],[-99.2496,19.40505],[-99.24897,19.40578],[-99.24879,19.40577],[-99.24849,19.40492],[-99.24796,19.40414],[-99.24855,19.40324],[-99.24638,19.40145]]]}},{"type":"Feature","properties":{"ageb_code":"0901600011300","cvegeo":"0901600011300","alcaldia":"Miguel Hidalgo","centroid_lat":19.39462,"centroid_lng":-99.24671},"geometry":{"type":"Polygon","coordinates":[[[-99.2372,19.39681],[-99.23827,19.39599],[-99.23965,19.39444],[-99.23915,19.39127],[-99.239,19.39106],[-99.23942,19.38959],[-99.23993,19.38886],[-99.24268,19.38704],[-99.2432,19.38692],[-99.24548,19.38739],[-99.24624,19.38709],[-99.24765,19.38596],[-99.24833,19.38769],[-99.24853,19.39041],[-99.24781,19.39186],[-99.24695,19.39266],[-99.24674,19.39354],[-99.24704,19.39418],[-99.24799,19.39427],[-99.2489,19.39354],[-99.24925,19.39343],[-99.25063,19.3937],[-99.25148,19.39346],[-99.25256,19.39352],[-99.25288,19.39357],[-99.25393,19.39468],[-99.25475,19.39522],[-99.25493,19.39496],[-99.25436,19.39415],[-99.25484,19.39371],[-99.25596,19.3934],[-99.25667,19.39287],[-99.25838,19.39271],[-99.25879,19.39243],[-99.25925,19.3926],[-99.25665,19.39533],[-99.25585,19.39593],[-99.25483,19.39634],[-99.25116,19.39729],[-99.25009,19.39773],[-99.24638,19.40145],[-99.24585,19.401],[-99.24707,19.39997],[-99.2471,19.39971],[-99.24688,19.39958],[-99.24482,19.40003],[-99.24168,19.39982],[-99.24137,19.39994],[-99.24078,19.40089],[-99.23929,19.40119],[-99.23854,19.40255],[-99.23751,19.40327],[-99.23729,19.40294],[-99.23781,19.40243],[-99.23781,19.40225],[-99.2384,19.40187],[-99.23872,19.4011],[-99.23874,19.40078],[-99.23841,19.40079],[-99.23837,19.40039],[-99.23853,19.3998],[-99.23905,19.39934],[-99.23911,19.39906],[-99.239,19.39856],[-99.23847,19.39815],[-99.2379,19.39722],[-99.2372,19.39681]]]}},{"type":"Feature","properties":{"ageb_code":"0901600011315","cvegeo":"0901600011315","alcaldia":"Miguel Hidalgo","centroid_lat":19.44975,"centroid_lng":-99.20263},"geometry":{"type":"Polygon","coordinates":[[[-99.2012,19.45162],[-99.20201,19.44785],[-99.20361,19.4484],[-99.20408,19.44894],[-99.20393,19.44922],[-99.20403,19.44948],[-99.20279,19.45055],[-99.20245,19.45052],[-99.20239,19.45082],[-99.2012,19.45162]]]}},{"type":"Feature","properties":{"ageb_code":"090160001132A","cvegeo":"090160001132A","alcaldia":"Miguel Hidalgo","centroid_lat":19.44961,"centroid_lng":-99.20076},"geometry":{"type":"Polygon","coordinates":[[[-99.19948,19.45142],[-99.20049,19.44729],[-99.20201,19.44785],[-99.2012,19.45162],[-99.20093,19.4518],[-99.19948,19.45142]]]}},{"type":"Feature","properties":{"ageb_code":"0901600011334","cvegeo":"0901600011334","alcaldia":"Miguel Hidalgo","centroid_lat":19.45217,"centroid_lng":-99.1921},"geometry":{"type":"Polygon","coordinates":[[[-99.19056,19.45109],[-99.19184,19.45122],[-99.19397,19.45191],[-99.19342,19.4537],[-99.19009,19.45295],[-99.19056,19.45109]]]}},{"type":"Feature","properties":{"ageb_code":"0901600011349","cvegeo":"0901600011349","alcaldia":"Miguel Hidalgo","centroid_lat":19.44833,"centroid_lng":-99.19311},"geometry":{"type":"Polygon","coordinates":[[[-99.19057,19.45106],[-99.19105,19.44913],[-99.1918,19.44477],[-99.19599,19.44534],[-99.19397,19.45191],[-99.19184,19.45122],[-99.19057,19.45106]]]}},{"type":"Feature","properties":{"ageb_code":"0901600011353","cvegeo":"0901600011353","alcaldia":"Miguel Hidalgo","centroid_lat":19.43383,"centroid_lng":-99.21979},"geometry":{"type":"Polygon","coordinates":[[[-99.22115,19.43582],[-99.21909,19.43428],[-99.21822,19.43252],[-99.21839,19.43245],[-99.21831,19.43226],[-99.21944,19.43182],[-99.22029,19.43346],[-99.22203,19.43476],[-99.22115,19.43582]]]}},{"type":"Feature","properties":{"ageb_code":"0901600011368","cvegeo":"0901600011368","alcaldia":"Miguel Hidalgo","centroid_lat":19.43495,"centroid_lng":-99.21811},"geometry":{"type":"Polygon","coordinates":[[[-99.21554,19.43358],[-99.21693,19.43306],[-99.21682,19.43283],[-99.21831,19.43226],[-99.21839,19.43245],[-99.21822,19.43252],[-99.21909,19.43428],[-99.22115,19.43582],[-99.2196,19.43771],[-99.21659,19.43563],[-99.21554,19.43358]]]}}]}