{"type":"FeatureCollection","features":[{"type":"Feature","properties":{"colonia":"Algarin","alc":"Cuauhtémoc","cve_alc":"015","cve_col":"015-001","clasif":"Colonia","entidad":"Ciudad de México","cve_ent":"09"},"geometry":{"type":"Polygon","coordinates":[[[-99.14499269221317,19.40387286694016],[-99.1448945979808,19.403867301931797],[-99.14453767036896,19.403853108956447],[-99.14418085774147,19.40383781365387],[-99.14344768514593,19.40379549737689],[-99.14322544733449,19.403785030783947],[-99.14285017163301,19.403762081888882],[-99.14268530382891,19.403754412203945],[-99.14252569925405,19.40374697721837],[-99.1421472551945,19.403725841522643],[-99.14180915447443,19.403705442121012],[-99.14120621783213,19.403669077190326],[-99.14060045329332,19.40363765704983],[-99.14041536171725,19.40362918751501],[-99.14023026025968,19.40362072645256],[-99.13982038145345,19.4035962676589],[-99.13944575433554,19.40357240959219],[-99.13890728888285,19.40353557607865],[-99.1380164179375,19.403487236316113],[-99.13753353304809,19.40345926631895],[-99.13740469846672,19.40345179573353],[-99.13705064815873,19.403431294622305],[-99.13648396572465,19.40338914939291],[-99.13644675570899,19.403632573295415],[-99.13640953581177,19.40387598751351],[-99.13632193659686,19.404453331520845],[-99.13621443610513,19.405125947274446],[-99.13610988478246,19.40595517076763],[-99.13609631393348,19.406054768537867],[-99.13590033297952,19.40720559664915],[-99.13577789350461,19.40809500971915],[-99.13593018130149,19.408008799211522],[-99.1360329548582,19.407944848135873],[-99.1361072482271,19.407901083248113],[-99.13617630351965,19.40786973424859],[-99.13622997785787,19.407848007693918],[-99.13628692475865,19.407827212286602],[-99.1363582725518,19.407806726130495],[-99.13646824341055,19.407783149127916],[-99.136556929587,19.407772291352416],[-99.136608640208,19.407767026411303],[-99.13669803964676,19.407758263935687],[-99.1367357401426,19.40775476640133],[-99.13689053603572,19.407742393703387],[-99.13730080650743,19.407709997446133],[-99.13769988217409,19.40768659242561],[-99.13793494074125,19.40766687218511],[-99.13841617542549,19.407625499917664],[-99.13866235154259,19.407603857210173],[-99.13959272500422,19.407526493658043],[-99.14049016532927,19.407461428229283],[-99.14088701317404,19.40743812399845],[-99.14137772598279,19.40739635684369],[-99.1422333470364,19.40731886101818],[-99.14276874294572,19.407280301609987],[-99.14300136348518,19.407265487033722],[-99.14301245139072,19.407264775324002],[-99.14328189656865,19.40724075427151],[-99.14337549293643,19.407233307583606],[-99.14368180946511,19.407207891066527],[-99.14390173321632,19.407192386802755],[-99.14400071678091,19.407184994338156],[-99.14407118602166,19.407179892054614],[-99.14413736131537,19.40717564721218],[-99.14418469264942,19.40717472283624],[-99.14423201410195,19.407173789987603],[-99.14449474437309,19.40718465797035],[-99.14464611948158,19.407191918260384],[-99.14467798721628,19.40688712475673],[-99.14474700298295,19.40621371391294],[-99.14481107262566,19.405588431849377],[-99.14481600886818,19.405540312142982],[-99.14486792789832,19.405031407227746],[-99.14487917300904,19.404921116085774],[-99.14491984603018,19.404522510887748],[-99.14499269221317,19.40387286694016]]]}},{"type":"Feature","properties":{"colonia":"Ampl. Asturias","alc":"Cuauhtémoc","cve_alc":"015","cve_col":"015-002","clasif":"Colonia","entidad":"Ciudad de México","cve_ent":"09"},"geometry":{"type":"Polygon","coordinates":[[[-99.13609631393348,19.406054768537867],[-99.1358821187388,19.40602490700606],[-99.13544718142774,19.405968413758433],[-99.13544164241564,19.40596769950113],[-99.13492523778977,19.405895568823162],[-99.13446227304176,19.405833857974613],[-99.13393629417158,19.40576808015252],[-99.1334657548291,19.405702021853568],[-99.13332494750155,19.405683566364022],[-99.1332097035321,19.40566869063811],[-99.13297811246194,19.405635625462292],[-99.1326567563387,19.405587743009004],[-99.13246306249546,19.405563082010577],[-99.1322859856884,19.40554054599301],[-99.13205007282339,19.405511461324966],[-99.13183077789287,19.405484492316884],[-99.13149517269265,19.405444289591948],[-99.1313687078669,19.405429130851612],[-99.13092364744088,19.405371288521884],[-99.13011470374776,19.405242576809385],[-99.13006856447812,19.405236977956463],[-99.1300296198156,19.405232933869737],[-99.12997578018737,19.405230277634086],[-99.12995270965426,19.405230742793034],[-99.12993045748634,19.405232914382147],[-99.12990067653804,19.40523818194718],[-99.12984830924854,19.405249043280932],[-99.12981722304812,19.4052577330254],[-99.12974914961423,19.405281007066396],[-99.1296856530967,19.405305213116144],[-99.12942835403973,19.40541129893157],[-99.12878702609719,19.405677649795624],[-99.12801042804249,19.40601081928174],[-99.1275947200683,19.406185840127165],[-99.12726026920323,19.406330490941674],[-99.12691857432362,19.406479772846872],[-99.126495060888,19.40665170994777],[-99.12634450773795,19.4067106693797],[-99.12616429401389,19.406784079083],[-99.12617317296211,19.406827795129242],[-99.1262888265634,19.407384266260415],[-99.1263045210297,19.407459525255415],[-99.12632252955622,19.407532581308097],[-99.12646649895352,19.408009097450392],[-99.12652917530924,19.408192555788712],[-99.1265593533129,19.408277696946456],[-99.12663043340808,19.408464993949693],[-99.12665654204345,19.408535306947925],[-99.1267522764016,19.40878261379205],[-99.1268089870455,19.408919375955712],[-99.12682637842941,19.408948203293054],[-99.12683150691133,19.408956520890566],[-99.12688527108111,19.408959684576885],[-99.12699978561857,19.408966436428813],[-99.12706546594062,19.40897029741368],[-99.12711430015607,19.4089731798078],[-99.12737302663596,19.408977200078265],[-99.12760985488423,19.408974587114276],[-99.1278135370951,19.40895555924519],[-99.12786459104767,19.408950196906968],[-99.12828349073598,19.408911258310816],[-99.12883699039325,19.408865862697766],[-99.12954806712777,19.408805634843596],[-99.13012786496498,19.408753170463157],[-99.13046704096847,19.40872570549471],[-99.13073670892858,19.408703401218997],[-99.13099132022616,19.408679232954746],[-99.13124462627167,19.408660337224564],[-99.13136017207509,19.40865172645781],[-99.1314979332155,19.408641449964936],[-99.13163604469881,19.408632780735783],[-99.13180271991331,19.40862204925965],[-99.13198884006034,19.408608630253557],[-99.13220352304027,19.408593139679652],[-99.13240378536486,19.40858195321865],[-99.1326237684049,19.408569523816812],[-99.13282922838172,19.408556567414088],[-99.13305441805716,19.408542378237044],[-99.13333324973142,19.40852566081425],[-99.13365888003877,19.408508644304547],[-99.13403720013082,19.408486354402523],[-99.1345555927284,19.40845539186973],[-99.13456466301787,19.408454761502863],[-99.13464841924,19.408448889093155],[-99.1349181994895,19.40843000011444],[-99.13495452915623,19.40842658393223],[-99.13503798084945,19.408418525571438],[-99.1350684759584,19.40841552454996],[-99.13508511275748,19.408413874920107],[-99.13513093222689,19.408405809780614],[-99.1351908193136,19.408395887430036],[-99.13521160632926,19.408390770780912],[-99.13523238436181,19.408385645659013],[-99.1352778723528,19.408371367503996],[-99.13531682060862,19.408356781789376],[-99.13536919149138,19.408333195546685],[-99.1354025728873,19.408315502896983],[-99.13545952248309,19.408283835404536],[-99.13552432604939,19.40824565834306],[-99.13560026603021,19.40819970927787],[-99.13575212712733,19.408109687809446],[-99.13577789350461,19.40809500971915],[-99.13590033297952,19.40720559664915],[-99.13609631393348,19.406054768537867]]]}},{"type":"Feature","properties":{"colonia":"Asturias","alc":"Cuauhtémoc","cve_alc":"015","cve_col":"015-003","clasif":"Colonia","entidad":"Ciudad de México","cve_ent":"09"},"geometry":{"type":"Polygon","coordinates":[[[-99.13648396572465,19.40338914939291],[-99.13609054135947,19.403373642223293],[-99.13582512422728,19.40336275280354],[-99.13568669563861,19.403356706514767],[-99.13566490161153,19.403355744836286],[-99.13517514461023,19.403333555903366],[-99.13474773607949,19.403309542743152],[-99.13392464931053,19.403265412271665],[-99.13364843263201,19.4032442680405],[-99.13326729721992,19.4032213529609],[-99.13293516670318,19.403197651588695],[-99.13274487118663,19.40318385424165],[-99.13273991248629,19.40318362801395],[-99.13253335027657,19.403174405210347],[-99.13250103967242,19.403172954641644],[-99.13225720815822,19.40316206351377],[-99.13164059915735,19.40312659405246],[-99.13151324050794,19.403118686247637],[-99.1314146036931,19.403114305732],[-99.13129205013217,19.403110363267785],[-99.13124632947742,19.403109451578224],[-99.13112695325768,19.40311003282262],[-99.13100440867987,19.403112419653024],[-99.13093264676341,19.40311571054723],[-99.1308608956267,19.403119010761618],[-99.13077009930765,19.40312412164543],[-99.13067929310718,19.403129224056308],[-99.13063207765583,19.403133034341963],[-99.13058487028934,19.40313685394781],[-99.13056527443973,19.403138989978462],[-99.1304125940791,19.403155674063168],[-99.13035481264336,19.403163500525903],[-99.1302970213262,19.403171318515284],[-99.13011033164723,19.40320502559408],[-99.13008179756054,19.403211458254866],[-99.12992364017161,19.403247158161786],[-99.12964169403827,19.4033133725124],[-99.1295870324515,19.403328756830245],[-99.12936990066422,19.403389836548175],[-99.12909811537502,19.40346630139514],[-99.1286675699273,19.403592739532492],[-99.12815495709022,19.403753627611675],[-99.12792204190336,19.403823940104882],[-99.12772241109435,19.403882898867163],[-99.12728954978991,19.40401299104443],[-99.12706181428892,19.40406846737581],[-99.12689091070443,19.40410827051985],[-99.12667358128778,19.404149615721362],[-99.12658925373714,19.404166547110975],[-99.1263382204293,19.404216923555328],[-99.126025625575,19.404281924193423],[-99.12572951570459,19.404340697233526],[-99.12572860481286,19.40436673102472],[-99.12573094043259,19.40438870968916],[-99.12576379631408,19.40457384126757],[-99.12581145822817,19.404806202075076],[-99.1258550669436,19.40503774915679],[-99.12586844734976,19.405119329134042],[-99.125898114212,19.40530445903365],[-99.12592957411155,19.405554975212826],[-99.12594296978912,19.405648917621455],[-99.1260170915798,19.40603372803743],[-99.12606155908468,19.406257031044298],[-99.12611157099148,19.406538840792557],[-99.12613482118769,19.40665860169622],[-99.12615108069434,19.406719024371807],[-99.12616429401389,19.406784079083],[-99.12634450773795,19.4067106693797],[-99.126495060888,19.40665170994777],[-99.12691857432362,19.406479772846872],[-99.12726026920323,19.406330490941674],[-99.1275947200683,19.406185840127165],[-99.12801042804249,19.40601081928174],[-99.12878702609719,19.405677649795624],[-99.12942835403973,19.40541129893157],[-99.1296856530967,19.405305213116144],[-99.12974914961423,19.405281007066396],[-99.12981722304812,19.4052577330254],[-99.12984830924854,19.405249043280932],[-99.12990067653804,19.40523818194718],[-99.12993045748634,19.405232914382147],[-99.12995270965426,19.405230742793034],[-99.12997578018737,19.405230277634086],[-99.1300296198156,19.405232933869737],[-99.13006856447812,19.405236977956463],[-99.13011470374776,19.405242576809385],[-99.13092364744088,19.405371288521884],[-99.1313687078669,19.405429130851612],[-99.13149517269265,19.405444289591948],[-99.13183077789287,19.405484492316884],[-99.13205007282339,19.405511461324966],[-99.1322859856884,19.40554054599301],[-99.13246306249546,19.405563082010577],[-99.1326567563387,19.405587743009004],[-99.13297811246194,19.405635625462292],[-99.1332097035321,19.40566869063811],[-99.13332494750155,19.405683566364022],[-99.1334657548291,19.405702021853568],[-99.13393629417158,19.40576808015252],[-99.13446227304176,19.405833857974613],[-99.13492523778977,19.405895568823162],[-99.13544164241564,19.40596769950113],[-99.13544718142774,19.405968413758433],[-99.1358821187388,19.40602490700606],[-99.13609631393348,19.406054768537867],[-99.13610988478246,19.40595517076763],[-99.13621443610513,19.405125947274446],[-99.13632193659686,19.404453331520845],[-99.13640953581177,19.40387598751351],[-99.13644675570899,19.403632573295415],[-99.13648396572465,19.40338914939291]]]}},{"type":"Feature","properties":{"colonia":"Atlampa","alc":"Cuauhtémoc","cve_alc":"015","cve_col":"015-004","clasif":"Colonia","entidad":"Ciudad de México","cve_ent":"09"},"geometry":{"type":"Polygon","coordinates":[[[-99.16375908240337,19.455798880958366],[-99.16364034488572,19.455777143873924],[-99.1635062605498,19.455752589596198],[-99.16336010465307,19.455729298222703],[-99.16295401494068,19.45566455533541],[-99.1629448664978,19.455663173844094],[-99.16257696326983,19.45560771259042],[-99.16207568986658,19.455528688868615],[-99.16204524416496,19.455524155608124],[-99.16113452314674,19.45538864562015],[-99.16104764078746,19.455376290102713],[-99.1601210124022,19.45524444929599],[-99.15993432901142,19.45521856256988],[-99.15938005859968,19.455141696874996],[-99.15936106641793,19.455139059242857],[-99.15884185006517,19.455061515891057],[-99.15880865282384,19.455056557411346],[-99.15827595725023,19.45497613074812],[-99.15773106704668,19.454886663746425],[-99.15768480830114,19.454879067625097],[-99.15664135401316,19.45472028506136],[-99.15664023022075,19.45472014106691],[-99.15588329718595,19.45462222229406],[-99.15587483325936,19.454621128782847],[-99.15524095863867,19.454541753911116],[-99.15520477180407,19.45453721808201],[-99.15412368798721,19.454391539549494],[-99.15411381550224,19.454390202939774],[-99.15365342891913,19.45432673514223],[-99.15319303335285,19.45426325800251],[-99.15301491090672,19.45424043482182],[-99.1529603894572,19.454233441754585],[-99.15272773568006,19.45420362550114],[-99.15267897332981,19.454196839954403],[-99.15255112689522,19.4541790506565],[-99.15246475028738,19.454167024541235],[-99.15237451811038,19.454154466490873],[-99.15226117138276,19.454138754103575],[-99.15214781477366,19.45412304256173],[-99.15206673193782,19.454111152813994],[-99.15198564910197,19.45409926221827],[-99.15189110501156,19.454085719067596],[-99.15179656002283,19.45407216659853],[-99.15170032081153,19.454481005977275],[-99.1516533335323,19.454642958347975],[-99.15164680906838,19.45466544689667],[-99.1516255737934,19.454723832406092],[-99.15159754994976,19.454784239744736],[-99.15155593818918,19.454866381729044],[-99.15150328254047,19.45496303405269],[-99.15146669954885,19.455023603083905],[-99.1514107219302,19.45510718827581],[-99.15136745637122,19.45516444369665],[-99.15130055793371,19.455257165655357],[-99.15124615236681,19.455323404547528],[-99.15119249060498,19.455379178449622],[-99.15113685704114,19.455441498120344],[-99.15108123335874,19.455503826237337],[-99.1510039593797,19.45557147193152],[-99.15092285947587,19.45563710338113],[-99.15084176765681,19.455702744121517],[-99.15061909056924,19.45585952929726],[-99.15055661274125,19.455906939542068],[-99.14999350919528,19.456309893452577],[-99.14882636228259,19.457129618141497],[-99.14788296235103,19.457798657391066],[-99.147666096465,19.457955511689537],[-99.14757788100579,19.458026622320883],[-99.14750693565794,19.458093552934752],[-99.14745290019694,19.458149325037365],[-99.14739115090264,19.458225323665054],[-99.14734335963118,19.4582908574819],[-99.14723087438796,19.458458178610428],[-99.14706051069096,19.458728281119274],[-99.14727568145598,19.458748242485765],[-99.14737160985024,19.45875696663647],[-99.1475672916652,19.458781503519145],[-99.14772522447534,19.458811318084035],[-99.14787975806038,19.458846777080986],[-99.14854544382193,19.45902001056755],[-99.14913979346836,19.45918490089312],[-99.14953445750868,19.459292195765823],[-99.1504809135089,19.45951203331631],[-99.15110546182026,19.459627120376016],[-99.15158105508453,19.459709991715478],[-99.15171172312743,19.459729461701386],[-99.15234027523005,19.459808514715338],[-99.15299587560585,19.459897012576228],[-99.15421064311008,19.460067919084246],[-99.1541474286635,19.460414897389935],[-99.15396279702487,19.461368840180644],[-99.15391578998269,19.46166503613706],[-99.15377458559978,19.46242711332843],[-99.15359662934202,19.463315770003067],[-99.15361357605984,19.463318732742753],[-99.15431513514392,19.463441425525854],[-99.15453726246255,19.46348026889028],[-99.15472244926002,19.463512654022527],[-99.15501670500774,19.46356410720536],[-99.15502448351981,19.463565470842788],[-99.15504406769134,19.463568894335015],[-99.15554800819268,19.463657021707508],[-99.15607932036069,19.46374992599254],[-99.15706582954449,19.463922424145792],[-99.15745087711964,19.46398975294656],[-99.15746878593316,19.463991993202246],[-99.15750995392601,19.46399665496652],[-99.15755131236168,19.464000512949095],[-99.15759266091588,19.46400372976953],[-99.15763411457301,19.464006224118243],[-99.15767565357002,19.46400790536853],[-99.15771710722714,19.464008954773643],[-99.15775863724107,19.46400928255381],[-99.15780016725495,19.4640088870154],[-99.15784162091207,19.464007760535356],[-99.15788316080743,19.464005829426775],[-99.15792460458306,19.46400326731992],[-99.15796595403563,19.463999973424443],[-99.15800719838523,19.46399595705709],[-99.15804845261634,19.46399121821777],[-99.15808961162607,19.463985756906435],[-99.1581305801929,19.46397958243981],[-99.15817144365683,19.463972676184238],[-99.15821221279766,19.46396504830338],[-99.15825280047885,19.463956787729828],[-99.15829317885257,19.463947714904133],[-99.15833347098797,19.463938018702347],[-99.15837347835746,19.463927590710913],[-99.15841329528418,19.46391653087343],[-99.15845291188651,19.46390474856296],[-99.15849234792748,19.463892234462545],[-99.15853149830417,19.46387899873576],[-99.15857035313518,19.463865139631924],[-99.15858068376093,19.463861257083813],[-99.15860893218334,19.46385064868113],[-99.15863155445719,19.463841655465483],[-99.15864721658411,19.463835434409518],[-99.15864731180557,19.46383539883649],[-99.1586699143164,19.46382597196701],[-99.1586852144223,19.463819589137564],[-99.15872293737606,19.46380310185432],[-99.15876026866431,19.46378589209665],[-99.1587973151866,19.46376805980786],[-99.15883398082329,19.463749595670834],[-99.15887035181252,19.463730489521666],[-99.1589062457963,19.463710751523976],[-99.15894176877588,19.463690481621047],[-99.15897691176815,19.46366948839523],[-99.15901166309493,19.463647944630114],[-99.1590460344343,19.46362576816855],[-99.1590798344452,19.46360296917388],[-99.1591133487918,19.46357961963925],[-99.15914629180992,19.463555637407353],[-99.15916056424315,19.463544856200794],[-99.15917875872093,19.463531113104676],[-99.15947902779114,19.463284563829287],[-99.1596407649665,19.463112487641386],[-99.15973415831499,19.463013125595413],[-99.15975518158758,19.462979120085173],[-99.15977562454849,19.462944852849986],[-99.15979540994263,19.462910214628895],[-99.15981443356542,19.462875224055374],[-99.15998270688276,19.462581298535348],[-99.1601963666815,19.462208108930245],[-99.16039029857829,19.46186937735534],[-99.16066880685905,19.461382909551673],[-99.1606890009867,19.46134762135458],[-99.16071154780201,19.461312450881547],[-99.1607419872154,19.46126615516438],[-99.16077310216191,19.461220311727615],[-99.16080488365829,19.461174819779632],[-99.16099964649673,19.460951787083296],[-99.16102011640714,19.46093222915686],[-99.16127305055008,19.46069051481093],[-99.16153804547405,19.460459727200195],[-99.16159849400788,19.46040708469651],[-99.16192913421955,19.460131058540927],[-99.16198729743925,19.460083147261294],[-99.16210126130947,19.4599892752969],[-99.16213602161935,19.459969455531894],[-99.16217040104361,19.459949085215353],[-99.16220439059903,19.45992800087635],[-99.16223799837044,19.459906375302214],[-99.16227113093304,19.45988419832879],[-99.16230388260999,19.45986139880812],[-99.16233605307696,19.459837948788714],[-99.16236785253967,19.459814065102254],[-99.1623990806739,19.459789550397677],[-99.16242991893928,19.45976440213373],[-99.16244505645018,19.45975159803984],[-99.16246019485929,19.459738793944926],[-99.16247343782322,19.459727173107833],[-99.16248999467223,19.459712653836224],[-99.16254083572403,19.459664335872837],[-99.16259166779271,19.459616017895144],[-99.16265847460207,19.459561695515152],[-99.16269320706421,19.459533459897795],[-99.16282731655298,19.459388017931506],[-99.16290938753565,19.45925979454456],[-99.1630110911989,19.459010697763663],[-99.16306229696674,19.458825260626234],[-99.16310508552031,19.458670299378937],[-99.16322518847717,19.458135080902117],[-99.16336691388294,19.457503522453838],[-99.16347977013038,19.457000567130258],[-99.16362114070157,19.456370571246026],[-99.16369773824924,19.4560865279632],[-99.16375908240337,19.455798880958366]]]}},{"type":"Feature","properties":{"colonia":"Buenavista","alc":"Cuauhtémoc","cve_alc":"015","cve_col":"015-005","clasif":"Colonia","entidad":"Ciudad de México","cve_ent":"09"},"geometry":{"type":"Polygon","coordinates":[[[-99.15567247426686,19.439779410046196],[-99.15520086772587,19.439577083374214],[-99.15474136957658,19.439384300793954],[-99.15431643590446,19.439213480927314],[-99.1539376037727,19.43906201390464],[-99.15374043524595,19.43898466702294],[-99.15354325683771,19.438907330269718],[-99.15343543385077,19.438862624111763],[-99.15333950006668,19.43882919719719],[-99.15314784180586,19.438777522697723],[-99.15309003162403,19.438764018929604],[-99.15287745788848,19.438718139485598],[-99.15253114027848,19.438639101608672],[-99.15207230688247,19.438536475904552],[-99.15137381824005,19.438389475067826],[-99.15046345385302,19.4381980972836],[-99.14974175364199,19.43802208336533],[-99.14910747567774,19.437890366538255],[-99.14903877791467,19.438212521062606],[-99.14893826541754,19.43872334412627],[-99.1488947582117,19.439017227314032],[-99.14888232552819,19.439109412962267],[-99.14887136069184,19.439185661086633],[-99.14886185292289,19.439255660069335],[-99.14882346341916,19.439498949776972],[-99.14877447649013,19.43984065565111],[-99.14875043847141,19.43994616745809],[-99.14871453640276,19.44006660514258],[-99.14854057854632,19.44066614842809],[-99.14849014263471,19.44085328865815],[-99.14827817077038,19.44154709122669],[-99.14825478043701,19.44163927543829],[-99.14804132275921,19.44256665463963],[-99.14784933930827,19.44341361478366],[-99.14784759657657,19.44342126311388],[-99.14764217971887,19.444341030436714],[-99.14764019803536,19.44434957239279],[-99.14750766508995,19.444922552463705],[-99.14737095857164,19.445517240173107],[-99.14727811229719,19.445919242368248],[-99.14714907918805,19.446493143590747],[-99.14706943275833,19.44683925134853],[-99.14701821710905,19.447070502200884],[-99.1469224540048,19.447491223198593],[-99.14683326028026,19.44789669345645],[-99.14673675157437,19.448333351428136],[-99.14666511272706,19.448657725693135],[-99.14659313162166,19.448976997491688],[-99.14656714695377,19.449092307178272],[-99.14649257510708,19.449420147763707],[-99.14638144452327,19.449911561803017],[-99.14634050560082,19.450086918222517],[-99.1463054147109,19.450237325462084],[-99.14623010894061,19.45056793866195],[-99.14618990214515,19.450748153879236],[-99.14610070572567,19.451147383443885],[-99.14593044982647,19.45188797065846],[-99.14579741921438,19.4524595036282],[-99.14596271102327,19.452513052500485],[-99.14615394438096,19.4525749921056],[-99.14651047044586,19.45269047880673],[-99.14711699765435,19.452880661275103],[-99.14713188633186,19.452885032825698],[-99.14758098648171,19.45301690858458],[-99.14804497620743,19.45315315493245],[-99.14854395172023,19.45330602758447],[-99.14870230584022,19.45335356732457],[-99.1488606500787,19.453401098580514],[-99.14900499137853,19.45344480801128],[-99.1491493326784,19.453488517430205],[-99.14927648022373,19.45352839655782],[-99.14940362866736,19.453568276522766],[-99.14947621793218,19.45358922362245],[-99.14954881707847,19.453610170719426],[-99.14964369264723,19.453639174778576],[-99.14973857809744,19.453668177985517],[-99.14989756103807,19.453713694908984],[-99.14997673854728,19.453734850359567],[-99.1500480629842,19.45375236526799],[-99.15013636108843,19.453771309115858],[-99.15024015872454,19.453790642595486],[-99.15034396534382,19.45380998539034],[-99.150453284924,19.45382912066028],[-99.1505625937244,19.453848264398225],[-99.15073707799361,19.453879685839564],[-99.15088015536384,19.45390708557537],[-99.15098883624191,19.453928433276502],[-99.15109751801823,19.453949788598166],[-99.15118305559956,19.453965905884047],[-99.15126860306239,19.45398202232134],[-99.15137621853846,19.45400015468783],[-99.15148384389603,19.45401827773491],[-99.15159761822173,19.45403842348663],[-99.151697094063,19.454055299702116],[-99.15179656002283,19.45407216659853],[-99.15191863388347,19.453384457772014],[-99.15198318861638,19.453079216457176],[-99.1521250577526,19.452339460543158],[-99.15226266438276,19.451670978152645],[-99.1523747956898,19.45108464707142],[-99.15242558553761,19.45074887386888],[-99.15258295959563,19.449889878988095],[-99.15263958400125,19.449564968460635],[-99.15268958782323,19.449289559992003],[-99.15283371891731,19.44851493882066],[-99.15289696210995,19.448149584346346],[-99.15292417387651,19.447991310209275],[-99.15303815032311,19.447363801895357],[-99.15320581458269,19.44643578261432],[-99.1532271387909,19.446321429075965],[-99.15325470898527,19.44619209501605],[-99.1532692320485,19.446127948048865],[-99.15329276431571,19.44601639386471],[-99.15332971202331,19.4458863564918],[-99.1533642567376,19.445802344707246],[-99.15341498729661,19.44568834564618],[-99.15351276352538,19.44546942199075],[-99.15359985609048,19.445274634604843],[-99.15372852897521,19.44497927527897],[-99.15394471303989,19.44449064505335],[-99.15398655926076,19.444396041506916],[-99.15430855139118,19.443667447839854],[-99.15434163813971,19.44358587366177],[-99.1543769257607,19.443486167597424],[-99.15440706244188,19.443392042068574],[-99.15442985898883,19.4432979156381],[-99.15446294214411,19.443145917067973],[-99.15451220305938,19.442929770971446],[-99.15456489374237,19.442681116709615],[-99.15460043199327,19.442521190497217],[-99.15466807333759,19.44219697507898],[-99.15468940383398,19.442107038518728],[-99.15470778246639,19.442027549097524],[-99.15473424413975,19.441934822967024],[-99.15477762378481,19.441817680167517],[-99.15484084451954,19.44166917786272],[-99.15500183609319,19.441301037972988],[-99.15516024770537,19.44093883032206],[-99.15531683034759,19.440578366041624],[-99.15550651590803,19.440154973153348],[-99.15567247426686,19.439779410046196]]]}},{"type":"Feature","properties":{"colonia":"Buenos Aires","alc":"Cuauhtémoc","cve_alc":"015","cve_col":"015-006","clasif":"Colonia","entidad":"Ciudad de México","cve_ent":"09"},"geometry":{"type":"Polygon","coordinates":[[[-99.15539428668458,19.40405557161937],[-99.15497990192887,19.404047012293493],[-99.15368707262313,19.40404933556337],[-99.15306497042425,19.40404664456954],[-99.15242460367905,19.40405622149091],[-99.15235394669037,19.404055493668604],[-99.15216692104147,19.40405403378767],[-99.15204183512971,19.404053419502247],[-99.15168623792279,19.404052189236726],[-99.15112874974574,19.404045568510845],[-99.15074964452616,19.404043368945306],[-99.15042643517845,19.40404183196073],[-99.14974544931103,19.40403892575503],[-99.14973962463473,19.404038907114703],[-99.14935964445608,19.404035151076847],[-99.14899328363542,19.404031450112594],[-99.14875516001658,19.404027814389764],[-99.14851502776473,19.404024115967296],[-99.14762426282057,19.40400117896814],[-99.1468711763718,19.403976998142966],[-99.14603109437594,19.40393412099564],[-99.14553090344262,19.40390794902685],[-99.14499269221317,19.40387286694016],[-99.14491984603018,19.404522510887748],[-99.14487917300904,19.404921116085774],[-99.14486792789832,19.405031407227746],[-99.14481600886818,19.405540312142982],[-99.14481107262566,19.405588431849377],[-99.14474700298295,19.40621371391294],[-99.14467798721628,19.40688712475673],[-99.14464611948158,19.407191918260384],[-99.14470498518385,19.40719463462031],[-99.14476386076761,19.407197341660297],[-99.1448194143814,19.407199334448396],[-99.14488826485804,19.407196832448733],[-99.14500237156034,19.40718900787459],[-99.14514950392578,19.407179526032273],[-99.14537984993098,19.407165105429254],[-99.14546226317174,19.407159606620898],[-99.14554468539569,19.407154062906773],[-99.14556698517427,19.407152629319025],[-99.14571358483879,19.407142849234152],[-99.14614468544534,19.407112792181767],[-99.146590377387,19.40707987303075],[-99.14699123980277,19.407054208238236],[-99.14709006077221,19.407047040295076],[-99.14721370488795,19.40703806003112],[-99.1474525678203,19.407022707413432],[-99.14773990474369,19.40700260073494],[-99.14797036393658,19.406986117001846],[-99.14810224021356,19.40697626149947],[-99.14819296197238,19.40696948923029],[-99.14838556975249,19.406956306477625],[-99.14880679967065,19.406926242612606],[-99.14901141882439,19.406912238846544],[-99.14949699686304,19.40687805213079],[-99.14989640221138,19.40685623732701],[-99.150126441891,19.406840148409515],[-99.15040037774706,19.40681910631604],[-99.15065046153558,19.406801799859373],[-99.15080789218747,19.40679149274771],[-99.1509837670487,19.406779542767303],[-99.1510416050783,19.406776748450852],[-99.15109488505612,19.40677416171719],[-99.15113572426559,19.406772187563973],[-99.15135939758477,19.406757306853937],[-99.15164693303586,19.406734620186548],[-99.15182329298737,19.406726336366436],[-99.15193236463257,19.40671989791381],[-99.15204144526089,19.406713467933553],[-99.15219253650177,19.406703005764673],[-99.15234448473544,19.40669174800258],[-99.15255923958058,19.406678066181474],[-99.15263207767872,19.406672257253373],[-99.1527255114514,19.406664786815657],[-99.1528189551056,19.40665732654489],[-99.15319191944187,19.406635105018612],[-99.15340641647046,19.406621006332532],[-99.15359880506163,19.40660822516084],[-99.15379503754389,19.406596788616653],[-99.15395517032809,19.406588375156126],[-99.15404302646122,19.40658314406783],[-99.15411432305035,19.406577911284682],[-99.15418562862266,19.406572687821523],[-99.1543511575868,19.406563028015075],[-99.15449375974826,19.406551768548663],[-99.15464889520457,19.406543028884126],[-99.15471581340502,19.40654134449687],[-99.15476900624628,19.40654170035331],[-99.15482477904901,19.406544503146485],[-99.15487754339387,19.40654689924649],[-99.15494489907387,19.406550506952907],[-99.15503155505772,19.40655369102069],[-99.1551989013137,19.406560581925888],[-99.15529467968928,19.405264371494983],[-99.15537459741022,19.404300291723892],[-99.15538443755585,19.404177927057585],[-99.15539428668458,19.40405557161937]]]}},{"type":"Feature","properties":{"colonia":"Centro","alc":"Cuauhtémoc","cve_alc":"015","cve_col":"015-007","clasif":"Colonia","entidad":"Ciudad de México","cve_ent":"09"},"geometry":{"type":"Polygon","coordinates":[[[-99.15367703574643,19.42587530253837],[-99.153386615805,19.425958745165296],[-99.15323368571269,19.42600279068965],[-99.15308076550187,19.426046845520897],[-99.15280809896538,19.42611375543569],[-99.15189023184912,19.426357925560264],[-99.15097235395307,19.426602081763026],[-99.1506947817168,19.426675154627826],[-99.14892992186519,19.427139862714235],[-99.14868023962356,19.427206677295857],[-99.1485966433015,19.427229858394583],[-99.14851303799635,19.42725302932394],[-99.1483895672555,19.42728544371257],[-99.14833517606168,19.427297990287048],[-99.14830017500324,19.427304344054924],[-99.14827886247313,19.427306526362393],[-99.14825819762832,19.427308267294762],[-99.14823265852483,19.427309483829397],[-99.14819499306326,19.427308604467957],[-99.1473965318112,19.427258225013148],[-99.14725004892767,19.427249242477004],[-99.14714238404427,19.427241555262427],[-99.14692705337907,19.427226199469732],[-99.14681937861418,19.42721851225406],[-99.1465129075752,19.427198883335887],[-99.14635967654735,19.427189060404157],[-99.14620643653627,19.42717924594358],[-99.14616102310539,19.427176820496843],[-99.14611559979305,19.427174404368706],[-99.14607018636217,19.42717197892188],[-99.14602476394812,19.427169562793797],[-99.14588978938177,19.427160481981083],[-99.14575480583221,19.427151408792337],[-99.14552728323203,19.42713164347175],[-99.14528449286524,19.427103830033065],[-99.14515757259366,19.42708911468811],[-99.14491350751753,19.427062709239202],[-99.1447984755504,19.42704980937655],[-99.1446656156182,19.427036907818607],[-99.14448140259444,19.42701916891591],[-99.14432370873625,19.426999897479725],[-99.14427681128852,19.426994175689092],[-99.14391601103947,19.42695224073627],[-99.14374371596463,19.426934159567285],[-99.14328610248083,19.426886116494572],[-99.14322537367262,19.42688023034889],[-99.14320373774903,19.426878141224627],[-99.14309755867907,19.4268678430104],[-99.14307811194983,19.426865961442886],[-99.14301122159712,19.42681709235772],[-99.14297106510729,19.426797591314013],[-99.14292183742971,19.426781710232905],[-99.14286351790312,19.426768094487745],[-99.14277509133987,19.426755838452298],[-99.14266084090708,19.426742215080488],[-99.14262833536856,19.426735411442216],[-99.14258771175471,19.426724073738907],[-99.14253513336119,19.426705013213475],[-99.14239364600895,19.426651934480173],[-99.14232816062137,19.42663265622296],[-99.1422987677453,19.426624263284303],[-99.14224666456047,19.426612011473914],[-99.14220268933241,19.42660202754401],[-99.1421316828991,19.426588364342063],[-99.14205993266067,19.426576264172912],[-99.14211984040871,19.426337077454605],[-99.14222007263147,19.425953715481082],[-99.14224038803161,19.42586768133853],[-99.14230420345108,19.425658005012167],[-99.14237232808895,19.425400696632025],[-99.14237398548067,19.425394402939375],[-99.14254504716864,19.424727979227484],[-99.14261948696299,19.424438895742394],[-99.14267918270855,19.424207023016052],[-99.14281332723161,19.423686066828616],[-99.14287773733581,19.423434988096794],[-99.14289592732197,19.42336411477325],[-99.14297633731968,19.423052221628705],[-99.14302876749126,19.422835238871237],[-99.1430595033487,19.422699649069177],[-99.14309234665379,19.422467104577425],[-99.14310179064236,19.422389881954985],[-99.14311019707684,19.422313028672953],[-99.14311519081147,19.422267284369088],[-99.1431193751641,19.422229124146625],[-99.14266709677473,19.42224028001652],[-99.14237768743796,19.42224762858968],[-99.1420089218273,19.422272673378274],[-99.14153976589037,19.422290189986832],[-99.14149700877778,19.422291792032883],[-99.14130950432686,19.42229813159432],[-99.14112200975742,19.422304480474526],[-99.14062178199312,19.422343329448804],[-99.14030825109434,19.422365064232626],[-99.1400106733767,19.42238568156379],[-99.13991254770328,19.422325356207846],[-99.13893572235823,19.42236865294977],[-99.1384260919279,19.42239328090002],[-99.13788328940906,19.422420782530203],[-99.13776045018385,19.4224984024719],[-99.13708905293373,19.422526946980135],[-99.13700960233678,19.422530248494997],[-99.13686723373726,19.422536871009786],[-99.1367248561546,19.422543484205182],[-99.13657284503886,19.422553401456245],[-99.13628837284291,19.42257350960003],[-99.13623663976402,19.422575242958402],[-99.1361788241923,19.422577193198315],[-99.13593566551629,19.422585369464358],[-99.13582550780791,19.422588728587133],[-99.1358058329066,19.4225872256656],[-99.13578614992035,19.422585732910385],[-99.135746934865,19.42257948655158],[-99.13573109666818,19.42257540223076],[-99.13571299381861,19.422570685056247],[-99.13570081086668,19.422566845574284],[-99.13563140612956,19.42254493629545],[-99.13560185335331,19.422536361846188],[-99.13557229069559,19.422527795868497],[-99.13549371954932,19.422507483545175],[-99.13537041230184,19.422490116066275],[-99.13527083225596,19.422479759117557],[-99.13505455925807,19.42245241507545],[-99.13445034341476,19.422381866646102],[-99.13423148237055,19.42235631864063],[-99.1336308508053,19.42225947322814],[-99.13362237879387,19.422309244252524],[-99.13356569599772,19.42264251181841],[-99.13348108817269,19.42306088076984],[-99.13339648843252,19.423479259657576],[-99.13336724647338,19.423626252810003],[-99.13334744940113,19.423713974890187],[-99.13314595997784,19.42372363621914],[-99.13294478406658,19.42373560867542],[-99.13273850662284,19.42374279452092],[-99.13263968655171,19.423740509655904],[-99.13262004937961,19.42374006318797],[-99.13254668127541,19.4237380722971],[-99.1324684595737,19.423733461054724],[-99.13230579174378,19.423715704847602],[-99.13175283916048,19.423643026288612],[-99.13137038771652,19.423590642096624],[-99.13106272101989,19.42354807849849],[-99.13077607130766,19.42350788362917],[-99.12994614117291,19.423396722249944],[-99.1292454148271,19.42328863609418],[-99.12826918955666,19.4231713417523],[-99.1266358727071,19.422953801701677],[-99.12641370945587,19.42292620273454],[-99.12606436452337,19.422882790075924],[-99.12606431691265,19.422882898516516],[-99.12606256429953,19.422886519415545],[-99.12602916853047,19.42294506207158],[-99.12600343808583,19.422990404615895],[-99.12599216333066,19.423012661183137],[-99.12597517259542,19.423050926273348],[-99.12595661879156,19.423100866493453],[-99.12594505477887,19.42313397640708],[-99.12593755654123,19.42316419824108],[-99.12592197616091,19.42323480902291],[-99.12591721958147,19.42326159971812],[-99.12590325077882,19.423358578389184],[-99.12588796953752,19.423452260589585],[-99.12587933043939,19.423512154308014],[-99.12586724720053,19.423608862576497],[-99.12586120064034,19.42365597979459],[-99.12576346393745,19.424385252891156],[-99.12572805504392,19.42465036373951],[-99.12571091159505,19.424767677346072],[-99.125672042391,19.425052572631607],[-99.12564496357507,19.425235549175053],[-99.12562825850404,19.425349837929275],[-99.12562654002691,19.425371265632055],[-99.12562366002814,19.425392412915915],[-99.1256153497134,19.425509167696084],[-99.12561300241556,19.42556955964424],[-99.12560966876755,19.425655316917485],[-99.12560680314182,19.425694054110302],[-99.12559933993845,19.42577400391958],[-99.12559444681506,19.42581301218063],[-99.12552530438596,19.426265775879525],[-99.12547279067108,19.426643152690346],[-99.12546094548574,19.42673240228722],[-99.12545641438344,19.426771491646775],[-99.12544050162654,19.426878014996017],[-99.12543027161203,19.426940653132604],[-99.12537750996216,19.427243144552154],[-99.12530673978573,19.427652500505523],[-99.12519762502143,19.428372650350013],[-99.12515022811044,19.428684886547405],[-99.12507186986485,19.42921086221927],[-99.12502229543757,19.429511151037556],[-99.12498051569203,19.429780116553125],[-99.1249440440915,19.43002341961039],[-99.12491579656738,19.43019320375674],[-99.12486048280373,19.430566840586366],[-99.12481495259189,19.430869541276504],[-99.12478458863698,19.431050620430234],[-99.12473944739561,19.431320993898215],[-99.12470227241423,19.431557813973964],[-99.1246432027944,19.431944913879136],[-99.1245749020867,19.432361692507612],[-99.12448931150475,19.432901545978424],[-99.12446654280559,19.433044403343402],[-99.12444521590244,19.433172984606486],[-99.12438960749138,19.43353645402581],[-99.12436756193595,19.43368096444126],[-99.12432807289443,19.433916781457018],[-99.12432805402977,19.43391688057183],[-99.1243279300623,19.433917656546985],[-99.12431092136072,19.43401916780067],[-99.1242962276176,19.434115603814107],[-99.1242540157824,19.434390744921547],[-99.12424681578541,19.434440751120402],[-99.12418081566312,19.43485985125582],[-99.12414769567697,19.43509145294286],[-99.1241367559934,19.43517332449567],[-99.12413328669979,19.435189261513802],[-99.12411425139892,19.435288712605878],[-99.12408022052104,19.4354700443587],[-99.12404012960816,19.435676649049142],[-99.12402874615691,19.435744578323973],[-99.12398289255152,19.43599898586179],[-99.1239758290985,19.436036765879578],[-99.12395738848232,19.43615297677969],[-99.12393375919704,19.43630875582627],[-99.12389081523496,19.436575245810015],[-99.12377181091767,19.43735439335185],[-99.12372973382975,19.437617452496895],[-99.12370725169316,19.437752896002397],[-99.12364723524897,19.43814109678693],[-99.12359795726579,19.438454703465307],[-99.12358572760151,19.43855126729941],[-99.1235788141671,19.438596604640132],[-99.12357476007021,19.438627774901693],[-99.12357449327054,19.43862984269707],[-99.12357103385837,19.438646330844517],[-99.12353382024946,19.438836446755253],[-99.1234475792872,19.43928730034847],[-99.12340374599292,19.439527143137376],[-99.1233818279983,19.439651877647506],[-99.12337490558073,19.439692266744],[-99.12337088112822,19.439721657876213],[-99.12333229758852,19.440013152968447],[-99.12332278892123,19.44008156158306],[-99.12331386865044,19.44015710361486],[-99.12330926119132,19.440193367200063],[-99.12330638119253,19.440212599798173],[-99.12327273389528,19.440521397723412],[-99.12324801764854,19.440786871897785],[-99.12315827415499,19.441552516021275],[-99.12489644505948,19.4417438059889],[-99.1252617395799,19.441779287352183],[-99.1257645014916,19.44182985967494],[-99.12592128535648,19.441842320416235],[-99.12607807910275,19.441854770991558],[-99.12638576286737,19.441883410360827],[-99.12667268566746,19.441908983248812],[-99.1270293563611,19.441943609012494],[-99.12747142539725,19.441984772628416],[-99.12880990978073,19.442123647447065],[-99.12946603207767,19.44218526742908],[-99.13017496812687,19.442253739507347],[-99.13088391405753,19.442322200544464],[-99.13078516944488,19.443229138202373],[-99.13156104794905,19.443274294654376],[-99.13203043385464,19.443314748075164],[-99.13272423778284,19.443388833310173],[-99.13393963590445,19.443503600597914],[-99.13539797171643,19.443643883664564],[-99.13582480532534,19.443689295820622],[-99.13626244566719,19.44373096978499],[-99.13710301724483,19.44381184504682],[-99.13787809624837,19.44387953966408],[-99.13938480005027,19.444011788681618],[-99.13944989197573,19.44363161196127],[-99.13946204168997,19.443562281520883],[-99.13955343269367,19.443030793750786],[-99.13957964643201,19.442874091899075],[-99.13962615131594,19.4425770509677],[-99.13971195749353,19.442017325541066],[-99.1397636582331,19.4417272918961],[-99.13983607681804,19.441242106339136],[-99.13986167431207,19.441068834386623],[-99.13986460820978,19.440998130553552],[-99.13986461719298,19.44094406877553],[-99.13986023970254,19.44087891676991],[-99.13985925245406,19.440864089161984],[-99.139856237708,19.440786034117213],[-99.13985697702145,19.440745490273706],[-99.13986064214781,19.44068726576601],[-99.13989850164548,19.440450470017318],[-99.1400135003749,19.439728354235314],[-99.14018580622954,19.43863940572106],[-99.1403241755294,19.43777726579149],[-99.14044136614808,19.437012374740842],[-99.14052605032992,19.436530848209003],[-99.14054521049658,19.43642184150058],[-99.14056057707786,19.4362901504832],[-99.14058513342448,19.43613032471218],[-99.14065043016586,19.43616209182161],[-99.14069648050223,19.436182641326084],[-99.14070958782058,19.436186915060244],[-99.14074890977551,19.436199760828444],[-99.14079220228399,19.436210033884343],[-99.14088431643151,19.43623018354097],[-99.14100846270544,19.436253823339214],[-99.14146729610147,19.436330136338842],[-99.14172600281846,19.43637605288389],[-99.14193272672489,19.436412751886902],[-99.14213946051282,19.43644944156328],[-99.14290514763007,19.43659648735966],[-99.14312190481994,19.43663697802361],[-99.14336189783292,19.436681797461294],[-99.14399434862382,19.436808458812912],[-99.14476412846552,19.43698821238089],[-99.145533919087,19.43716795389025],[-99.14627037682155,19.437337159610493],[-99.14661085448391,19.437403387181043],[-99.14685052320507,19.437237063422618],[-99.14696115522386,19.437164456988885],[-99.1470629532102,19.437097908263134],[-99.14718717045106,19.437016723846682],[-99.1474131847799,19.43686899141718],[-99.14825222652667,19.436322785014198],[-99.14857139974373,19.43612274041983],[-99.14928576431218,19.43571837759225],[-99.14927012733806,19.435688983194],[-99.14925874658168,19.435657151610467],[-99.14925219067673,19.435624074745974],[-99.14925059526878,19.435590717476106],[-99.14925382561057,19.43555806585535],[-99.14926147296859,19.435526985646995],[-99.14927293726821,19.435498172342765],[-99.14928750434885,19.435472104570184],[-99.14930441243915,19.435449061035193],[-99.14932292941214,19.435429143394344],[-99.14934297891092,19.43541183490158],[-99.1493660736986,19.435395935178782],[-99.1493923296577,19.435381968598087],[-99.14942155454881,19.435370629804023],[-99.14945333963855,19.435362613441463],[-99.14948704802123,19.435358526053584],[-99.14952184965371,19.43535886405717],[-99.14955678513503,19.435363851941148],[-99.14959080523319,19.435373507494354],[-99.14962289305515,19.435387524903454],[-99.14965218172665,19.435405380642738],[-99.14967799571468,19.435426350417707],[-99.14969991550589,19.435449604043317],[-99.14970924361184,19.43546166034801],[-99.14996484485292,19.434882123986448],[-99.15013001449091,19.434476659339865],[-99.15027982383592,19.434120405366738],[-99.15042013888664,19.43379394944226],[-99.15061088086588,19.433328183681173],[-99.15075812641905,19.432979550596595],[-99.1509053818537,19.432630926929296],[-99.15126985261894,19.43174930124179],[-99.15142679728224,19.431376748092983],[-99.15144544001932,19.431329839818265],[-99.15146409173958,19.431282939154382],[-99.15146325630637,19.431264780529744],[-99.15146242985634,19.431246611737407],[-99.15145932887194,19.43121698441101],[-99.15145677226664,19.431179554838685],[-99.15145385364028,19.431133114133328],[-99.15145349611079,19.431092569573735],[-99.15145531969084,19.431035382751446],[-99.15145587395138,19.431014939336496],[-99.15145770202295,19.4310026310983],[-99.15146336859577,19.430976815054684],[-99.15146830034669,19.43096260242053],[-99.15147780182743,19.4309433695738],[-99.15149241651882,19.430918421002698],[-99.1515172540381,19.43087995529666],[-99.1515315067084,19.430856740832876],[-99.15155488805863,19.43082450590553],[-99.15161846272954,19.43074167911541],[-99.15162942037941,19.43072851438653],[-99.1516464129113,19.430712578624906],[-99.15166339646007,19.430696632695902],[-99.1516940874018,19.4306741145644],[-99.151724768462,19.43065158711115],[-99.15211655519842,19.429710175328264],[-99.15212157228929,19.429697985593105],[-99.15255577927006,19.428653976997627],[-99.15298197327853,19.427626600907107],[-99.1530079076408,19.42756409688753],[-99.15336029337053,19.426712481883094],[-99.15353521242436,19.426300602370404],[-99.15359337474577,19.426140866735633],[-99.1536192525141,19.426064249895465],[-99.15364601602137,19.425977094150497],[-99.15367703574643,19.42587530253837]]]}},{"type":"Feature","properties":{"colonia":"Condesa","alc":"Cuauhtémoc","cve_alc":"015","cve_col":"015-008","clasif":"Colonia","entidad":"Ciudad de México","cve_ent":"09"},"geometry":{"type":"Polygon","coordinates":[[[-99.18216406328672,19.411416952963993],[-99.18207972226139,19.41138324250373],[-99.18198007663848,19.411338372029924],[-99.18185741797463,19.411302939089097],[-99.18178186337101,19.411277174140075],[-99.18171140041846,19.411248988585793],[-99.1812653222012,19.411040377884582],[-99.18119774284065,19.411005537109357],[-99.18113015359869,19.410970704799244],[-99.18104059605646,19.41091434713583],[-99.18095725305933,19.41084958129634],[-99.18087098784261,19.410783525061493],[-99.18078440013066,19.410728765257044],[-99.18065791284714,19.410653067201977],[-99.18054416097931,19.41059588928454],[-99.18032532957949,19.41048546974408],[-99.18029774591034,19.410473317540664],[-99.17980312453179,19.411374607310822],[-99.17943003712625,19.411369658511298],[-99.17935440886085,19.411370729438026],[-99.1788972409414,19.41137715330327],[-99.17872751145494,19.411386230761607],[-99.17802096043287,19.41141582273007],[-99.17797274335994,19.411417884093815],[-99.17746381900544,19.41144307288935],[-99.17721443500447,19.41145302047156],[-99.17696505998664,19.411462976525595],[-99.17662187659866,19.411459401970948],[-99.17537323093012,19.41151522567711],[-99.1752446460804,19.411520279531285],[-99.17523104558698,19.411520821772058],[-99.17493076933022,19.411532629066034],[-99.17458844293502,19.41153854965771],[-99.174469641637,19.411543051950552],[-99.17435085022046,19.411547562715946],[-99.17403798227838,19.411556271610433],[-99.17397631652737,19.411557474707163],[-99.17391021489549,19.411558777779295],[-99.173289635341,19.41225716961133],[-99.17280601742634,19.41282628253818],[-99.17221890191284,19.41350669979285],[-99.17220043794048,19.4135281104179],[-99.17210748566477,19.413522830412823],[-99.17201618089932,19.413520973260816],[-99.17195400041368,19.41352314219746],[-99.17189181004655,19.413529203358635],[-99.1718741455748,19.413532770242544],[-99.17183421815537,19.41354286681117],[-99.17181458277987,19.41354861110353],[-99.17174585447412,19.41357407746392],[-99.17166338284284,19.413614443390813],[-99.17160709530545,19.413643945993478],[-99.17153443687032,19.413688664175023],[-99.17147455158026,19.41373291212623],[-99.1714313506999,19.413772970465594],[-99.1713992763527,19.41380774541037],[-99.17137374982553,19.413835387440667],[-99.17134920425872,19.413866748845845],[-99.17133170148377,19.41389066047293],[-99.17131418882725,19.413914563624104],[-99.17120259561112,19.414092493002883],[-99.17107267227155,19.41429215720309],[-99.17090445824303,19.414553615138995],[-99.17082711868697,19.41467457321329],[-99.17070594942986,19.414864033461264],[-99.17061597956088,19.415000956567344],[-99.17039457987767,19.41534296221385],[-99.17033754943351,19.415428629993954],[-99.17027897748036,19.41551240247417],[-99.1702453517427,19.41556032521388],[-99.17020967874446,19.415604726004236],[-99.17016540168235,19.415659403679676],[-99.17011043646511,19.41572498009607],[-99.1699884371647,19.41586966055],[-99.17031040504058,19.416320222052935],[-99.1703187997969,19.4163188851298],[-99.17038685346793,19.416307976243438],[-99.17052601687844,19.416283980249343],[-99.17061090857113,19.4162686725604],[-99.1707874769318,19.41623323561071],[-99.17089783855772,19.416206648785675],[-99.17099714910903,19.416180071275832],[-99.17106676405194,19.41615510179878],[-99.17112381425903,19.416131044781658],[-99.17120206111352,19.416097469160707],[-99.17128976902457,19.416051251201605],[-99.17139520788278,19.415990820132585],[-99.17146456500922,19.415945930597054],[-99.17152555522713,19.415904092766006],[-99.17160198299318,19.41584133261039],[-99.17169310629896,19.41575487712461],[-99.17181510200612,19.415832965378502],[-99.17256543601684,19.416320316095106],[-99.1732290556532,19.4168069723215],[-99.17372727658115,19.41714685018271],[-99.17377582962395,19.417179979948212],[-99.17460922725573,19.41777887486733],[-99.17473195868308,19.417861846362346],[-99.17479589447686,19.417912745533442],[-99.17482125212064,19.41793714286844],[-99.17484659988304,19.417961549519195],[-99.17493553309615,19.41805706482005],[-99.1751097083449,19.41827529258725],[-99.17551025994362,19.418766837313214],[-99.17575954962149,19.41907578530167],[-99.17592770975108,19.419284169652855],[-99.17632766756333,19.419776263707362],[-99.17643262312785,19.419905386671413],[-99.17649251740113,19.419981388801514],[-99.17655241975922,19.42005738157698],[-99.17671177011081,19.42028632719875],[-99.17684197821629,19.420246597485892],[-99.1769946864247,19.420198829472127],[-99.17708542255663,19.420163128203754],[-99.17711333860241,19.420149022218684],[-99.17714386245746,19.420126219658346],[-99.17716828495507,19.420104248204424],[-99.17722104121509,19.42005327177652],[-99.17723062623915,19.420043319637454],[-99.1772441404943,19.42002715577632],[-99.17725111681081,19.420018044064914],[-99.17726810574945,19.41999525080548],[-99.17738312154687,19.41980052266775],[-99.1774737247281,19.419643079968203],[-99.17764143659835,19.419351411070068],[-99.17766324140527,19.419330686605406],[-99.17768940573623,19.419316579700855],[-99.17771209718028,19.419308686238704],[-99.17773347438911,19.419303285270278],[-99.17777330838373,19.419297847024414],[-99.1777823508254,19.4192966092494],[-99.17778976462145,19.419292463846904],[-99.17779759703244,19.419273825208016],[-99.17785892861014,19.419080806726743],[-99.17789546129607,19.418966484758155],[-99.17796687646285,19.418814858217306],[-99.17831787699048,19.418113073495515],[-99.17878479432571,19.417248017776828],[-99.17899519323994,19.416882597191634],[-99.17912325167698,19.41665224377139],[-99.17943600193979,19.416102865999576],[-99.17983151578633,19.41540351298317],[-99.18020479543128,19.414733579723023],[-99.18054279464175,19.414134904032835],[-99.18081110255251,19.41365016388955],[-99.1810706914151,19.41318530793432],[-99.18110946090613,19.413115702700267],[-99.18118350813673,19.412988924596785],[-99.18130982923198,19.41276851146638],[-99.181406962267,19.41259822533667],[-99.18151325093142,19.412420064718628],[-99.18156726573112,19.41232642868886],[-99.18180558787769,19.411968019040465],[-99.1820839820724,19.411541238832992],[-99.18216109345643,19.41142190176207],[-99.18216406328672,19.411416952963993]]]}},{"type":"Feature","properties":{"colonia":"Cuauhtemoc","alc":"Cuauhtémoc","cve_alc":"015","cve_col":"015-009","clasif":"Colonia","entidad":"Ciudad de México","cve_ent":"09"},"geometry":{"type":"Polygon","coordinates":[[[-99.1776667717843,19.423571820110716],[-99.17740999824184,19.423537386130487],[-99.1770851961812,19.42349415154479],[-99.17672298557716,19.42343642577691],[-99.17620942052582,19.423358696148572],[-99.1761252483837,19.42334909325399],[-99.1759866679798,19.423341162711445],[-99.1758897505404,19.423338838022882],[-99.17585575110357,19.4233388761464],[-99.1757537321317,19.42333897103158],[-99.17566787564841,19.42334712014925],[-99.17549491671852,19.423371320120484],[-99.17541628538508,19.423390151448647],[-99.17534058615274,19.42341211568081],[-99.17527866977179,19.42343250837403],[-99.17521455431499,19.423454653051696],[-99.17517193105138,19.423471740007912],[-99.17514051157602,19.423485683044323],[-99.17506206170228,19.423522294310676],[-99.1750150223207,19.423544952372374],[-99.17493198564908,19.423584354264186],[-99.17464324825215,19.423719734919764],[-99.17455351014858,19.42376181811749],[-99.1738781288702,19.424079095460645],[-99.17290144096744,19.42453512649494],[-99.1723656893252,19.424788948397097],[-99.17224561421615,19.42484550711509],[-99.17212567295607,19.42490233606417],[-99.17190662506223,19.425005175401594],[-99.17191570702971,19.42502850845979],[-99.171921665555,19.425043795838537],[-99.17192761509712,19.425059092534756],[-99.17193605027768,19.42509556450905],[-99.17193915395696,19.425131684047933],[-99.1719373752927,19.425166521795372],[-99.17193132244434,19.42519935510729],[-99.17192171945392,19.42522966889972],[-99.1719093173131,19.425257155647834],[-99.17189382227279,19.425283208116287],[-99.17187427133895,19.425308853934478],[-99.17185045700077,19.425333352667796],[-99.17182236847849,19.42535585629041],[-99.1717902339441,19.425375451544003],[-99.17175456813241,19.42539124635034],[-99.17171616156074,19.42540247147194],[-99.17167601225741,19.425408567771527],[-99.1716352817441,19.425409237042874],[-99.17159519891615,19.425404533505436],[-99.17155687678616,19.425394782475525],[-99.17152127655142,19.42538058799085],[-99.171489113271,19.425362727760724],[-99.17146082262774,19.425342076920167],[-99.17143659775947,19.425319493660766],[-99.17141639824199,19.425295772636115],[-99.17141231450073,19.425289740717965],[-99.17138842200909,19.42525436164914],[-99.17073637716514,19.425557007006052],[-99.1704725437629,19.425682168210454],[-99.17030424708935,19.425763396415775],[-99.16981442271437,19.42599454512715],[-99.16952008072835,19.426132428024303],[-99.16922574772553,19.426270319275982],[-99.16910768843596,19.426325792248242],[-99.16898963902781,19.426381273673236],[-99.16812956502531,19.42678544541308],[-99.16808771161796,19.426805121822852],[-99.16809919118896,19.426828662179513],[-99.16810941491524,19.426853359768952],[-99.16811823906623,19.42687912140167],[-99.16812553069138,19.426905859818596],[-99.16812832894351,19.426919656846874],[-99.16813113707707,19.42693344624935],[-99.16813493515413,19.426961754464877],[-99.16813683958253,19.426990623502586],[-99.16813675424257,19.427019871220217],[-99.16813460277743,19.427049335808316],[-99.1681303672209,19.4270787919193],[-99.16812401882682,19.427108058258895],[-99.16811559532434,19.427136926423415],[-99.16810512456141,19.427165199869567],[-99.16809269367448,19.427192677818482],[-99.16807839698677,19.42721918998958],[-99.16806236744885,19.42724456440798],[-99.16804474879116,19.427268656208096],[-99.16802569193072,19.42729134848134],[-99.1680053792255,19.427312532790587],[-99.16798399123692,19.42733214644608],[-99.167961707628,19.42735011574445],[-99.16793871075674,19.427366442380684],[-99.16791519016762,19.427381089080008],[-99.1678913075575,19.427394101589652],[-99.16786708268921,19.427405551072578],[-99.16784175379145,19.427415800963992],[-99.16781525349056,19.427424794504116],[-99.16778767790633,19.427432380049897],[-99.16775913124319,19.42743843052629],[-99.16772974735026,19.427442818858154],[-99.1676996870259,19.427445446774335],[-99.16766912184839,19.427446205837143],[-99.16763823417561,19.427445040980604],[-99.1676072216371,19.42744190730505],[-99.16757630521825,19.427436760757434],[-99.16754570231149,19.427429626752648],[-99.1675156042579,19.42742053409411],[-99.16748623922955,19.427409526834325],[-99.16745778778788,19.42739670409155],[-99.16743044935883,19.427382175150147],[-99.16740436857118,19.42736605691898],[-99.16737969544357,19.42734851205383],[-99.1673565557402,19.427329684573213],[-99.16733502402113,19.4273097557707],[-99.16731518742304,19.427288887455138],[-99.16729708277681,19.427267269392086],[-99.1672807199639,19.42724506508496],[-99.16726609898434,19.4272224541336],[-99.16725319109206,19.42719958140357],[-99.16674792916889,19.42744031208716],[-99.16636164012203,19.427619889647236],[-99.16626948914352,19.427662736826868],[-99.16587491852803,19.427850441006484],[-99.16581865255023,19.427877214844575],[-99.16576237758925,19.427903979359364],[-99.1650259854317,19.42824883651497],[-99.16470259282775,19.428400067098963],[-99.16439170746746,19.428545436871612],[-99.16407106550488,19.428696765450326],[-99.16407559570891,19.428706381583332],[-99.1640806792751,19.42871902377725],[-99.16408511425763,19.42873224373449],[-99.16408884585933,19.428746050773448],[-99.16409180580817,19.428760408466214],[-99.16409286222697,19.42876785840382],[-99.16409392852722,19.428775299022305],[-99.16409514664272,19.42879069448512],[-99.16409539367942,19.428806542330424],[-99.16409464089124,19.428822805283275],[-99.16409280383644,19.428839429125095],[-99.16408986275223,19.428856351165848],[-99.16408577811262,19.428873499396786],[-99.16408050500192,19.428890809433586],[-99.16407405060659,19.428908183005674],[-99.16406639785872,19.428925547257087],[-99.16405755394467,19.42894282170756],[-99.1640475305428,19.428959897073508],[-99.16403637436528,19.428976710665196],[-99.16402411415824,19.428993145574548],[-99.16401081549878,19.429009137417353],[-99.1639965376757,19.429024587076256],[-99.16398136423217,19.429039431861444],[-99.16396536254206,19.42905359976447],[-99.16394863770809,19.429067027248564],[-99.16393128495176,19.42907965077694],[-99.16391339859614,19.42909144324067],[-99.16389508464246,19.42910236058764],[-99.16387644639694,19.429112383333223],[-99.16385758986075,19.429121485215827],[-99.16383858959422,19.429129675554282],[-99.16381956147988,19.429136952654325],[-99.16380058097623,19.429143319057758],[-99.1637817433047,19.429148808650865],[-99.16376310505922,19.42915343159974],[-99.16374474349482,19.429157224332243],[-99.16372671430706,19.42916022158212],[-99.16370907588647,19.429162469943066],[-99.1636918659622,19.42916399567703],[-99.16367512226364,19.429164853002312],[-99.16365883580757,19.429165078346685],[-99.16364244424858,19.429164698819353],[-99.16362581553436,19.42916366020197],[-99.16360899547897,19.429161926066755],[-99.16359204247289,19.429159452361482],[-99.16357502299151,19.429156200963813],[-99.16355800351019,19.429152127821382],[-99.16354106038561,19.42914721514394],[-99.16352427805946,19.429141418031893],[-99.16350774456662,19.42913471784764],[-99.1634915434505,19.429127105272222],[-99.16347578071223,19.429118580305648],[-99.1634605506749,19.429109126004494],[-99.16344593957675,19.429098759311866],[-99.16343204174103,19.42908750733655],[-99.16341895418564,19.42907538956321],[-99.16340676045397,19.429062449196792],[-99.16339553869945,19.42904874130225],[-99.1633853724654,19.429034311626445],[-99.1633826505701,19.429029778473087],[-99.16337991879327,19.429025254638386],[-99.16266569526036,19.429360367940458],[-99.162397565216,19.42948508399826],[-99.16212944505317,19.42960980758482],[-99.16159662910536,19.42986605458929],[-99.16091825643703,19.430185369276604],[-99.16020004348596,19.430524383862796],[-99.15998044851811,19.43062599889563],[-99.15975386555564,19.430726339749455],[-99.15921979825464,19.431774135320595],[-99.1589971741677,19.432257011055167],[-99.15996040440916,19.432660308326923],[-99.16091178766871,19.433067176135115],[-99.16196960691639,19.433521222510198],[-99.16242064383397,19.433716352687533],[-99.16257351823072,19.43378538066969],[-99.16270140598783,19.433845351056167],[-99.16285059729191,19.433909494405494],[-99.16298876536911,19.43396388467254],[-99.16323865871485,19.434067083387795],[-99.16367718210057,19.434212969922275],[-99.16398978773464,19.43429788312381],[-99.1642881829192,19.434378073519447],[-99.16481735889347,19.4345244993972],[-99.16504005754064,19.434585155686943],[-99.16526274810296,19.43464582127242],[-99.16558298043371,19.434743491182374],[-99.16589171432894,19.43485509377565],[-99.16627311743896,19.435019557137903],[-99.16660146155677,19.435143963036708],[-99.16724181662394,19.435377566079552],[-99.16740266267044,19.43544170543512],[-99.16766417392778,19.43554680331493],[-99.16802926453063,19.435693104458515],[-99.16879584996317,19.43598698550714],[-99.16968548303007,19.43631077705956],[-99.16985628151164,19.43605303319115],[-99.17043770529953,19.43519811230603],[-99.17083836110274,19.434587986798952],[-99.17111677506041,19.434161866615735],[-99.17124990269059,19.43394825080825],[-99.17125257787353,19.433943971085217],[-99.17143763082203,19.433669564534682],[-99.17180262171189,19.433113508700785],[-99.17214044485257,19.43259457524679],[-99.17223983804888,19.432441568722332],[-99.17231606189738,19.432324231854793],[-99.17237461049429,19.432234120397037],[-99.17245958123875,19.43208695628588],[-99.17253424291694,19.431946538703013],[-99.1730552163744,19.430973345975907],[-99.17352959152309,19.43004433755678],[-99.17354389719402,19.43001630774532],[-99.17371190101673,19.429708858847068],[-99.1738086540644,19.42955067770875],[-99.1738706171578,19.4294578656674],[-99.17393492215909,19.429367265503295],[-99.17402149010807,19.429231686235703],[-99.17428631345385,19.428829770641887],[-99.17445267066464,19.4285731238363],[-99.1746088436751,19.428334239106686],[-99.17482613087098,19.428006568577306],[-99.17527206805275,19.42733192957086],[-99.17528277597093,19.427315720687567],[-99.17565628019469,19.426792714993653],[-99.17576492783509,19.426636942915973],[-99.17618250250838,19.425986458833197],[-99.17664080050845,19.42527302247591],[-99.17675282311934,19.425089022580686],[-99.17703113377074,19.424594336984665],[-99.17725518797566,19.424244079739115],[-99.17740795457455,19.42400921955626],[-99.17756073015657,19.42377436835276],[-99.1776667717843,19.423571820110716]]]}},{"type":"Feature","properties":{"colonia":"Doctores","alc":"Cuauhtémoc","cve_alc":"015","cve_col":"015-010","clasif":"Colonia","entidad":"Ciudad de México","cve_ent":"09"},"geometry":{"type":"Polygon","coordinates":[[[-99.1551989013137,19.406560581925888],[-99.15503155505772,19.40655369102069],[-99.15494489907387,19.406550506952907],[-99.15487754339387,19.40654689924649],[-99.15482477904901,19.406544503146485],[-99.15476900624628,19.40654170035331],[-99.15471581340502,19.40654134449687],[-99.15464889520457,19.406543028884126],[-99.15449375974826,19.406551768548663],[-99.1543511575868,19.406563028015075],[-99.15418562862266,19.406572687821523],[-99.15411432305035,19.406577911284682],[-99.15404302646122,19.40658314406783],[-99.15395517032809,19.406588375156126],[-99.15379503754389,19.406596788616653],[-99.15359880506163,19.40660822516084],[-99.15340641647046,19.406621006332532],[-99.15319191944187,19.406635105018612],[-99.1528189551056,19.40665732654489],[-99.1527255114514,19.406664786815657],[-99.15263207767872,19.406672257253373],[-99.15255923958058,19.406678066181474],[-99.15234448473544,19.40669174800258],[-99.15219253650177,19.406703005764673],[-99.15204144526089,19.406713467933553],[-99.15193236463257,19.40671989791381],[-99.15182329298737,19.406726336366436],[-99.15164693303586,19.406734620186548],[-99.15135939758477,19.406757306853937],[-99.15113572426559,19.406772187563973],[-99.15109488505612,19.40677416171719],[-99.1510416050783,19.406776748450852],[-99.1509837670487,19.406779542767303],[-99.15080789218747,19.40679149274771],[-99.15065046153558,19.406801799859373],[-99.15040037774706,19.40681910631604],[-99.150126441891,19.406840148409515],[-99.14989640221138,19.40685623732701],[-99.14949699686304,19.40687805213079],[-99.14901141882439,19.406912238846544],[-99.14880679967065,19.406926242612606],[-99.14838556975249,19.406956306477625],[-99.14819296197238,19.40696948923029],[-99.14810224021356,19.40697626149947],[-99.14797036393658,19.406986117001846],[-99.14773990474369,19.40700260073494],[-99.1474525678203,19.407022707413432],[-99.14721370488795,19.40703806003112],[-99.14709006077221,19.407047040295076],[-99.14699123980277,19.407054208238236],[-99.146590377387,19.40707987303075],[-99.14614468544534,19.407112792181767],[-99.14571358483879,19.407142849234152],[-99.14556698517427,19.407152629319025],[-99.14554468539569,19.407154062906773],[-99.14546226317174,19.407159606620898],[-99.14537984993098,19.407165105429254],[-99.14514950392578,19.407179526032273],[-99.14500237156034,19.40718900787459],[-99.14488826485804,19.407196832448733],[-99.1448194143814,19.407199334448396],[-99.14476386076761,19.407197341660297],[-99.14470498518385,19.40719463462031],[-99.14464611948158,19.407191918260384],[-99.1446177893125,19.407518510659806],[-99.14457938363914,19.407894821074155],[-99.14452078922811,19.4084870627178],[-99.1444870224549,19.408825456617834],[-99.14445240767203,19.409172483429447],[-99.14440315484167,19.409656456594657],[-99.14437878893793,19.409870400030876],[-99.14433943374532,19.410286748950515],[-99.14428418825362,19.410879234364785],[-99.1442742178523,19.41098625699618],[-99.1442284163492,19.411416438682153],[-99.14418214682385,19.411862062048012],[-99.14416948147672,19.41198074048349],[-99.14414604712587,19.412200554830473],[-99.14410994652957,19.412539046908197],[-99.14410379037493,19.412598129597864],[-99.14405269689647,19.41308903741905],[-99.14398946987353,19.413706949308004],[-99.14398400003178,19.413758247982773],[-99.14394566891858,19.414117311141204],[-99.14390484767547,19.41452013238813],[-99.14388270689867,19.414736812770176],[-99.14386900220065,19.414871068044086],[-99.1438411220875,19.415155499450826],[-99.14383851966814,19.415181983932698],[-99.14381324197436,19.41543992188766],[-99.14376793184971,19.41588378385099],[-99.14368868606866,19.416687431545792],[-99.14362505660046,19.417303555676142],[-99.1435912044873,19.417616755252148],[-99.14354340423267,19.418087498555234],[-99.14351005337947,19.418419571732752],[-99.14347669264471,19.418751634912514],[-99.1434413511248,19.41909408253694],[-99.14340599882517,19.419436520967615],[-99.14331634695978,19.42030364662243],[-99.14329206100608,19.4205404548006],[-99.14326873714802,19.42076799762079],[-99.14325161076715,19.420922063976445],[-99.14325070526532,19.4209301369671],[-99.14323268236583,19.421092276151626],[-99.14321432349635,19.421282706588308],[-99.14320636262627,19.421373032532006],[-99.1431958604223,19.421461199761175],[-99.14318735068164,19.42152978054663],[-99.14316533656726,19.421786228373268],[-99.14314859646194,19.421966644977253],[-99.14313398536387,19.422097884191334],[-99.14312746628985,19.42215650592077],[-99.1431193751641,19.422229124146625],[-99.14311519081147,19.422267284369088],[-99.14311019707684,19.422313028672953],[-99.14310179064236,19.422389881954985],[-99.14309234665379,19.422467104577425],[-99.1430595033487,19.422699649069177],[-99.14302876749126,19.422835238871237],[-99.14297633731968,19.423052221628705],[-99.14289592732197,19.42336411477325],[-99.14287773733581,19.423434988096794],[-99.14281332723161,19.423686066828616],[-99.14267918270855,19.424207023016052],[-99.14261948696299,19.424438895742394],[-99.14254504716864,19.424727979227484],[-99.14237398548067,19.425394402939375],[-99.14237232808895,19.425400696632025],[-99.14230420345108,19.425658005012167],[-99.14224038803161,19.42586768133853],[-99.14222007263147,19.425953715481082],[-99.14211984040871,19.426337077454605],[-99.14205993266067,19.426576264172912],[-99.1421316828991,19.426588364342063],[-99.14220268933241,19.42660202754401],[-99.14224666456047,19.426612011473914],[-99.1422987677453,19.426624263284303],[-99.14232816062137,19.42663265622296],[-99.14239364600895,19.426651934480173],[-99.14253513336119,19.426705013213475],[-99.14258771175471,19.426724073738907],[-99.14262833536856,19.426735411442216],[-99.14266084090708,19.426742215080488],[-99.14277509133987,19.426755838452298],[-99.14286351790312,19.426768094487745],[-99.14292183742971,19.426781710232905],[-99.14297106510729,19.426797591314013],[-99.14301122159712,19.42681709235772],[-99.14307811194983,19.426865961442886],[-99.14309755867907,19.4268678430104],[-99.14320373774903,19.426878141224627],[-99.14322537367262,19.42688023034889],[-99.14328610248083,19.426886116494572],[-99.14374371596463,19.426934159567285],[-99.14391601103947,19.42695224073627],[-99.14427681128852,19.426994175689092],[-99.14432370873625,19.426999897479725],[-99.14448140259444,19.42701916891591],[-99.1446656156182,19.427036907818607],[-99.1447984755504,19.42704980937655],[-99.14491350751753,19.427062709239202],[-99.14515757259366,19.42708911468811],[-99.14528449286524,19.427103830033065],[-99.14552728323203,19.42713164347175],[-99.14575480583221,19.427151408792337],[-99.14588978938177,19.427160481981083],[-99.14602476394812,19.427169562793797],[-99.14607018636217,19.42717197892188],[-99.14611559979305,19.427174404368706],[-99.14616102310539,19.427176820496843],[-99.14620643653627,19.42717924594358],[-99.14635967654735,19.427189060404157],[-99.1465129075752,19.427198883335887],[-99.14681937861418,19.42721851225406],[-99.14692705337907,19.427226199469732],[-99.14714238404427,19.427241555262427],[-99.14725004892767,19.427249242477004],[-99.1473965318112,19.427258225013148],[-99.14819499306326,19.427308604467957],[-99.14823265852483,19.427309483829397],[-99.14825819762832,19.427308267294762],[-99.14827886247313,19.427306526362393],[-99.14830017500324,19.427304344054924],[-99.14833517606168,19.427297990287048],[-99.1483895672555,19.42728544371257],[-99.14851303799635,19.42725302932394],[-99.1485966433015,19.427229858394583],[-99.14868023962356,19.427206677295857],[-99.14892992186519,19.427139862714235],[-99.1506947817168,19.426675154627826],[-99.15097235395307,19.426602081763026],[-99.15189023184912,19.426357925560264],[-99.15280809896538,19.42611375543569],[-99.15308076550187,19.426046845520897],[-99.15323368571269,19.42600279068965],[-99.153386615805,19.425958745165296],[-99.15367703574643,19.42587530253837],[-99.15374149256304,19.425082025715987],[-99.15380854820573,19.424264025014303],[-99.15383898851746,19.42389277037975],[-99.15392494651033,19.422844082711723],[-99.15393835206936,19.422671828094284],[-99.153944907076,19.422591886924877],[-99.15394656446766,19.422577231322034],[-99.1540434513643,19.42135217107877],[-99.15406086879936,19.421122928743618],[-99.15412458989574,19.420310815675645],[-99.15416801445657,19.419773436573283],[-99.15421016251139,19.419256456536345],[-99.15425345681649,19.418683355410113],[-99.15425892575995,19.418613779641124],[-99.15431267914994,19.417929123103857],[-99.15431658592307,19.417868135263387],[-99.15432033010121,19.417829929105444],[-99.15434257598086,19.417541757666175],[-99.15437955243462,19.417062585461277],[-99.15439496752491,19.416863313539388],[-99.1544304545719,19.416424532521933],[-99.15446595150033,19.41598575963957],[-99.15449854417544,19.41557345389359],[-99.15452964924052,19.415180110702234],[-99.1545334697754,19.415133019832748],[-99.15463513750599,19.413882024565837],[-99.15470256055966,19.41298889324874],[-99.15470866730696,19.412907886567336],[-99.15471674675463,19.412800908410286],[-99.15479593234856,19.411792953583156],[-99.15488364205633,19.410683600604894],[-99.15491323076516,19.410309454609212],[-99.15501132679414,19.409019836967495],[-99.15506507479424,19.40832173370584],[-99.15511582421789,19.407617028895853],[-99.15511892071066,19.407582426317777],[-99.15512200642367,19.40754781525967],[-99.15512586468783,19.40749247991496],[-99.15512645577931,19.40748409954438],[-99.15513432412288,19.40738075261974],[-99.1551422023479,19.407277414102225],[-99.15519842520662,19.40656704749777],[-99.1551989013137,19.406560581925888]]]}},{"type":"Feature","properties":{"colonia":"Esperanza","alc":"Cuauhtémoc","cve_alc":"015","cve_col":"015-011","clasif":"Colonia","entidad":"Ciudad de México","cve_ent":"09"},"geometry":{"type":"Polygon","coordinates":[[[-99.1292454148271,19.42328863609418],[-99.12931365624597,19.422815064678613],[-99.12950996328838,19.421223865118623],[-99.1295596230556,19.420790734856507],[-99.1298186262166,19.418886441794957],[-99.12987405406625,19.41844776027977],[-99.12988295906568,19.41837758966463],[-99.12989231322277,19.418302868622145],[-99.12992226305431,19.418066443514736],[-99.12994080518008,19.417937237756906],[-99.12998536251652,19.417627248065894],[-99.12865522887193,19.417507401199764],[-99.12784906097302,19.417427207559975],[-99.12759592291249,19.417402032399885],[-99.12756552482156,19.41759011104244],[-99.12753039260912,19.417832973161175],[-99.12745433045741,19.418318704782322],[-99.12739918827202,19.41865314460377],[-99.12726269824772,19.419480846144797],[-99.12721514952145,19.4197759171992],[-99.12716616169405,19.420081145726556],[-99.12713373610556,19.420268239357544],[-99.1271077909635,19.42041660534495],[-99.12709509058202,19.42046825349215],[-99.12707313575646,19.420532000548715],[-99.12702401946997,19.420658399999578],[-99.12697950525273,19.42076116916343],[-99.12689192669905,19.420962319636587],[-99.12661736381895,19.421610817666352],[-99.12648513540246,19.42191733726477],[-99.12639206095584,19.422124536133943],[-99.12631518313381,19.422310563335316],[-99.12615622893925,19.42268317624667],[-99.12607500147462,19.422860696151805],[-99.12606436452337,19.422882790075924],[-99.12641370945587,19.42292620273454],[-99.1266358727071,19.422953801701677],[-99.12826918955666,19.4231713417523],[-99.1292454148271,19.42328863609418]]]}},{"type":"Feature","properties":{"colonia":"Ex Hipodromo De Peralvillo","alc":"Cuauhtémoc","cve_alc":"015","cve_col":"015-012","clasif":"Colonia","entidad":"Ciudad de México","cve_ent":"09"},"geometry":{"type":"Polygon","coordinates":[[[-99.14036298724119,19.455218604921075],[-99.13954574491147,19.45503878938345],[-99.13848988848271,19.454792573629692],[-99.13816984749307,19.454717666057014],[-99.13694083001354,19.45442565866817],[-99.13591047765402,19.454173760961584],[-99.1350977206125,19.453985962704074],[-99.13439658463493,19.453827752705788],[-99.133926021038,19.453716773020453],[-99.13277739019993,19.45346287606335],[-99.13229513772451,19.453349117859624],[-99.13215119886989,19.453317891980312],[-99.13196341144966,19.453276273841063],[-99.13177927927427,19.45324088647121],[-99.13168721183914,19.4532270078235],[-99.13159368823489,19.453214510686802],[-99.13150015474918,19.45320202201949],[-99.13136006876884,19.45318578607293],[-99.13085514820551,19.45312729158952],[-99.13084533321272,19.453126160798725],[-99.13071595694721,19.4531089600724],[-99.13055112956728,19.453086217197587],[-99.13027852950611,19.453464652290513],[-99.13019154563716,19.45358246600201],[-99.13008701946734,19.453726617216912],[-99.13003220247204,19.453809780408907],[-99.12998176206884,19.453904729137317],[-99.12996129305678,19.453949775045622],[-99.12993599290512,19.45401313287686],[-99.12990134039303,19.454091162077713],[-99.12985309008249,19.454184034573917],[-99.12980776738146,19.454254719956527],[-99.12960145759838,19.454572649214477],[-99.12918059778609,19.45522358372429],[-99.12900077033751,19.45550564987541],[-99.12882095097385,19.4557877248531],[-99.12880193184264,19.4558175467445],[-99.12813966147586,19.45685638070931],[-99.12806427665382,19.45698608827127],[-99.1281688333664,19.45701170112974],[-99.12826028006567,19.4570397135745],[-99.1283621409341,19.457071005651382],[-99.12844887507138,19.45710170735396],[-99.12916036233597,19.457368201309365],[-99.12929560729525,19.457418426580567],[-99.13019232537481,19.45773864588184],[-99.13118459545451,19.458098620585766],[-99.13220920757936,19.45847532794904],[-99.13283432632096,19.45869724685165],[-99.13363147872765,19.458988761216812],[-99.13407764408151,19.459161059460673],[-99.13452159329157,19.459327776625994],[-99.13536026852563,19.45963261825518],[-99.13612396767118,19.459910949943072],[-99.13637755039777,19.46000581548186],[-99.13645877516744,19.46003302699612],[-99.13654624592331,19.460059183146125],[-99.13663371667919,19.46008430087252],[-99.13673956157582,19.460110811906375],[-99.1368042429712,19.460123373730543],[-99.13687922534798,19.460131052611967],[-99.13709239825985,19.460150609788034],[-99.13769368200202,19.460204398362315],[-99.13882405009034,19.46029716741224],[-99.13947844133375,19.460349693913106],[-99.13991948898544,19.46038113781074],[-99.14013813802732,19.460391391548946],[-99.14029280007146,19.46039364455924],[-99.14009644901157,19.460025755516167],[-99.14007517690568,19.459985957603962],[-99.13999271515584,19.459831660666236],[-99.13983940507617,19.459542247531218],[-99.13978524924097,19.459440011962904],[-99.13951130080854,19.45894300183661],[-99.13965608048626,19.45836218310594],[-99.13968904596226,19.45821562373288],[-99.14036298724119,19.455218604921075]]]}},{"type":"Feature","properties":{"colonia":"Felipe Pescador","alc":"Cuauhtémoc","cve_alc":"015","cve_col":"015-013","clasif":"Colonia","entidad":"Ciudad de México","cve_ent":"09"},"geometry":{"type":"Polygon","coordinates":[[[-99.13055112956728,19.453086217197587],[-99.13036904195747,19.453061096693368],[-99.12963031597685,19.45296182674494],[-99.1294878305964,19.452945859284416],[-99.1293312749036,19.45292642236568],[-99.12916851364885,19.45290282057134],[-99.12902457389593,19.45287852759254],[-99.12887501787588,19.45285332150555],[-99.12869795903507,19.45281885392435],[-99.12854013132782,19.452787631331034],[-99.12837627772167,19.45275484510293],[-99.12800251208819,19.452685533807177],[-99.1279758662602,19.452680598124754],[-99.12769454984587,19.452622313524486],[-99.12751188551763,19.45258415027131],[-99.12658831140438,19.452401661949242],[-99.12586495110668,19.452243460570298],[-99.1251094383083,19.452066547081397],[-99.12479021029402,19.451984437560785],[-99.12462632524685,19.452635799198813],[-99.12453692490979,19.452994311386753],[-99.12446243930138,19.453287170926806],[-99.12444714189037,19.45335449397882],[-99.12438356901603,19.45363854289302],[-99.12435904500882,19.45374858412151],[-99.12431001046899,19.453952540598536],[-99.12427371224334,19.454091665213053],[-99.12421629462527,19.454317047682373],[-99.12416147763004,19.454532334971685],[-99.124129227213,19.454664209391364],[-99.12383293408622,19.455877047364368],[-99.12379233382865,19.456043269011328],[-99.1240107088843,19.456090402227264],[-99.12422907585517,19.456137535429463],[-99.12446814719668,19.456190370745283],[-99.12470722841968,19.456243214514],[-99.12482592191985,19.456269446659853],[-99.12491421912571,19.456288574016448],[-99.1250025154333,19.456307701370907],[-99.12522683284459,19.456356306626237],[-99.12545115923903,19.45640490254982],[-99.12600901033554,19.455546147679943],[-99.12619831231538,19.45524039120757],[-99.12620755058974,19.45522545818699],[-99.12645094821765,19.4548706185491],[-99.12654368130441,19.454732002818194],[-99.12663845266857,19.454590362236686],[-99.1270499340693,19.453941580877217],[-99.12735906052822,19.453487027500227],[-99.12747277466681,19.45350689972632],[-99.12765338544627,19.453538479628847],[-99.12780364664381,19.45356473508197],[-99.12780877782076,19.453565638865168],[-99.12781391798082,19.453566534177966],[-99.12823135161858,19.453650654597634],[-99.12845757076333,19.453694795100148],[-99.12866034208253,19.453734298095203],[-99.12879413446599,19.453758616356918],[-99.12891597925618,19.453780602738796],[-99.12898945336158,19.453794632110615],[-99.12906291758553,19.453808670798605],[-99.12943941769078,19.453880581150656],[-99.1296859603205,19.453936995903604],[-99.12975037042469,19.453955836392133],[-99.12981478951203,19.453974667561216],[-99.12993599290512,19.45401313287686],[-99.12996129305678,19.453949775045622],[-99.12998176206884,19.453904729137317],[-99.13003220247204,19.453809780408907],[-99.13008701946734,19.453726617216912],[-99.13019154563716,19.45358246600201],[-99.13027852950611,19.453464652290513],[-99.13055112956728,19.453086217197587]]]}},{"type":"Feature","properties":{"colonia":"Guerrero","alc":"Cuauhtémoc","cve_alc":"015","cve_col":"015-014","clasif":"Colonia","entidad":"Ciudad de México","cve_ent":"09"},"geometry":{"type":"Polygon","coordinates":[[[-99.14910747567774,19.437890366538255],[-99.14870678663684,19.437815379158515],[-99.14858878843269,19.437791736199244],[-99.14850600059441,19.43777515817081],[-99.14824634795144,19.437723128394783],[-99.14813966762152,19.43770176246667],[-99.14776541420281,19.43763025156066],[-99.14764195154679,19.43760665262431],[-99.14739116168245,19.437558731304733],[-99.14683296293789,19.437447612578744],[-99.14661085448391,19.437403387181043],[-99.14627037682155,19.437337159610493],[-99.145533919087,19.43716795389025],[-99.14476412846552,19.43698821238089],[-99.14399434862382,19.436808458812912],[-99.14336189783292,19.436681797461294],[-99.14312190481994,19.43663697802361],[-99.14290514763007,19.43659648735966],[-99.14213946051282,19.43644944156328],[-99.14193272672489,19.436412751886902],[-99.14172600281846,19.43637605288389],[-99.14146729610147,19.436330136338842],[-99.14100846270544,19.436253823339214],[-99.14088431643151,19.43623018354097],[-99.14079220228399,19.436210033884343],[-99.14074890977551,19.436199760828444],[-99.14070958782058,19.436186915060244],[-99.14069648050223,19.436182641326084],[-99.14065043016586,19.43616209182161],[-99.14058513342448,19.43613032471218],[-99.14056057707786,19.4362901504832],[-99.14054521049658,19.43642184150058],[-99.14052605032992,19.436530848209003],[-99.14044136614808,19.437012374740842],[-99.1403241755294,19.43777726579149],[-99.14018580622954,19.43863940572106],[-99.1400135003749,19.439728354235314],[-99.13989850164548,19.440450470017318],[-99.13986064214781,19.44068726576601],[-99.13985697702145,19.440745490273706],[-99.139856237708,19.440786034117213],[-99.13985925245406,19.440864089161984],[-99.13986023970254,19.44087891676991],[-99.13986461719298,19.44094406877553],[-99.13986460820978,19.440998130553552],[-99.13986167431207,19.441068834386623],[-99.13983607681804,19.441242106339136],[-99.1397636582331,19.4417272918961],[-99.13971195749353,19.442017325541066],[-99.13962615131594,19.4425770509677],[-99.13957964643201,19.442874091899075],[-99.13955343269367,19.443030793750786],[-99.13946204168997,19.443562281520883],[-99.13944989197573,19.44363161196127],[-99.13938480005027,19.444011788681618],[-99.13871760152581,19.444587156166207],[-99.13847574361026,19.44480610388285],[-99.13847232552065,19.44480919148119],[-99.13782570021279,19.445394563479287],[-99.13677258274734,19.446354591009065],[-99.13640610424738,19.44668479959818],[-99.13630919489285,19.446772346585586],[-99.13602255146888,19.44703171081283],[-99.13570824801896,19.447316081669516],[-99.13519738779495,19.447786814282985],[-99.134911339954,19.44809222056715],[-99.13544370225262,19.448503019861924],[-99.13556157379429,19.448578981503168],[-99.13566252287266,19.448632718008994],[-99.13582348031032,19.448711233467336],[-99.13613944833844,19.4488639552936],[-99.136503392691,19.449038798682622],[-99.13706881299208,19.449299648408715],[-99.13735521656591,19.44943414108929],[-99.13764161115661,19.44956864297597],[-99.13789823018884,19.44968792322304],[-99.13826548303658,19.449855964748885],[-99.13840494019621,19.449921895825774],[-99.13853356457183,19.44998269628996],[-99.13895678156348,19.450183667416244],[-99.13909819076224,19.45024827103379],[-99.13926969981118,19.45032903293116],[-99.13959963843865,19.450488063742952],[-99.14000620964806,19.45067369676217],[-99.14009492906214,19.450719211984598],[-99.14024456413395,19.450788095514955],[-99.14030102324956,19.4508122676792],[-99.14041373307161,19.450861614899466],[-99.14053365007722,19.450911973477396],[-99.14059732535951,19.45093714937245],[-99.14069985098119,19.450972001064937],[-99.14077626527249,19.450997277749032],[-99.1408526696824,19.451022563746708],[-99.14095350108143,19.45105257540515],[-99.14105432349739,19.45108259552856],[-99.14126113993026,19.451135918694387],[-99.14354285266708,19.451781220617526],[-99.14363419516184,19.451807978650447],[-99.14399096646683,19.451912517897874],[-99.14400905404506,19.45191812784783],[-99.14497306132927,19.452216719549984],[-99.1451305854059,19.452264055472952],[-99.14528809960107,19.452311399852555],[-99.14579741921438,19.4524595036282],[-99.14593044982647,19.45188797065846],[-99.14610070572567,19.451147383443885],[-99.14618990214515,19.450748153879236],[-99.14623010894061,19.45056793866195],[-99.1463054147109,19.450237325462084],[-99.14634050560082,19.450086918222517],[-99.14638144452327,19.449911561803017],[-99.14649257510708,19.449420147763707],[-99.14656714695377,19.449092307178272],[-99.14659313162166,19.448976997491688],[-99.14666511272706,19.448657725693135],[-99.14673675157437,19.448333351428136],[-99.14683326028026,19.44789669345645],[-99.1469224540048,19.447491223198593],[-99.14701821710905,19.447070502200884],[-99.14706943275833,19.44683925134853],[-99.14714907918805,19.446493143590747],[-99.14727811229719,19.445919242368248],[-99.14737095857164,19.445517240173107],[-99.14750766508995,19.444922552463705],[-99.14764019803536,19.44434957239279],[-99.14764217971887,19.444341030436714],[-99.14784759657657,19.44342126311388],[-99.14784933930827,19.44341361478366],[-99.14804132275921,19.44256665463963],[-99.14825478043701,19.44163927543829],[-99.14827817077038,19.44154709122669],[-99.14849014263471,19.44085328865815],[-99.14854057854632,19.44066614842809],[-99.14871453640276,19.44006660514258],[-99.14875043847141,19.43994616745809],[-99.14877447649013,19.43984065565111],[-99.14882346341916,19.439498949776972],[-99.14886185292289,19.439255660069335],[-99.14887136069184,19.439185661086633],[-99.14888232552819,19.439109412962267],[-99.1488947582117,19.439017227314032],[-99.14893826541754,19.43872334412627],[-99.14903877791467,19.438212521062606],[-99.14910747567774,19.437890366538255]]]}},{"type":"Feature","properties":{"colonia":"Hipodromo","alc":"Cuauhtémoc","cve_alc":"015","cve_col":"015-015","clasif":"Colonia","entidad":"Ciudad de México","cve_ent":"09"},"geometry":{"type":"Polygon","coordinates":[[[-99.18071949325817,19.406660127641448],[-99.17982765931882,19.40636728908382],[-99.17891650800762,19.406066583006822],[-99.17809228576807,19.405799114368477],[-99.17799008443826,19.40576408437389],[-99.17795068163493,19.405750577862044],[-99.17710394312286,19.405478357142215],[-99.17619135271053,19.405130093885376],[-99.17531314621404,19.404839264030276],[-99.17439775754964,19.40454303134906],[-99.1735295789467,19.40426439208787],[-99.17256452512518,19.403958219640014],[-99.17166636345293,19.403660519538654],[-99.17166166167077,19.40365884867827],[-99.17152752343588,19.403612158630796],[-99.17138868252052,19.403563797708717],[-99.17132424007698,19.40354253404793],[-99.17128732201377,19.403532953707106],[-99.17125343127303,19.40352416897373],[-99.17118262157076,19.403505794577207],[-99.17100781570467,19.402766812690253],[-99.17097986103138,19.402650155113932],[-99.17091466040971,19.402372972506516],[-99.17075865718085,19.401769321707445],[-99.1705930797077,19.401117000294473],[-99.17043659318522,19.400499867543022],[-99.17037112935716,19.400282354774422],[-99.17009198057761,19.401122229863926],[-99.170066743308,19.4012174330805],[-99.17004149615691,19.401312627768252],[-99.16988698323311,19.40175695024876],[-99.16980785243639,19.402001356920817],[-99.16968758957941,19.40235991223961],[-99.16965943009019,19.402449399703045],[-99.16962422780911,19.402561309165513],[-99.169401429449,19.403242182001577],[-99.16924762799091,19.403735906503222],[-99.16910260037817,19.40418806657145],[-99.16891057650301,19.404786693306797],[-99.16876004491259,19.405220801608575],[-99.16852442130508,19.40593347700113],[-99.16834543198472,19.406496623502456],[-99.16817266529435,19.407040220581532],[-99.16779399935098,19.408174468296533],[-99.16779077260246,19.408184347449783],[-99.1676667323297,19.408565033303244],[-99.16741551846052,19.409351527064416],[-99.16740127028181,19.40939615322759],[-99.1672418318953,19.409872466497774],[-99.16714718899023,19.410160233833068],[-99.16704798623677,19.41046189821353],[-99.16696694382503,19.41074055396876],[-99.16668663621878,19.411590228585016],[-99.16647783450902,19.4122298484196],[-99.16636423804978,19.412586558762985],[-99.16629819301184,19.41280802780685],[-99.16626407140403,19.41292241934442],[-99.16605184890976,19.413567555405592],[-99.16575303870357,19.414477665541174],[-99.16540064668558,19.415558793421546],[-99.16557996568764,19.41565256229928],[-99.16576847894665,19.415752497257547],[-99.16592721125737,19.415846626943],[-99.16686418733632,19.41640513105082],[-99.16710146384392,19.416551036834182],[-99.16720260336511,19.416612900351993],[-99.16723090029656,19.416628413884194],[-99.16725918824486,19.416643936734303],[-99.1672860101426,19.41665648836647],[-99.16732349234785,19.4166700778477],[-99.16738816835337,19.416691000054918],[-99.16742601168134,19.416700760926517],[-99.16744044131975,19.416703623697465],[-99.16748038850214,19.41671156981409],[-99.16754212342339,19.416720283515453],[-99.16759430116838,19.416724112121535],[-99.16764427175266,19.416724463719653],[-99.16769718252289,19.416720978239205],[-99.1677379678334,19.416716797187703],[-99.16780116790693,19.416706683024504],[-99.16898389250494,19.416471341738315],[-99.16901075213197,19.41646609571791],[-99.16903762164037,19.41646085732224],[-99.1695418118734,19.416362441875865],[-99.1697890291379,19.416105634738877],[-99.16983154550202,19.41605521961604],[-99.16985370334677,19.41602893352778],[-99.1699884371647,19.41586966055],[-99.17011043646511,19.41572498009607],[-99.17016540168235,19.415659403679676],[-99.17020967874446,19.415604726004236],[-99.1702453517427,19.41556032521388],[-99.17027897748036,19.41551240247417],[-99.17033754943351,19.415428629993954],[-99.17039457987767,19.41534296221385],[-99.17061597956088,19.415000956567344],[-99.17070594942986,19.414864033461264],[-99.17082711868697,19.41467457321329],[-99.17090445824303,19.414553615138995],[-99.17107267227155,19.41429215720309],[-99.17120259561112,19.414092493002883],[-99.17131418882725,19.413914563624104],[-99.17133170148377,19.41389066047293],[-99.17134920425872,19.413866748845845],[-99.17137374982553,19.413835387440667],[-99.1713992763527,19.41380774541037],[-99.1714313506999,19.413772970465594],[-99.17147455158026,19.41373291212623],[-99.17153443687032,19.413688664175023],[-99.17160709530545,19.413643945993478],[-99.17166338284284,19.413614443390813],[-99.17174585447412,19.41357407746392],[-99.17181458277987,19.41354861110353],[-99.17183421815537,19.41354286681117],[-99.1718741455748,19.413532770242544],[-99.17189181004655,19.413529203358635],[-99.17195400041368,19.41352314219746],[-99.17201618089932,19.413520973260816],[-99.17210748566477,19.413522830412823],[-99.17220043794048,19.4135281104179],[-99.17221890191284,19.41350669979285],[-99.17280601742634,19.41282628253818],[-99.173289635341,19.41225716961133],[-99.17391021489549,19.411558777779295],[-99.17434442277462,19.411063123259044],[-99.17517234517474,19.41015442841831],[-99.17528555176516,19.410034649754824],[-99.17581316107758,19.409441011528457],[-99.17585149578402,19.409399354184906],[-99.1758906021433,19.409356875833286],[-99.17600694834564,19.409231614789146],[-99.17606237529698,19.409171951347993],[-99.1765940360114,19.408612453119957],[-99.17680254397197,19.408393230398918],[-99.17714261290088,19.408015162206215],[-99.17723057773011,19.40791935801745],[-99.1772752509492,19.407874639096566],[-99.17730132724525,19.40784973273655],[-99.17731958101187,19.407832403513275],[-99.17738241277611,19.407786445858473],[-99.17751200733221,19.40769452288477],[-99.1775321843918,19.407682493327027],[-99.17760362920302,19.407639867948987],[-99.17825812285437,19.407220322267044],[-99.17841127213559,19.40711970000877],[-99.1784904074239,19.407071664635648],[-99.1785296844631,19.407048238341375],[-99.17855021276397,19.407036452751054],[-99.17861286396685,19.407000455435096],[-99.17865409214676,19.406978717749602],[-99.17870841686528,19.406956355619563],[-99.17876600606151,19.406936170136355],[-99.17881117515066,19.40691939832298],[-99.17892342234035,19.40688828213493],[-99.17903305273761,19.406860381351958],[-99.1791744233088,19.406825597295832],[-99.17929222927349,19.406799502047125],[-99.17944146190004,19.40677092935897],[-99.17948793534299,19.406765960084815],[-99.17953439980272,19.406760980643188],[-99.17966275198881,19.406757757604808],[-99.1797770958464,19.406753694915714],[-99.1798695100313,19.406750400705974],[-99.17998732767403,19.406746671843575],[-99.18012452287579,19.40675168263486],[-99.18023231801493,19.406754500675287],[-99.18029173618108,19.406755706349294],[-99.18032951123708,19.40675328398679],[-99.18035667359636,19.40675046425171],[-99.18037832568967,19.406747645363858],[-99.18049261025843,19.406724276637725],[-99.18063922429593,19.40668451480319],[-99.18067738832247,19.40667168025802],[-99.18071949325817,19.406660127641448]]]}},{"type":"Feature","properties":{"colonia":"Hipodromo Condesa","alc":"Cuauhtémoc","cve_alc":"015","cve_col":"015-016","clasif":"Colonia","entidad":"Ciudad de México","cve_ent":"09"},"geometry":{"type":"Polygon","coordinates":[[[-99.18412150396898,19.407783667657636],[-99.18329941522828,19.407510786926533],[-99.18247867036726,19.40723836241812],[-99.18071949325817,19.406660127641448],[-99.18067738832247,19.40667168025802],[-99.18063922429593,19.40668451480319],[-99.18049261025843,19.406724276637725],[-99.18037832568967,19.406747645363858],[-99.18035667359636,19.40675046425171],[-99.18032951123708,19.40675328398679],[-99.18029173618108,19.406755706349294],[-99.18023231801493,19.406754500675287],[-99.18012452287579,19.40675168263486],[-99.17998732767403,19.406746671843575],[-99.1798695100313,19.406750400705974],[-99.1797770958464,19.406753694915714],[-99.17966275198881,19.406757757604808],[-99.17953439980272,19.406760980643188],[-99.17948793534299,19.406765960084815],[-99.17944146190004,19.40677092935897],[-99.17929222927349,19.406799502047125],[-99.1791744233088,19.406825597295832],[-99.17903305273761,19.406860381351958],[-99.17892342234035,19.40688828213493],[-99.17881117515066,19.40691939832298],[-99.17876600606151,19.406936170136355],[-99.17870841686528,19.406956355619563],[-99.17865409214676,19.406978717749602],[-99.17861286396685,19.407000455435096],[-99.17855021276397,19.407036452751054],[-99.1785296844631,19.407048238341375],[-99.1784904074239,19.407071664635648],[-99.17841127213559,19.40711970000877],[-99.17825812285437,19.407220322267044],[-99.17760362920302,19.407639867948987],[-99.1775321843918,19.407682493327027],[-99.17751200733221,19.40769452288477],[-99.17738241277611,19.407786445858473],[-99.17731958101187,19.407832403513275],[-99.17730132724525,19.40784973273655],[-99.1772752509492,19.407874639096566],[-99.17723057773011,19.40791935801745],[-99.17714261290088,19.408015162206215],[-99.17680254397197,19.408393230398918],[-99.1765940360114,19.408612453119957],[-99.17606237529698,19.409171951347993],[-99.17600694834564,19.409231614789146],[-99.1758906021433,19.409356875833286],[-99.17585149578402,19.409399354184906],[-99.17581316107758,19.409441011528457],[-99.17528555176516,19.410034649754824],[-99.17517234517474,19.41015442841831],[-99.17434442277462,19.411063123259044],[-99.17391021489549,19.411558777779295],[-99.17397631652737,19.411557474707163],[-99.17403798227838,19.411556271610433],[-99.17435085022046,19.411547562715946],[-99.174469641637,19.411543051950552],[-99.17458844293502,19.41153854965771],[-99.17493076933022,19.411532629066034],[-99.17523104558698,19.411520821772058],[-99.1752446460804,19.411520279531285],[-99.17537323093012,19.41151522567711],[-99.17662187659866,19.411459401970948],[-99.17696505998664,19.411462976525595],[-99.17721443500447,19.41145302047156],[-99.17746381900544,19.41144307288935],[-99.17797274335994,19.411417884093815],[-99.17802096043287,19.41141582273007],[-99.17872751145494,19.411386230761607],[-99.1788972409414,19.41137715330327],[-99.17935440886085,19.411370729438026],[-99.17943003712625,19.411369658511298],[-99.17980312453179,19.411374607310822],[-99.18029774591034,19.410473317540664],[-99.18032532957949,19.41048546974408],[-99.18054416097931,19.41059588928454],[-99.18065791284714,19.410653067201977],[-99.18078440013066,19.410728765257044],[-99.18087098784261,19.410783525061493],[-99.18095725305933,19.41084958129634],[-99.18104059605646,19.41091434713583],[-99.18113015359869,19.410970704799244],[-99.18119774284065,19.411005537109357],[-99.1812653222012,19.411040377884582],[-99.18171140041846,19.411248988585793],[-99.18178186337101,19.411277174140075],[-99.18185741797463,19.411302939089097],[-99.18198007663848,19.411338372029924],[-99.18207972226139,19.41138324250373],[-99.18216406328672,19.411416952963993],[-99.18233881974551,19.41112565819533],[-99.18251480240458,19.41082279618054],[-99.18262543801667,19.410638006381483],[-99.18275088954277,19.410419659913142],[-99.18276618246217,19.410393706733068],[-99.18294254421028,19.41009441963417],[-99.1832278239917,19.409582738090297],[-99.18335736375064,19.40934949956495],[-99.18337808069772,19.40931219543439],[-99.18369164663079,19.40873465431678],[-99.18386583176103,19.408398660536836],[-99.18399606591763,19.408171201228157],[-99.18401043357227,19.408137644297902],[-99.18402782675282,19.40808794179955],[-99.18407003409645,19.407974024721046],[-99.18407568629621,19.407956631965767],[-99.18408824923547,19.407869247915443],[-99.18412150396898,19.407783667657636]]]}},{"type":"Feature","properties":{"colonia":"Juarez","alc":"Cuauhtémoc","cve_alc":"015","cve_col":"015-017","clasif":"Colonia","entidad":"Ciudad de México","cve_ent":"09"},"geometry":{"type":"Polygon","coordinates":[[[-99.17571912543369,19.422519931366853],[-99.17566903627177,19.422494701080865],[-99.1763084930236,19.421352065178727],[-99.17632682045203,19.421309868679238],[-99.17633718072223,19.421243889554102],[-99.17632576762652,19.42117960480426],[-99.17631497347003,19.421149897699387],[-99.1762849706379,19.421104813885105],[-99.17624717581896,19.42106927971446],[-99.17617886253487,19.42102838105458],[-99.17615501675559,19.421020333484872],[-99.17612815982356,19.421015978867615],[-99.17609060036321,19.42101398540169],[-99.1758111371733,19.42106989901882],[-99.17579660063532,19.421009302917078],[-99.17435509296357,19.42133113594675],[-99.17422958574191,19.421166047893674],[-99.174128401305,19.42118877829611],[-99.17289832561,19.421456879043667],[-99.17174797270158,19.421715270457973],[-99.17058260445313,19.421970015973525],[-99.16958230073988,19.422188894216053],[-99.16872081099251,19.422385650217564],[-99.16733507253015,19.42270211524807],[-99.16726327468108,19.422717222393537],[-99.16666666846665,19.422842685691613],[-99.16614185830458,19.422953057867353],[-99.16589874723924,19.42300328192671],[-99.1653279909454,19.423121210088677],[-99.1650003358354,19.423188895540356],[-99.16457144149123,19.423291841860966],[-99.16413949197673,19.42339540995345],[-99.16369883239727,19.42348721984509],[-99.16359804052406,19.4235082123384],[-99.16358760838864,19.42347708661771],[-99.16358313477858,19.423463523121328],[-99.16356647821657,19.42342461257015],[-99.1635490796461,19.423388763752346],[-99.16353540189765,19.4233644638154],[-99.16351104497703,19.423323901220307],[-99.16349065681332,19.42329513149954],[-99.16347674101122,19.423278380011958],[-99.163462816226,19.42326163868882],[-99.16343447976868,19.423233807643985],[-99.16339445533119,19.42319937613361],[-99.16335405988951,19.423171661990303],[-99.1633101897643,19.423143117595373],[-99.1632571155007,19.423113408307938],[-99.16323797419864,19.423103267432683],[-99.16320839087967,19.4230904079208],[-99.16313822167622,19.423061908412656],[-99.16306596658464,19.42305107029577],[-99.16302793101721,19.423048279647947],[-99.16296656530355,19.42304601171697],[-99.16288921856092,19.42304897180312],[-99.1628335445729,19.423056466056597],[-99.16280185739956,19.423064230563668],[-99.16277016124307,19.423071986598398],[-99.16269960935729,19.42309707954985],[-99.1626481619426,19.423122181816552],[-99.16259745563808,19.423152160509055],[-99.16255464103337,19.423181100540358],[-99.16252579972281,19.423203060564777],[-99.16249860502425,19.42322642014468],[-99.16247765451517,19.423248381010204],[-99.16244629971848,19.4232825405621],[-99.16240930889174,19.42333797388942],[-99.16238799636159,19.423371438727045],[-99.16237164253191,19.423403864903676],[-99.16236153378998,19.423427225301868],[-99.16233544132423,19.42349833496358],[-99.16232773108413,19.423529019294897],[-99.16231799154984,19.42358775826725],[-99.16231357363532,19.42363447985459],[-99.16231376317981,19.423676829938703],[-99.16231743549267,19.423731217701814],[-99.16232257475444,19.423766777553173],[-99.16234168641208,19.42384557359473],[-99.16237001119133,19.42391337057335],[-99.16122798207228,19.424147306615417],[-99.16008047502669,19.424403863833913],[-99.15988757080257,19.424448672245262],[-99.15909206949934,19.424625997910983],[-99.15810168049187,19.42484858746814],[-99.15743444872973,19.42500043881244],[-99.15737052102088,19.42501568722354],[-99.15652310787404,19.425217722816146],[-99.15652048120012,19.42521829212112],[-99.15540392381097,19.42546542109201],[-99.15531058346309,19.425487349462102],[-99.15411483509006,19.42576523055412],[-99.1538959309267,19.425820262319732],[-99.15367703574643,19.42587530253837],[-99.15364601602137,19.425977094150497],[-99.1536192525141,19.426064249895465],[-99.15359337474577,19.426140866735633],[-99.15353521242436,19.426300602370404],[-99.15336029337053,19.426712481883094],[-99.1530079076408,19.42756409688753],[-99.15298197327853,19.427626600907107],[-99.15255577927006,19.428653976997627],[-99.15212157228929,19.429697985593105],[-99.15211655519842,19.429710175328264],[-99.151724768462,19.43065158711115],[-99.1516940874018,19.4306741145644],[-99.15166339646007,19.430696632695902],[-99.1516464129113,19.430712578624906],[-99.15162942037941,19.43072851438653],[-99.15161846272954,19.43074167911541],[-99.15155488805863,19.43082450590553],[-99.1515315067084,19.430856740832876],[-99.1515172540381,19.43087995529666],[-99.15149241651882,19.430918421002698],[-99.15147780182743,19.4309433695738],[-99.15146830034669,19.43096260242053],[-99.15146336859577,19.430976815054684],[-99.15145770202295,19.4310026310983],[-99.15145587395138,19.431014939336496],[-99.15145531969084,19.431035382751446],[-99.15145349611079,19.431092569573735],[-99.15145385364028,19.431133114133328],[-99.15145677226664,19.431179554838685],[-99.15145932887194,19.43121698441101],[-99.15146242985634,19.431246611737407],[-99.15146325630637,19.431264780529744],[-99.15146409173958,19.431282939154382],[-99.15144544001932,19.431329839818265],[-99.15142679728224,19.431376748092983],[-99.15126985261894,19.43174930124179],[-99.1509053818537,19.432630926929296],[-99.15075812641905,19.432979550596595],[-99.15061088086588,19.433328183681173],[-99.15042013888664,19.43379394944226],[-99.15027982383592,19.434120405366738],[-99.15013001449091,19.434476659339865],[-99.14996484485292,19.434882123986448],[-99.14970924361184,19.43546166034801],[-99.14993004861034,19.43528837799056],[-99.15015609168532,19.43519209430956],[-99.15025331455186,19.435150285153924],[-99.15030891757303,19.43513532825931],[-99.15051248030794,19.43508821013527],[-99.15116802678487,19.434780742883245],[-99.15165349612735,19.43455104425685],[-99.1542888270825,19.433311819523016],[-99.15428782815592,19.43330951700272],[-99.15428683821249,19.433307205163853],[-99.15428597223655,19.43330481199972],[-99.15428509637917,19.43330242815411],[-99.1542836123623,19.433297488493807],[-99.15428318386586,19.433295718822993],[-99.15428239424672,19.433292395501454],[-99.15428143304939,19.433287149176902],[-99.15428109977445,19.433284440030015],[-99.15428075751632,19.433281740201632],[-99.15428036764744,19.433276187212957],[-99.1542802634429,19.43327047072636],[-99.1542804637672,19.433264619544527],[-99.15428071170223,19.43326161305197],[-99.15428096862041,19.433258615030685],[-99.15428177800248,19.433252474127304],[-99.15428290179489,19.433246190057428],[-99.15428434898081,19.43323976959801],[-99.15428612944172,19.43323322291477],[-99.15428822431296,19.433226559326297],[-99.15429065245917,19.433219768666678],[-99.15429341388037,19.433212869573183],[-99.15429650767821,19.43320586289273],[-99.15429994463247,19.43319874777839],[-99.1543018203148,19.4331951448992],[-99.15430370498024,19.433191551338478],[-99.15430780848443,19.433184254935778],[-99.1543122353822,19.43317688652611],[-99.15431699555484,19.43316943763795],[-99.15431954677028,19.433165689897407],[-99.15432479203325,19.4331581503649],[-99.1543274959622,19.433154367044207],[-99.15433322721375,19.43314675550431],[-99.15433927197729,19.433139107537208],[-99.15434562216802,19.43313142314274],[-99.15435227688762,19.433123720958005],[-99.15435922625468,19.43311600098294],[-99.15436645140451,19.433108281007474],[-99.1543739622186,19.433100551713245],[-99.1543817398323,19.43309284105561],[-99.15438976538105,19.433085156658954],[-99.15439804784799,19.433077490899038],[-99.15440656747016,19.433069870037105],[-99.15441530628122,19.433062294920248],[-99.15442426428123,19.433054773172806],[-99.15443342260559,19.433047306489062],[-99.15444277047442,19.43303991181183],[-99.15445228992151,19.433032597612527],[-99.15446198094676,19.433025356266793],[-99.15447182468564,19.43301821488312],[-99.15447681303044,19.433014684006828],[-99.15448181035838,19.433011162448786],[-99.15449191101544,19.43300421082376],[-99.15450213474163,19.432997375256605],[-99.15451245368936,19.4329906489701],[-99.15452285887528,19.432984039588483],[-99.15453334940116,19.432977547959002],[-99.1545438965209,19.432971191024425],[-99.1545544921497,19.4329649611606],[-99.15455980388798,19.43296190976402],[-99.1545651246094,19.43295886683882],[-99.15457578671351,19.432952908059168],[-99.15458646768225,19.432947093292906],[-99.15459714865095,19.432941414068907],[-99.15460782872138,19.4329358797056],[-99.15461849082548,19.432930489355776],[-99.15462912418349,19.43292525233811],[-99.15463974766006,19.432920151709755],[-99.1546505139687,19.43291511376961],[-99.15466142310954,19.432910138517627],[-99.15467248496395,19.432905226800962],[-99.15467809134965,19.432902816688124],[-99.15468368875214,19.43290039725679],[-99.15469501650787,19.432895648190705],[-99.1547064781126,19.432890980449965],[-99.15471804392186,19.432886411824327],[-99.15472387937797,19.43288417283352],[-99.15472972471554,19.432881942314136],[-99.15474148995082,19.432877582084714],[-99.15474742062831,19.432875459999025],[-99.15475930983106,19.432871280210307],[-99.15477127628901,19.432867217326855],[-99.1547772734418,19.43286522231209],[-99.15478932434135,19.432861366977743],[-99.15480141386848,19.432857656504257],[-99.15480746851345,19.432855878357202],[-99.15481959576982,19.432852393222884],[-99.154825659398,19.43285068708264],[-99.15483779653579,19.432847445924565],[-99.15484991391067,19.432844368264544],[-99.15486201331923,19.432841460879562],[-99.15487407410022,19.432838734782443],[-99.15488607738901,19.432836189126217],[-99.15489801510087,19.432833833229317],[-99.15490987555755,19.432831675563236],[-99.15492164169112,19.4328297076565],[-99.15493330182356,19.432827938827717],[-99.15494483978505,19.43282636822978],[-99.15495624299923,19.432825005181083],[-99.15496749439822,19.432823859847403],[-99.15497858499872,19.432822911897546],[-99.15498951210577,19.43282217234413],[-99.15500024068524,19.4328216581299],[-99.155010787805,19.432821342993787],[-99.1550211157358,19.43282123540696],[-99.15503121549457,19.43282134384091],[-99.15503616521178,19.43282150733895],[-99.15504592271235,19.432821931756237],[-99.15505073858063,19.432822194369777],[-99.15505544126115,19.43282255609864],[-99.15506013406018,19.432822926298854],[-99.15506927262155,19.432823857306026],[-99.1550781443833,19.432824995015395],[-99.15508673946393,19.432826323331234],[-99.15509505876177,19.432827849877945],[-99.15510310227681,19.432829566184115],[-99.1551108511445,19.432831462931105],[-99.15511830446643,19.432833540118864],[-99.15512547212401,19.432835797747387],[-99.15513232537138,19.432838227345503],[-99.15513889295443,19.432840810275867],[-99.15514514702541,19.43284356517567],[-99.15515110555067,19.432846464089153],[-99.15515392356576,19.43284799063566],[-99.1551567505639,19.432849507863676],[-99.15516210003143,19.432852695651903],[-99.1551671449701,19.432856018982434],[-99.15517189436297,19.43285946853687],[-99.15517633922703,19.432863044315035],[-99.1551804894436,19.432866729374147],[-99.15518435399598,19.43287053133853],[-99.15518792390095,19.432874423099726],[-99.15519121712474,19.432878414823264],[-99.15519422468431,19.43288249634357],[-99.15525996519347,19.432852773588724],[-99.15602482316571,19.432492272719223],[-99.15678968832445,19.43213177697949],[-99.15743440740725,19.431825723098484],[-99.15807466904957,19.431524669349827],[-99.15816573486318,19.43148248311671],[-99.15827304311546,19.431362383007105],[-99.15863320556065,19.431104666864993],[-99.15886144681308,19.430967394747796],[-99.15927415710914,19.4308012067188],[-99.15975386555564,19.430726339749455],[-99.15998044851811,19.43062599889563],[-99.16020004348596,19.430524383862796],[-99.16091825643703,19.430185369276604],[-99.16159662910536,19.42986605458929],[-99.16212944505317,19.42960980758482],[-99.162397565216,19.42948508399826],[-99.16266569526036,19.429360367940458],[-99.16337991879327,19.429025254638386],[-99.1633826505701,19.429029778473087],[-99.1633853724654,19.429034311626445],[-99.16339553869945,19.42904874130225],[-99.16340676045397,19.429062449196792],[-99.16341895418564,19.42907538956321],[-99.16343204174103,19.42908750733655],[-99.16344593957675,19.429098759311866],[-99.1634605506749,19.429109126004494],[-99.16347578071223,19.429118580305648],[-99.1634915434505,19.429127105272222],[-99.16350774456662,19.42913471784764],[-99.16352427805946,19.429141418031893],[-99.16354106038561,19.42914721514394],[-99.16355800351019,19.429152127821382],[-99.16357502299151,19.429156200963813],[-99.16359204247289,19.429159452361482],[-99.16360899547897,19.429161926066755],[-99.16362581553436,19.42916366020197],[-99.16364244424858,19.429164698819353],[-99.16365883580757,19.429165078346685],[-99.16367512226364,19.429164853002312],[-99.1636918659622,19.42916399567703],[-99.16370907588647,19.429162469943066],[-99.16372671430706,19.42916022158212],[-99.16374474349482,19.429157224332243],[-99.16376310505922,19.42915343159974],[-99.1637817433047,19.429148808650865],[-99.16380058097623,19.429143319057758],[-99.16381956147988,19.429136952654325],[-99.16383858959422,19.429129675554282],[-99.16385758986075,19.429121485215827],[-99.16387644639694,19.429112383333223],[-99.16389508464246,19.42910236058764],[-99.16391339859614,19.42909144324067],[-99.16393128495176,19.42907965077694],[-99.16394863770809,19.429067027248564],[-99.16396536254206,19.42905359976447],[-99.16398136423217,19.429039431861444],[-99.1639965376757,19.429024587076256],[-99.16401081549878,19.429009137417353],[-99.16402411415824,19.428993145574548],[-99.16403637436528,19.428976710665196],[-99.1640475305428,19.428959897073508],[-99.16405755394467,19.42894282170756],[-99.16406639785872,19.428925547257087],[-99.16407405060659,19.428908183005674],[-99.16408050500192,19.428890809433586],[-99.16408577811262,19.428873499396786],[-99.16408986275223,19.428856351165848],[-99.16409280383644,19.428839429125095],[-99.16409464089124,19.428822805283275],[-99.16409539367942,19.428806542330424],[-99.16409514664272,19.42879069448512],[-99.16409392852722,19.428775299022305],[-99.16409286222697,19.42876785840382],[-99.16409180580817,19.428760408466214],[-99.16408884585933,19.428746050773448],[-99.16408511425763,19.42873224373449],[-99.1640806792751,19.42871902377725],[-99.16407559570891,19.428706381583332],[-99.16407106550488,19.428696765450326],[-99.16439170746746,19.428545436871612],[-99.16470259282775,19.428400067098963],[-99.1650259854317,19.42824883651497],[-99.16576237758925,19.427903979359364],[-99.16581865255023,19.427877214844575],[-99.16587491852803,19.427850441006484],[-99.16626948914352,19.427662736826868],[-99.16636164012203,19.427619889647236],[-99.16674792916889,19.42744031208716],[-99.16725319109206,19.42719958140357],[-99.16726609898434,19.4272224541336],[-99.1672807199639,19.42724506508496],[-99.16729708277681,19.427267269392086],[-99.16731518742304,19.427288887455138],[-99.16733502402113,19.4273097557707],[-99.1673565557402,19.427329684573213],[-99.16737969544357,19.42734851205383],[-99.16740436857118,19.42736605691898],[-99.16743044935883,19.427382175150147],[-99.16745778778788,19.42739670409155],[-99.16748623922955,19.427409526834325],[-99.1675156042579,19.42742053409411],[-99.16754570231149,19.427429626752648],[-99.16757630521825,19.427436760757434],[-99.1676072216371,19.42744190730505],[-99.16763823417561,19.427445040980604],[-99.16766912184839,19.427446205837143],[-99.1676996870259,19.427445446774335],[-99.16772974735026,19.427442818858154],[-99.16775913124319,19.42743843052629],[-99.16778767790633,19.427432380049897],[-99.16781525349056,19.427424794504116],[-99.16784175379145,19.427415800963992],[-99.16786708268921,19.427405551072578],[-99.1678913075575,19.427394101589652],[-99.16791519016762,19.427381089080008],[-99.16793871075674,19.427366442380684],[-99.167961707628,19.42735011574445],[-99.16798399123692,19.42733214644608],[-99.1680053792255,19.427312532790587],[-99.16802569193072,19.42729134848134],[-99.16804474879116,19.427268656208096],[-99.16806236744885,19.42724456440798],[-99.16807839698677,19.42721918998958],[-99.16809269367448,19.427192677818482],[-99.16810512456141,19.427165199869567],[-99.16811559532434,19.427136926423415],[-99.16812401882682,19.427108058258895],[-99.1681303672209,19.4270787919193],[-99.16813460277743,19.427049335808316],[-99.16813675424257,19.427019871220217],[-99.16813683958253,19.426990623502586],[-99.16813493515413,19.426961754464877],[-99.16813113707707,19.42693344624935],[-99.16812832894351,19.426919656846874],[-99.16812553069138,19.426905859818596],[-99.16811823906623,19.42687912140167],[-99.16810941491524,19.426853359768952],[-99.16809919118896,19.426828662179513],[-99.16808771161796,19.426805121822852],[-99.16812956502531,19.42678544541308],[-99.16898963902781,19.426381273673236],[-99.16910768843596,19.426325792248242],[-99.16922574772553,19.426270319275982],[-99.16952008072835,19.426132428024303],[-99.16981442271437,19.42599454512715],[-99.17030424708935,19.425763396415775],[-99.1704725437629,19.425682168210454],[-99.17073637716514,19.425557007006052],[-99.17138842200909,19.42525436164914],[-99.17141231450073,19.425289740717965],[-99.17141639824199,19.425295772636115],[-99.17143659775947,19.425319493660766],[-99.17146082262774,19.425342076920167],[-99.171489113271,19.425362727760724],[-99.17152127655142,19.42538058799085],[-99.17155687678616,19.425394782475525],[-99.17159519891615,19.425404533505436],[-99.1716352817441,19.425409237042874],[-99.17167601225741,19.425408567771527],[-99.17171616156074,19.42540247147194],[-99.17175456813241,19.42539124635034],[-99.1717902339441,19.425375451544003],[-99.17182236847849,19.42535585629041],[-99.17185045700077,19.425333352667796],[-99.17187427133895,19.425308853934478],[-99.17189382227279,19.425283208116287],[-99.1719093173131,19.425257155647834],[-99.17192171945392,19.42522966889972],[-99.17193132244434,19.42519935510729],[-99.1719373752927,19.425166521795372],[-99.17193915395696,19.425131684047933],[-99.17193605027768,19.42509556450905],[-99.17192761509712,19.425059092534756],[-99.171921665555,19.425043795838537],[-99.17191570702971,19.42502850845979],[-99.17190662506223,19.425005175401594],[-99.17212567295607,19.42490233606417],[-99.17224561421615,19.42484550711509],[-99.1723656893252,19.424788948397097],[-99.17290144096744,19.42453512649494],[-99.1738781288702,19.424079095460645],[-99.17455351014858,19.42376181811749],[-99.17464324825215,19.423719734919764],[-99.17493198564908,19.423584354264186],[-99.1750150223207,19.423544952372374],[-99.17506206170228,19.423522294310676],[-99.17514051157602,19.423485683044323],[-99.17517193105138,19.423471740007912],[-99.17521455431499,19.423454653051696],[-99.17527866977179,19.42343250837403],[-99.17534058615274,19.42341211568081],[-99.17541628538508,19.423390151448647],[-99.17549491671852,19.423371320120484],[-99.17566787564841,19.42334712014925],[-99.17560992263445,19.42319006805197],[-99.17553429077573,19.423191760738565],[-99.17543448255782,19.423194347211126],[-99.17541745768652,19.42319467592103],[-99.17539340798977,19.423193553393556],[-99.17533945966537,19.423186619986684],[-99.17541035560589,19.423062491280163],[-99.17512743839366,19.422658079842495],[-99.17501536008724,19.42250662533762],[-99.1751683054509,19.422569638772035],[-99.17521682256105,19.42259766563244],[-99.17526881435478,19.42263753879339],[-99.17534020526702,19.422690722195714],[-99.1753629640848,19.422701213834703],[-99.17538115496927,19.422706675688183],[-99.17541467919733,19.422713871745422],[-99.17544307224854,19.4227158202892],[-99.17547105656628,19.42271526791943],[-99.1755058366391,19.422709712875072],[-99.17553959802248,19.422700744489763],[-99.17560507352854,19.422664549857345],[-99.17571912543369,19.422519931366853]]]}},{"type":"Feature","properties":{"colonia":"Maza","alc":"Cuauhtémoc","cve_alc":"015","cve_col":"015-018","clasif":"Colonia","entidad":"Ciudad de México","cve_ent":"09"},"geometry":{"type":"Polygon","coordinates":[[[-99.12993599290512,19.45401313287686],[-99.12981478951203,19.453974667561216],[-99.12975037042469,19.453955836392133],[-99.1296859603205,19.453936995903604],[-99.12943941769078,19.453880581150656],[-99.12906291758553,19.453808670798605],[-99.12898945336158,19.453794632110615],[-99.12891597925618,19.453780602738796],[-99.12879413446599,19.453758616356918],[-99.12866034208253,19.453734298095203],[-99.12845757076333,19.453694795100148],[-99.12823135161858,19.453650654597634],[-99.12781391798082,19.453566534177966],[-99.12780877782076,19.453565638865168],[-99.12780364664381,19.45356473508197],[-99.12765338544627,19.453538479628847],[-99.12747277466681,19.45350689972632],[-99.12735906052822,19.453487027500227],[-99.1270499340693,19.453941580877217],[-99.12663845266857,19.454590362236686],[-99.12654368130441,19.454732002818194],[-99.12645094821765,19.4548706185491],[-99.12620755058974,19.45522545818699],[-99.12619831231538,19.45524039120757],[-99.12600901033554,19.455546147679943],[-99.12545115923903,19.45640490254982],[-99.12609163557876,19.456554906680797],[-99.12609253030078,19.45655512351698],[-99.12653659449518,19.45665652828739],[-99.12698063982492,19.456757940617557],[-99.12698396179486,19.45675870039028],[-99.1272923013296,19.45683197228143],[-99.12760065074585,19.456905253456785],[-99.127713471959,19.4569261908083],[-99.12782630305365,19.456947137474337],[-99.12783242507231,19.4569481496565],[-99.12788853564157,19.456957417687107],[-99.12794464710913,19.456966684870185],[-99.12800446143238,19.45697638657095],[-99.12806427665382,19.45698608827127],[-99.12813966147586,19.45685638070931],[-99.12880193184264,19.4558175467445],[-99.12882095097385,19.4557877248531],[-99.12900077033751,19.45550564987541],[-99.12918059778609,19.45522358372429],[-99.12960145759838,19.454572649214477],[-99.12980776738146,19.454254719956527],[-99.12985309008249,19.454184034573917],[-99.12990134039303,19.454091162077713],[-99.12993599290512,19.45401313287686]]]}},{"type":"Feature","properties":{"colonia":"Morelos","alc":"Cuauhtémoc","cve_alc":"015","cve_col":"015-019","clasif":"Colonia","entidad":"Ciudad de México","cve_ent":"09"},"geometry":{"type":"Polygon","coordinates":[[[-99.13938480005027,19.444011788681618],[-99.13787809624837,19.44387953966408],[-99.13710301724483,19.44381184504682],[-99.13626244566719,19.44373096978499],[-99.13582480532534,19.443689295820622],[-99.13539797171643,19.443643883664564],[-99.13393963590445,19.443503600597914],[-99.13272423778284,19.443388833310173],[-99.13203043385464,19.443314748075164],[-99.13156104794905,19.443274294654376],[-99.13078516944488,19.443229138202373],[-99.13088391405753,19.442322200544464],[-99.13017496812687,19.442253739507347],[-99.12946603207767,19.44218526742908],[-99.12880990978073,19.442123647447065],[-99.12747142539725,19.441984772628416],[-99.1270293563611,19.441943609012494],[-99.12667268566746,19.441908983248812],[-99.12638576286737,19.441883410360827],[-99.12607807910275,19.441854770991558],[-99.12592128535648,19.441842320416235],[-99.1257645014916,19.44182985967494],[-99.1252617395799,19.441779287352183],[-99.12489644505948,19.4417438059889],[-99.12315827415499,19.441552516021275],[-99.12315078310385,19.441620021831728],[-99.12311940764594,19.44186865400038],[-99.12307632713987,19.442242970438514],[-99.12306797819762,19.442315632203133],[-99.1230675901254,19.44237908521575],[-99.12306678882818,19.442458277136332],[-99.12307192988654,19.442561283245556],[-99.12307331778365,19.44257137885724],[-99.12308048544129,19.44260926153758],[-99.1230908061856,19.442636858854115],[-99.12310890095038,19.442682356000585],[-99.12314095463636,19.44274773176086],[-99.12319999551008,19.442854388635347],[-99.1232264580817,19.442897828992002],[-99.12327490153005,19.442977322222468],[-99.12339172114457,19.443141225056408],[-99.12362917731518,19.44347507248278],[-99.1236926953923,19.443572593076734],[-99.12374938088335,19.443659600456577],[-99.12381837059887,19.44376551976958],[-99.12406608822499,19.44418038584085],[-99.12413572293083,19.444298052972147],[-99.12419975304768,19.444406354703922],[-99.12428118712478,19.44454407034078],[-99.12433261028492,19.444626624954385],[-99.12436689358944,19.444690799621352],[-99.12438085969711,19.444724240576292],[-99.1243992589908,19.444770640969924],[-99.12442210764003,19.444838723148845],[-99.12450525031284,19.44507131692661],[-99.12453113706438,19.445135019596464],[-99.12454548405779,19.445170357062704],[-99.12455984003434,19.44520568605041],[-99.12462712295083,19.445364763390018],[-99.1246880646597,19.44549130445877],[-99.12494200850907,19.445922758563864],[-99.12526961870327,19.446431344818585],[-99.1253331089326,19.44653378510563],[-99.12543469401818,19.446688048103557],[-99.12550707577219,19.446792902370458],[-99.1255819844871,19.44691823610269],[-99.12578895273532,19.44730991080352],[-99.1258568761506,19.44742801952738],[-99.12588227152366,19.44748345054185],[-99.12589813846655,19.447529850146438],[-99.12590638500085,19.44756148373024],[-99.12591590175293,19.447610590526185],[-99.1259222330791,19.44768409525638],[-99.12592350329689,19.447708494048772],[-99.12592476273494,19.447732903002105],[-99.12592231931734,19.447796960393408],[-99.12591934050386,19.44783158913611],[-99.12588814201403,19.448032173278772],[-99.12586397014638,19.448187518242257],[-99.12580479272873,19.44849911915786],[-99.1257469690722,19.448801987165986],[-99.12571209198133,19.449017053915917],[-99.12568080815154,19.44921001648903],[-99.1256531651936,19.449352538468904],[-99.12561404625792,19.449548271353212],[-99.12559900486679,19.449623586203998],[-99.12552024956587,19.44994881764627],[-99.12546659229561,19.4501869336397],[-99.1254477591157,19.4502705374178],[-99.12537398048138,19.450567622713272],[-99.12517061088423,19.451101931022844],[-99.12509607227523,19.451275198192462],[-99.12502152378475,19.451448455859552],[-99.1248132430979,19.451932574971774],[-99.12479021029402,19.451984437560785],[-99.1251094383083,19.452066547081397],[-99.12586495110668,19.452243460570298],[-99.12658831140438,19.452401661949242],[-99.12751188551763,19.45258415027131],[-99.12769454984587,19.452622313524486],[-99.1279758662602,19.452680598124754],[-99.12800251208819,19.452685533807177],[-99.12837627772167,19.45275484510293],[-99.12854013132782,19.452787631331034],[-99.12869795903507,19.45281885392435],[-99.12887501787588,19.45285332150555],[-99.12902457389593,19.45287852759254],[-99.12916851364885,19.45290282057134],[-99.1293312749036,19.45292642236568],[-99.1294878305964,19.452945859284416],[-99.12963031597685,19.45296182674494],[-99.13036904195747,19.453061096693368],[-99.13055112956728,19.453086217197587],[-99.13071595694721,19.4531089600724],[-99.13084533321272,19.453126160798725],[-99.13085514820551,19.45312729158952],[-99.13100922005654,19.45292276656112],[-99.13116328202605,19.452718233651556],[-99.1316106286645,19.452169752075246],[-99.13281559644727,19.450639779298584],[-99.13381975303483,19.449359827368422],[-99.13411179533368,19.44898813627718],[-99.13428701711973,19.44875878895385],[-99.134911339954,19.44809222056715],[-99.13519738779495,19.447786814282985],[-99.13570824801896,19.447316081669516],[-99.13602255146888,19.44703171081283],[-99.13630919489285,19.446772346585586],[-99.13640610424738,19.44668479959818],[-99.13677258274734,19.446354591009065],[-99.13782570021279,19.445394563479287],[-99.13847232552065,19.44480919148119],[-99.13847574361026,19.44480610388285],[-99.13871760152581,19.444587156166207],[-99.13938480005027,19.444011788681618]]]}},{"type":"Feature","properties":{"colonia":"Nonoalco Tlatelolco","alc":"Cuauhtémoc","cve_alc":"015","cve_col":"015-020","clasif":"Colonia","entidad":"Ciudad de México","cve_ent":"09"},"geometry":{"type":"Polygon","coordinates":[[[-99.15179656002283,19.45407216659853],[-99.151697094063,19.454055299702116],[-99.15159761822173,19.45403842348663],[-99.15148384389603,19.45401827773491],[-99.15137621853846,19.45400015468783],[-99.15126860306239,19.45398202232134],[-99.15118305559956,19.453965905884047],[-99.15109751801823,19.453949788598166],[-99.15098883624191,19.453928433276502],[-99.15088015536384,19.45390708557537],[-99.15073707799361,19.453879685839564],[-99.1505625937244,19.453848264398225],[-99.150453284924,19.45382912066028],[-99.15034396534382,19.45380998539034],[-99.15024015872454,19.453790642595486],[-99.15013636108843,19.453771309115858],[-99.1500480629842,19.45375236526799],[-99.14997673854728,19.453734850359567],[-99.14989756103807,19.453713694908984],[-99.14973857809744,19.453668177985517],[-99.14964369264723,19.453639174778576],[-99.14954881707847,19.453610170719426],[-99.14947621793218,19.45358922362245],[-99.14940362866736,19.453568276522766],[-99.14927648022373,19.45352839655782],[-99.1491493326784,19.453488517430205],[-99.14900499137853,19.45344480801128],[-99.1488606500787,19.453401098580514],[-99.14870230584022,19.45335356732457],[-99.14854395172023,19.45330602758447],[-99.14804497620743,19.45315315493245],[-99.14758098648171,19.45301690858458],[-99.14713188633186,19.452885032825698],[-99.14711699765435,19.452880661275103],[-99.14651047044586,19.45269047880673],[-99.14615394438096,19.4525749921056],[-99.14596271102327,19.452513052500485],[-99.14579741921438,19.4524595036282],[-99.14528809960107,19.452311399852555],[-99.1451305854059,19.452264055472952],[-99.14497306132927,19.452216719549984],[-99.14400905404506,19.45191812784783],[-99.14399096646683,19.451912517897874],[-99.14363419516184,19.451807978650447],[-99.14354285266708,19.451781220617526],[-99.14126113993026,19.451135918694387],[-99.14105432349739,19.45108259552856],[-99.14095350108143,19.45105257540515],[-99.1408526696824,19.451022563746708],[-99.14077626527249,19.450997277749032],[-99.14069985098119,19.450972001064937],[-99.14059732535951,19.45093714937245],[-99.14053365007722,19.450911973477396],[-99.14041373307161,19.450861614899466],[-99.14030102324956,19.4508122676792],[-99.14024456413395,19.450788095514955],[-99.14009492906214,19.450719211984598],[-99.14000620964806,19.45067369676217],[-99.13959963843865,19.450488063742952],[-99.13926969981118,19.45032903293116],[-99.13909819076224,19.45024827103379],[-99.13895678156348,19.450183667416244],[-99.13853356457183,19.44998269628996],[-99.13840494019621,19.449921895825774],[-99.13826548303658,19.449855964748885],[-99.13789823018884,19.44968792322304],[-99.13764161115661,19.44956864297597],[-99.13735521656591,19.44943414108929],[-99.13706881299208,19.449299648408715],[-99.136503392691,19.449038798682622],[-99.13613944833844,19.4488639552936],[-99.13582348031032,19.448711233467336],[-99.13566252287266,19.448632718008994],[-99.13556157379429,19.448578981503168],[-99.13544370225262,19.448503019861924],[-99.134911339954,19.44809222056715],[-99.13428701711973,19.44875878895385],[-99.13411179533368,19.44898813627718],[-99.13381975303483,19.449359827368422],[-99.13281559644727,19.450639779298584],[-99.1316106286645,19.452169752075246],[-99.13116328202605,19.452718233651556],[-99.13100922005654,19.45292276656112],[-99.13085514820551,19.45312729158952],[-99.13136006876884,19.45318578607293],[-99.13150015474918,19.45320202201949],[-99.13159368823489,19.453214510686802],[-99.13168721183914,19.4532270078235],[-99.13177927927427,19.45324088647121],[-99.13196341144966,19.453276273841063],[-99.13215119886989,19.453317891980312],[-99.13229513772451,19.453349117859624],[-99.13277739019993,19.45346287606335],[-99.133926021038,19.453716773020453],[-99.13439658463493,19.453827752705788],[-99.1350977206125,19.453985962704074],[-99.13591047765402,19.454173760961584],[-99.13694083001354,19.45442565866817],[-99.13816984749307,19.454717666057014],[-99.13848988848271,19.454792573629692],[-99.13954574491147,19.45503878938345],[-99.14036298724119,19.455218604921075],[-99.14102246654242,19.455366933891444],[-99.14168195572512,19.455515250867915],[-99.14196469057936,19.455580124256105],[-99.14224742543357,19.45564500608859],[-99.14259937278545,19.45572287272351],[-99.14295130935754,19.455800738474004],[-99.14320326793015,19.455857154253128],[-99.14345523548583,19.455913559848405],[-99.14349472452744,19.455922540798483],[-99.14371273396883,19.45597211600652],[-99.14399396683984,19.45603605579694],[-99.1445327080753,19.45615853979463],[-99.1447338103247,19.456205013996772],[-99.14493491257409,19.456251479715487],[-99.14510237201775,19.456286724976597],[-99.14534935212707,19.45634323629971],[-99.14556545893666,19.45639345850031],[-99.14585579443647,19.45645833577234],[-99.14629184476023,19.45655726223336],[-99.14632623137099,19.45656506833613],[-99.14765690220806,19.45686554625638],[-99.14801192898479,19.456945714490356],[-99.14882636228259,19.457129618141497],[-99.14999350919528,19.456309893452577],[-99.15055661274125,19.455906939542068],[-99.15061909056924,19.45585952929726],[-99.15084176765681,19.455702744121517],[-99.15092285947587,19.45563710338113],[-99.1510039593797,19.45557147193152],[-99.15108123335874,19.455503826237337],[-99.15113685704114,19.455441498120344],[-99.15119249060498,19.455379178449622],[-99.15124615236681,19.455323404547528],[-99.15130055793371,19.455257165655357],[-99.15136745637122,19.45516444369665],[-99.1514107219302,19.45510718827581],[-99.15146669954885,19.455023603083905],[-99.15150328254047,19.45496303405269],[-99.15155593818918,19.454866381729044],[-99.15159754994976,19.454784239744736],[-99.1516255737934,19.454723832406092],[-99.15164680906838,19.45466544689667],[-99.1516533335323,19.454642958347975],[-99.15170032081153,19.454481005977275],[-99.15179656002283,19.45407216659853]]]}},{"type":"Feature","properties":{"colonia":"Obrera","alc":"Cuauhtémoc","cve_alc":"015","cve_col":"015-021","clasif":"Colonia","entidad":"Ciudad de México","cve_ent":"09"},"geometry":{"type":"Polygon","coordinates":[[[-99.14464611948158,19.407191918260384],[-99.14449474437309,19.40718465797035],[-99.14423201410195,19.407173789987603],[-99.14418469264942,19.40717472283624],[-99.14413736131537,19.40717564721218],[-99.14407118602166,19.407179892054614],[-99.14400071678091,19.407184994338156],[-99.14390173321632,19.407192386802755],[-99.14368180946511,19.407207891066527],[-99.14337549293643,19.407233307583606],[-99.14328189656865,19.40724075427151],[-99.14301245139072,19.407264775324002],[-99.14300136348518,19.407265487033722],[-99.14276874294572,19.407280301609987],[-99.1422333470364,19.40731886101818],[-99.14137772598279,19.40739635684369],[-99.14088701317404,19.40743812399845],[-99.14049016532927,19.407461428229283],[-99.13959272500422,19.407526493658043],[-99.13866235154259,19.407603857210173],[-99.13841617542549,19.407625499917664],[-99.13793494074125,19.40766687218511],[-99.13769988217409,19.40768659242561],[-99.13730080650743,19.407709997446133],[-99.13689053603572,19.407742393703387],[-99.1367357401426,19.40775476640133],[-99.13669803964676,19.407758263935687],[-99.136608640208,19.407767026411303],[-99.136556929587,19.407772291352416],[-99.13646824341055,19.407783149127916],[-99.1363582725518,19.407806726130495],[-99.13628692475865,19.407827212286602],[-99.13622997785787,19.407848007693918],[-99.13617630351965,19.40786973424859],[-99.1361072482271,19.407901083248113],[-99.1360329548582,19.407944848135873],[-99.13593018130149,19.408008799211522],[-99.13577789350461,19.40809500971915],[-99.13573494235591,19.408391239319908],[-99.13563403819332,19.409086187072198],[-99.13559520761686,19.409330513255636],[-99.13555638602354,19.4095748483918],[-99.13548272417025,19.41005029947615],[-99.1354421508621,19.410293370269567],[-99.13542100721527,19.4104200937087],[-99.13534534122056,19.41092007881216],[-99.13528361707911,19.411325206576464],[-99.13527765136729,19.411364404700965],[-99.1352258778642,19.411696463652802],[-99.13521277503744,19.411778985820757],[-99.13518555877931,19.411950225963604],[-99.1351452504742,19.41220398787845],[-99.13508101284651,19.412655456773646],[-99.1350781256612,19.412673949597995],[-99.13499013927236,19.41323430735789],[-99.13477357611865,19.414567660608657],[-99.13467549086943,19.415216491697915],[-99.13462152457868,19.415553389786773],[-99.13460354210335,19.415665691818628],[-99.13453159782887,19.416136718662692],[-99.13443044483294,19.416787778465952],[-99.13436973668604,19.417183279877165],[-99.13431903936467,19.417494434495424],[-99.13426701523159,19.41782257355481],[-99.13424708790363,19.417948312588518],[-99.13412934392277,19.41869073464373],[-99.13401015724749,19.4194528509408],[-99.13394654664391,19.419978400701623],[-99.13386890435558,19.420508626178993],[-99.13382912695477,19.420794642156622],[-99.13382342714432,19.420835691677436],[-99.13378377371107,19.42112087766937],[-99.13376996391021,19.421211129149317],[-99.13374450655336,19.421377637063767],[-99.13370522951416,19.421634396899634],[-99.13365780385709,19.42203729609763],[-99.13364433272106,19.422148388936858],[-99.1336308508053,19.42225947322814],[-99.13423148237055,19.42235631864063],[-99.13445034341476,19.422381866646102],[-99.13505455925807,19.42245241507545],[-99.13527083225596,19.422479759117557],[-99.13537041230184,19.422490116066275],[-99.13549371954932,19.422507483545175],[-99.13557229069559,19.422527795868497],[-99.13560185335331,19.422536361846188],[-99.13563140612956,19.42254493629545],[-99.13570081086668,19.422566845574284],[-99.13571299381861,19.422570685056247],[-99.13573109666818,19.42257540223076],[-99.135746934865,19.42257948655158],[-99.13578614992035,19.422585732910385],[-99.1358058329066,19.4225872256656],[-99.13582550780791,19.422588728587133],[-99.13593566551629,19.422585369464358],[-99.1361788241923,19.422577193198315],[-99.13623663976402,19.422575242958402],[-99.13628837284291,19.42257350960003],[-99.13657284503886,19.422553401456245],[-99.1367248561546,19.422543484205182],[-99.13686723373726,19.422536871009786],[-99.13700960233678,19.422530248494997],[-99.13708905293373,19.422526946980135],[-99.13776045018385,19.4224984024719],[-99.13788328940906,19.422420782530203],[-99.1384260919279,19.42239328090002],[-99.13893572235823,19.42236865294977],[-99.13991254770328,19.422325356207846],[-99.1400106733767,19.42238568156379],[-99.14030825109434,19.422365064232626],[-99.14062178199312,19.422343329448804],[-99.14112200975742,19.422304480474526],[-99.14130950432686,19.42229813159432],[-99.14149700877778,19.422291792032883],[-99.14153976589037,19.422290189986832],[-99.1420089218273,19.422272673378274],[-99.14237768743796,19.42224762858968],[-99.14266709677473,19.42224028001652],[-99.1431193751641,19.422229124146625],[-99.14312746628985,19.42215650592077],[-99.14313398536387,19.422097884191334],[-99.14314859646194,19.421966644977253],[-99.14316533656726,19.421786228373268],[-99.14318735068164,19.42152978054663],[-99.1431958604223,19.421461199761175],[-99.14320636262627,19.421373032532006],[-99.14321432349635,19.421282706588308],[-99.14323268236583,19.421092276151626],[-99.14325070526532,19.4209301369671],[-99.14325161076715,19.420922063976445],[-99.14326873714802,19.42076799762079],[-99.14329206100608,19.4205404548006],[-99.14331634695978,19.42030364662243],[-99.14340599882517,19.419436520967615],[-99.1434413511248,19.41909408253694],[-99.14347669264471,19.418751634912514],[-99.14351005337947,19.418419571732752],[-99.14354340423267,19.418087498555234],[-99.1435912044873,19.417616755252148],[-99.14362505660046,19.417303555676142],[-99.14368868606866,19.416687431545792],[-99.14376793184971,19.41588378385099],[-99.14381324197436,19.41543992188766],[-99.14383851966814,19.415181983932698],[-99.1438411220875,19.415155499450826],[-99.14386900220065,19.414871068044086],[-99.14388270689867,19.414736812770176],[-99.14390484767547,19.41452013238813],[-99.14394566891858,19.414117311141204],[-99.14398400003178,19.413758247982773],[-99.14398946987353,19.413706949308004],[-99.14405269689647,19.41308903741905],[-99.14410379037493,19.412598129597864],[-99.14410994652957,19.412539046908197],[-99.14414604712587,19.412200554830473],[-99.14416948147672,19.41198074048349],[-99.14418214682385,19.411862062048012],[-99.1442284163492,19.411416438682153],[-99.1442742178523,19.41098625699618],[-99.14428418825362,19.410879234364785],[-99.14433943374532,19.410286748950515],[-99.14437878893793,19.409870400030876],[-99.14440315484167,19.409656456594657],[-99.14445240767203,19.409172483429447],[-99.1444870224549,19.408825456617834],[-99.14452078922811,19.4084870627178],[-99.14457938363914,19.407894821074155],[-99.1446177893125,19.407518510659806],[-99.14464611948158,19.407191918260384]]]}},{"type":"Feature","properties":{"colonia":"Paulino Navarro","alc":"Cuauhtémoc","cve_alc":"015","cve_col":"015-022","clasif":"Colonia","entidad":"Ciudad de México","cve_ent":"09"},"geometry":{"type":"Polygon","coordinates":[[[-99.13499013927236,19.41323430735789],[-99.1347838348792,19.413104510619846],[-99.13433938620587,19.41282183026815],[-99.13392232536887,19.412573368840373],[-99.1338701350475,19.412542287624152],[-99.13341855824241,19.412271433021896],[-99.13319628629499,19.412143771427534],[-99.13309917661616,19.41209437770495],[-99.13290506595465,19.411971688475838],[-99.13257119629948,19.41176197727669],[-99.13243432898284,19.411675390839417],[-99.13227721902949,19.411585458562016],[-99.13212011805936,19.411495517762418],[-99.13196949933231,19.411402652199364],[-99.1318188904867,19.411309777263455],[-99.13141592152164,19.41106811188877],[-99.13121892097979,19.410943668068718],[-99.13111162260904,19.41087881158476],[-99.13104692953553,19.41083969891596],[-99.1309411053001,19.41077574641177],[-99.13041611008514,19.410456117380047],[-99.12974119233743,19.4100604691254],[-99.12964695097928,19.41000455511028],[-99.12899382007222,19.409620619990907],[-99.12849067278324,19.409312936789306],[-99.12846961357802,19.409300064324906],[-99.12816710680443,19.409125126473754],[-99.12786459104767,19.408950196906968],[-99.1278135370951,19.40895555924519],[-99.12760985488423,19.408974587114276],[-99.1275679727307,19.409034112523837],[-99.12753761686064,19.40909018192183],[-99.12751536289615,19.40914046533666],[-99.12748126194965,19.409215759104043],[-99.12744890103983,19.409300389673792],[-99.12743330628652,19.40935753669802],[-99.1274206301595,19.409431444243953],[-99.12741602359874,19.40947045303829],[-99.12741029594052,19.409544633351057],[-99.12740974437493,19.409581989958546],[-99.12741268096757,19.409639674047305],[-99.12741503096036,19.40968363248988],[-99.12742145121966,19.409740215103856],[-99.12743307631777,19.409804484043455],[-99.12745924514032,19.409944020969878],[-99.12752900291538,19.410289549137293],[-99.12761940577235,19.41075428713071],[-99.12767465216228,19.411054780351645],[-99.12772029735851,19.411304179466644],[-99.12784590519142,19.411979042596624],[-99.12793719109229,19.41246246347618],[-99.12802323981502,19.41291346482227],[-99.12812847565397,19.413454842706813],[-99.12812934073156,19.4134591594008],[-99.12812967400654,19.413460820840815],[-99.12830918704472,19.413438509589383],[-99.12854176266839,19.41341425815196],[-99.12862377975215,19.413406067021405],[-99.12868918788462,19.413402631457267],[-99.12875460500021,19.413399205212485],[-99.1288830030004,19.413394960532372],[-99.12911175719088,19.413390077032062],[-99.12948058748023,19.413380761610632],[-99.13037862518493,19.41335920778238],[-99.13054731172736,19.41335556549014],[-99.13066636455359,19.413344428496938],[-99.13073142952963,19.4133411539072],[-99.13086432898771,19.413335274896035],[-99.13236978502965,19.41328894262113],[-99.13279915907422,19.413273355907457],[-99.13307111594163,19.41326657034469],[-99.13334308089392,19.41325979410134],[-99.13370897728554,19.413260474436857],[-99.13454526210265,19.413241074282723],[-99.13499013927236,19.41323430735789]]]}},{"type":"Feature","properties":{"colonia":"Peralvillo","alc":"Cuauhtémoc","cve_alc":"015","cve_col":"015-023","clasif":"Colonia","entidad":"Ciudad de México","cve_ent":"09"},"geometry":{"type":"Polygon","coordinates":[[[-99.14248644287615,19.464435832542886],[-99.14215091043943,19.4638500989922],[-99.1421411825832,19.463829943448747],[-99.14188188657135,19.46336756796944],[-99.14174220573123,19.463122730196083],[-99.1416097024302,19.46289046297963],[-99.14152655257084,19.462736167111725],[-99.14136171171621,19.462414588950118],[-99.14124545354879,19.462174693601096],[-99.14109677338612,19.461894664198955],[-99.14099818687691,19.461712869873423],[-99.14093174119034,19.461590351956122],[-99.14082348521544,19.46138622467509],[-99.14081429095847,19.461368903704997],[-99.14062250693352,19.461006018369197],[-99.14057863052011,19.46092026452589],[-99.14044706685688,19.460663128079016],[-99.14029280007146,19.46039364455924],[-99.14013813802732,19.460391391548946],[-99.13991948898544,19.46038113781074],[-99.13947844133375,19.460349693913106],[-99.13882405009034,19.46029716741224],[-99.13769368200202,19.460204398362315],[-99.13709239825985,19.460150609788034],[-99.13687922534798,19.460131052611967],[-99.1368042429712,19.460123373730543],[-99.13673956157582,19.460110811906375],[-99.13663371667919,19.46008430087252],[-99.13654624592331,19.460059183146125],[-99.13645877516744,19.46003302699612],[-99.13637755039777,19.46000581548186],[-99.13612396767118,19.459910949943072],[-99.13536026852563,19.45963261825518],[-99.13452159329157,19.459327776625994],[-99.13407764408151,19.459161059460673],[-99.13363147872765,19.458988761216812],[-99.13283432632096,19.45869724685165],[-99.13220920757936,19.45847532794904],[-99.13118459545451,19.458098620585766],[-99.13019232537481,19.45773864588184],[-99.12929560729525,19.457418426580567],[-99.12916036233597,19.457368201309365],[-99.12844887507138,19.45710170735396],[-99.1283621409341,19.457071005651382],[-99.12826028006567,19.4570397135745],[-99.1281688333664,19.45701170112974],[-99.12806427665382,19.45698608827127],[-99.12801830986075,19.45707330783459],[-99.12790683881545,19.457340307503014],[-99.12776721456919,19.457690891439313],[-99.1277280426329,19.457789245416812],[-99.12754935155318,19.458236702365614],[-99.12754232043946,19.458254291324586],[-99.12723230375012,19.459051321743537],[-99.12698223163963,19.459701429393164],[-99.1264144281081,19.46115839829283],[-99.12696684888873,19.461341708507774],[-99.12734389516962,19.46146793812629],[-99.12744728047905,19.461506780269474],[-99.12755067566997,19.46154561308643],[-99.12770558025923,19.461614264178557],[-99.12785317256206,19.461684304304608],[-99.12805702545286,19.461784850408726],[-99.12821265767754,19.461875678950662],[-99.12843477331808,19.462010199318104],[-99.1287927986712,19.46222514014122],[-99.12886276665205,19.46226498578204],[-99.1290777550591,19.462387394775266],[-99.12917061660498,19.46244362446713],[-99.12944527201151,19.46260995796125],[-99.12947375399587,19.462626641866315],[-99.12956046657365,19.462678662809736],[-99.12969725214366,19.462759155952675],[-99.12997353619578,19.462925443386062],[-99.13044480946185,19.463209022401948],[-99.13083498821392,19.463439912818895],[-99.13135449112924,19.463749143384124],[-99.1319660605814,19.46411246216135],[-99.13247095419528,19.464415103669886],[-99.13293389738368,19.46468988002152],[-99.13304088224241,19.46474341045698],[-99.13311322536889,19.464773918443868],[-99.13317460006571,19.464802346258416],[-99.13324913418316,19.464829395195785],[-99.13329187961767,19.464843616721666],[-99.13330026718744,19.46484639902823],[-99.13333462595047,19.464857828082607],[-99.13348808335384,19.46490429725067],[-99.13358307839849,19.464925796806266],[-99.13367880736673,19.464945914099694],[-99.13380522188675,19.464964655907504],[-99.13389181319192,19.464971607010334],[-99.1339784134803,19.464978547949165],[-99.13410994390586,19.46498481130988],[-99.13417179111656,19.46498724212056],[-99.1342209280643,19.464989165594783],[-99.1345001738619,19.46500013219216],[-99.13499417091143,19.465022395703848],[-99.13602015566201,19.46505583754919],[-99.1372332235537,19.46510594609803],[-99.13809844041114,19.465135186947236],[-99.13851936580045,19.46515466644522],[-99.13892566661696,19.46517413408329],[-99.1394649657062,19.465196392489247],[-99.13982639567422,19.465210487784127],[-99.14015046111639,19.46525398737108],[-99.14036623824421,19.465287094615114],[-99.14061008053822,19.465331827370523],[-99.14078199562572,19.46536164157803],[-99.14091795025406,19.46538399227796],[-99.14101707036252,19.46539971797425],[-99.1410723284306,19.46540924300075],[-99.14111136202631,19.46542044587428],[-99.14115303217744,19.465438294920837],[-99.14119252211732,19.4654603059754],[-99.1412495561547,19.46549852887418],[-99.14130923573057,19.46554422796348],[-99.14136716179505,19.465601585570415],[-99.14144545985356,19.46567648980935],[-99.14180423709657,19.465233821838424],[-99.1421453453762,19.46483482768164],[-99.14248644287615,19.464435832542886]]]}},{"type":"Feature","properties":{"colonia":"Roma Norte","alc":"Cuauhtémoc","cve_alc":"015","cve_col":"015-024","clasif":"Colonia","entidad":"Ciudad de México","cve_ent":"09"},"geometry":{"type":"Polygon","coordinates":[[[-99.17671177011081,19.42028632719875],[-99.17655241975922,19.42005738157698],[-99.17649251740113,19.419981388801514],[-99.17643262312785,19.419905386671413],[-99.17632766756333,19.419776263707362],[-99.17592770975108,19.419284169652855],[-99.17575954962149,19.41907578530167],[-99.17551025994362,19.418766837313214],[-99.1751097083449,19.41827529258725],[-99.17493553309615,19.41805706482005],[-99.17484659988304,19.417961549519195],[-99.17482125212064,19.41793714286844],[-99.17479589447686,19.417912745533442],[-99.17473195868308,19.417861846362346],[-99.17460922725573,19.41777887486733],[-99.17377582962395,19.417179979948212],[-99.17372727658115,19.41714685018271],[-99.1732290556532,19.4168069723215],[-99.17256543601684,19.416320316095106],[-99.17181510200612,19.415832965378502],[-99.17169310629896,19.41575487712461],[-99.17160198299318,19.41584133261039],[-99.17152555522713,19.415904092766006],[-99.17146456500922,19.415945930597054],[-99.17139520788278,19.415990820132585],[-99.17128976902457,19.416051251201605],[-99.17120206111352,19.416097469160707],[-99.17112381425903,19.416131044781658],[-99.17106676405194,19.41615510179878],[-99.17099714910903,19.416180071275832],[-99.17089783855772,19.416206648785675],[-99.1707874769318,19.41623323561071],[-99.17061090857113,19.4162686725604],[-99.17052601687844,19.416283980249343],[-99.17038685346793,19.416307976243438],[-99.1703187997969,19.4163188851298],[-99.17031040504058,19.416320222052935],[-99.1699884371647,19.41586966055],[-99.16985370334677,19.41602893352778],[-99.16983154550202,19.41605521961604],[-99.1697890291379,19.416105634738877],[-99.1695418118734,19.416362441875865],[-99.16903762164037,19.41646085732224],[-99.16901075213197,19.41646609571791],[-99.16898389250494,19.416471341738315],[-99.16780116790693,19.416706683024504],[-99.1677379678334,19.416716797187703],[-99.16769718252289,19.416720978239205],[-99.16764427175266,19.416724463719653],[-99.16759430116838,19.416724112121535],[-99.16754212342339,19.416720283515453],[-99.16748038850214,19.41671156981409],[-99.16744044131975,19.416703623697465],[-99.16742601168134,19.416700760926517],[-99.16738816835337,19.416691000054918],[-99.16732349234785,19.4166700778477],[-99.1672860101426,19.41665648836647],[-99.16725918824486,19.416643936734303],[-99.16723090029656,19.416628413884194],[-99.16720260336511,19.416612900351993],[-99.16710146384392,19.416551036834182],[-99.16686418733632,19.41640513105082],[-99.16592721125737,19.415846626943],[-99.16576847894665,19.415752497257547],[-99.16557996568764,19.41565256229928],[-99.16540064668558,19.415558793421546],[-99.16575303870357,19.414477665541174],[-99.16605184890976,19.413567555405592],[-99.16626407140403,19.41292241934442],[-99.16629819301184,19.41280802780685],[-99.16636423804978,19.412586558762985],[-99.16647783450902,19.4122298484196],[-99.16668663621878,19.411590228585016],[-99.16696694382503,19.41074055396876],[-99.16704798623677,19.41046189821353],[-99.1665973598492,19.410540486349188],[-99.16615759229678,19.4106171681209],[-99.1659344867128,19.410656077501912],[-99.16571778701515,19.410702165670287],[-99.16533341227813,19.410783929202196],[-99.1650099505039,19.410852725458923],[-99.16451882357174,19.410957197025215],[-99.1641122137348,19.41102967537403],[-99.162523500934,19.411338850727475],[-99.16178885689806,19.411483871443586],[-99.16143769557199,19.411546656157203],[-99.16101622670193,19.411621998798044],[-99.1610095926436,19.411623190880004],[-99.16009875035284,19.411805176856905],[-99.15982117093003,19.41186235350187],[-99.15965862437261,19.41189354583778],[-99.15945558805045,19.41193943709355],[-99.1593190728733,19.411970305765465],[-99.15931198157247,19.411971903677077],[-99.15928190687507,19.411944631577875],[-99.15928004107425,19.4119429252181],[-99.15924544515603,19.41191867779385],[-99.15921085822097,19.411894421893564],[-99.15914299858608,19.411859473700655],[-99.1590133968434,19.411797992178187],[-99.1589611454366,19.411776525406832],[-99.15889724377884,19.411750291156206],[-99.15888560430768,19.411745504193007],[-99.15883716894425,19.41172935645174],[-99.15880591206388,19.411720199371004],[-99.15877089663242,19.411713984790026],[-99.15872698159147,19.411706054527013],[-99.15864549092048,19.411697996328733],[-99.15838404613852,19.411696377233252],[-99.1580941526098,19.411711110069835],[-99.15684675649781,19.411742579485402],[-99.15555985158136,19.41177514947286],[-99.1548039749653,19.411792773118865],[-99.15479593234856,19.411792953583156],[-99.15471674675463,19.412800908410286],[-99.15470866730696,19.412907886567336],[-99.15470256055966,19.41298889324874],[-99.15463513750599,19.413882024565837],[-99.1545334697754,19.415133019832748],[-99.15452964924052,19.415180110702234],[-99.15449854417544,19.41557345389359],[-99.15446595150033,19.41598575963957],[-99.1544304545719,19.416424532521933],[-99.15439496752491,19.416863313539388],[-99.15437955243462,19.417062585461277],[-99.15434257598086,19.417541757666175],[-99.15432033010121,19.417829929105444],[-99.15431658592307,19.417868135263387],[-99.15431267914994,19.417929123103857],[-99.15425892575995,19.418613779641124],[-99.15425345681649,19.418683355410113],[-99.15421016251139,19.419256456536345],[-99.15416801445657,19.419773436573283],[-99.15412458989574,19.420310815675645],[-99.15406086879936,19.421122928743618],[-99.1540434513643,19.42135217107877],[-99.15394656446766,19.422577231322034],[-99.153944907076,19.422591886924877],[-99.15393835206936,19.422671828094284],[-99.15392494651033,19.422844082711723],[-99.15383898851746,19.42389277037975],[-99.15380854820573,19.424264025014303],[-99.15374149256304,19.425082025715987],[-99.15367703574643,19.42587530253837],[-99.1538959309267,19.425820262319732],[-99.15411483509006,19.42576523055412],[-99.15531058346309,19.425487349462102],[-99.15540392381097,19.42546542109201],[-99.15652048120012,19.42521829212112],[-99.15652310787404,19.425217722816146],[-99.15737052102088,19.42501568722354],[-99.15743444872973,19.42500043881244],[-99.15810168049187,19.42484858746814],[-99.15909206949934,19.424625997910983],[-99.15988757080257,19.424448672245262],[-99.16008047502669,19.424403863833913],[-99.16122798207228,19.424147306615417],[-99.16237001119133,19.42391337057335],[-99.16234168641208,19.42384557359473],[-99.16232257475444,19.423766777553173],[-99.16231743549267,19.423731217701814],[-99.16231376317981,19.423676829938703],[-99.16231357363532,19.42363447985459],[-99.16231799154984,19.42358775826725],[-99.16232773108413,19.423529019294897],[-99.16233544132423,19.42349833496358],[-99.16236153378998,19.423427225301868],[-99.16237164253191,19.423403864903676],[-99.16238799636159,19.423371438727045],[-99.16240930889174,19.42333797388942],[-99.16244629971848,19.4232825405621],[-99.16247765451517,19.423248381010204],[-99.16249860502425,19.42322642014468],[-99.16252579972281,19.423203060564777],[-99.16255464103337,19.423181100540358],[-99.16259745563808,19.423152160509055],[-99.1626481619426,19.423122181816552],[-99.16269960935729,19.42309707954985],[-99.16277016124307,19.423071986598398],[-99.16280185739956,19.423064230563668],[-99.1628335445729,19.423056466056597],[-99.16288921856092,19.42304897180312],[-99.16296656530355,19.42304601171697],[-99.16302793101721,19.423048279647947],[-99.16306596658464,19.42305107029577],[-99.16313822167622,19.423061908412656],[-99.16320839087967,19.4230904079208],[-99.16323797419864,19.423103267432683],[-99.1632571155007,19.423113408307938],[-99.1633101897643,19.423143117595373],[-99.16335405988951,19.423171661990303],[-99.16339445533119,19.42319937613361],[-99.16343447976868,19.423233807643985],[-99.163462816226,19.42326163868882],[-99.16347674101122,19.423278380011958],[-99.16349065681332,19.42329513149954],[-99.16351104497703,19.423323901220307],[-99.16353540189765,19.4233644638154],[-99.1635490796461,19.423388763752346],[-99.16356647821657,19.42342461257015],[-99.16358313477858,19.423463523121328],[-99.16358760838864,19.42347708661771],[-99.16359804052406,19.4235082123384],[-99.16369883239727,19.42348721984509],[-99.16413949197673,19.42339540995345],[-99.16457144149123,19.423291841860966],[-99.1650003358354,19.423188895540356],[-99.1653279909454,19.423121210088677],[-99.16589874723924,19.42300328192671],[-99.16614185830458,19.422953057867353],[-99.16666666846665,19.422842685691613],[-99.16726327468108,19.422717222393537],[-99.16733507253015,19.42270211524807],[-99.16872081099251,19.422385650217564],[-99.16958230073988,19.422188894216053],[-99.17058260445313,19.421970015973525],[-99.17174797270158,19.421715270457973],[-99.17289832561,19.421456879043667],[-99.174128401305,19.42118877829611],[-99.17422958574191,19.421166047893674],[-99.17409330322852,19.420986785984418],[-99.17637691680049,19.420488951548386],[-99.17642102408091,19.420439969561375],[-99.1765003929312,19.420378606504077],[-99.17655665441744,19.420343766035764],[-99.17659024332423,19.420327997849512],[-99.17666091468597,19.420301843769067],[-99.17671177011081,19.42028632719875]]]}},{"type":"Feature","properties":{"colonia":"Roma Sur","alc":"Cuauhtémoc","cve_alc":"015","cve_col":"015-025","clasif":"Colonia","entidad":"Ciudad de México","cve_ent":"09"},"geometry":{"type":"Polygon","coordinates":[[[-99.17037112935716,19.400282354774422],[-99.17023923152064,19.399844106036674],[-99.17010524060946,19.39987295870725],[-99.16980117975045,19.399940220013807],[-99.16923360888255,19.400066223679207],[-99.16897009977207,19.400124976212275],[-99.16823417024693,19.40029247250113],[-99.1679224081309,19.400369599705325],[-99.167630317323,19.400449128993955],[-99.1674804702488,19.400494920107317],[-99.16741125236123,19.400519617460958],[-99.16723808771717,19.400581753132343],[-99.16713413197755,19.40061917365183],[-99.16687025904935,19.400716644557875],[-99.16649816607891,19.40085762885523],[-99.1658428792151,19.401117907758668],[-99.16525107898738,19.401338415478477],[-99.16473548194692,19.40154085415742],[-99.16423003946245,19.40174088031489],[-99.1639303300426,19.401856549742273],[-99.16384139143959,19.401889408944605],[-99.16379824894977,19.401905355157925],[-99.16366617773839,19.40195415039131],[-99.16314421972739,19.40213007289255],[-99.16259432770431,19.402306596786147],[-99.16228346300527,19.40240033941368],[-99.1622666743909,19.402405395245694],[-99.16198819665281,19.40250322857256],[-99.16183458653589,19.402555544149855],[-99.16154630548314,19.402644706990742],[-99.16133362035643,19.40271141471364],[-99.16123516320468,19.402742302930445],[-99.16095068831378,19.402827239353517],[-99.16078340134663,19.402877196801036],[-99.16066621342283,19.402912184205146],[-99.1601201329515,19.403078461755673],[-99.15966578125047,19.403211284559408],[-99.15948133286815,19.40326521315749],[-99.15898096227178,19.403419424887904],[-99.15844756601223,19.403572441789226],[-99.15810848702675,19.403668821308035],[-99.15768040925118,19.403796186224948],[-99.15761446212952,19.40381581457996],[-99.15746586551022,19.40385797664476],[-99.15731727877228,19.40390014801859],[-99.15723345787144,19.403920623652073],[-99.15706455124186,19.40395857719666],[-99.15698327167489,19.403974230891784],[-99.15694919947448,19.403980802477864],[-99.15690199300636,19.403989893058366],[-99.15672927931658,19.404019411811124],[-99.15671262455116,19.404021190273692],[-99.15665054198192,19.40402784150305],[-99.15653815106174,19.404041091429054],[-99.15647845801114,19.40404470003833],[-99.15639655142019,19.404048912765457],[-99.15629208813242,19.40405432440812],[-99.1562139886016,19.404057336524847],[-99.15616985616832,19.404058534593158],[-99.15600158913917,19.404059735203415],[-99.15583331312693,19.40406092564604],[-99.15539428668458,19.40405557161937],[-99.15538443755585,19.404177927057585],[-99.15537459741022,19.404300291723892],[-99.15529467968928,19.405264371494983],[-99.1551989013137,19.406560581925888],[-99.15519842520662,19.40656704749777],[-99.1551422023479,19.407277414102225],[-99.15513432412288,19.40738075261974],[-99.15512645577931,19.40748409954438],[-99.15512586468783,19.40749247991496],[-99.15512200642367,19.40754781525967],[-99.15511892071066,19.407582426317777],[-99.15511582421789,19.407617028895853],[-99.15506507479424,19.40832173370584],[-99.15501132679414,19.409019836967495],[-99.15491323076516,19.410309454609212],[-99.15488364205633,19.410683600604894],[-99.15479593234856,19.411792953583156],[-99.1548039749653,19.411792773118865],[-99.15555985158136,19.41177514947286],[-99.15684675649781,19.411742579485402],[-99.1580941526098,19.411711110069835],[-99.15838404613852,19.411696377233252],[-99.15864549092048,19.411697996328733],[-99.15872698159147,19.411706054527013],[-99.15877089663242,19.411713984790026],[-99.15880591206388,19.411720199371004],[-99.15883716894425,19.41172935645174],[-99.15888560430768,19.411745504193007],[-99.15889724377884,19.411750291156206],[-99.1589611454366,19.411776525406832],[-99.1590133968434,19.411797992178187],[-99.15914299858608,19.411859473700655],[-99.15921085822097,19.411894421893564],[-99.15924544515603,19.41191867779385],[-99.15928004107425,19.4119429252181],[-99.15928190687507,19.411944631577875],[-99.15931198157247,19.411971903677077],[-99.1593190728733,19.411970305765465],[-99.15945558805045,19.41193943709355],[-99.15965862437261,19.41189354583778],[-99.15982117093003,19.41186235350187],[-99.16009875035284,19.411805176856905],[-99.1610095926436,19.411623190880004],[-99.16101622670193,19.411621998798044],[-99.16143769557199,19.411546656157203],[-99.16178885689806,19.411483871443586],[-99.162523500934,19.411338850727475],[-99.1641122137348,19.41102967537403],[-99.16451882357174,19.410957197025215],[-99.1650099505039,19.410852725458923],[-99.16533341227813,19.410783929202196],[-99.16571778701515,19.410702165670287],[-99.1659344867128,19.410656077501912],[-99.16615759229678,19.4106171681209],[-99.1665973598492,19.410540486349188],[-99.16704798623677,19.41046189821353],[-99.16714718899023,19.410160233833068],[-99.1672418318953,19.409872466497774],[-99.16740127028181,19.40939615322759],[-99.16741551846052,19.409351527064416],[-99.1676667323297,19.408565033303244],[-99.16779077260246,19.408184347449783],[-99.16779399935098,19.408174468296533],[-99.16817266529435,19.407040220581532],[-99.16834543198472,19.406496623502456],[-99.16852442130508,19.40593347700113],[-99.16876004491259,19.405220801608575],[-99.16891057650301,19.404786693306797],[-99.16910260037817,19.40418806657145],[-99.16924762799091,19.403735906503222],[-99.169401429449,19.403242182001577],[-99.16962422780911,19.402561309165513],[-99.16965943009019,19.402449399703045],[-99.16968758957941,19.40235991223961],[-99.16980785243639,19.402001356920817],[-99.16988698323311,19.40175695024876],[-99.17004149615691,19.401312627768252],[-99.170066743308,19.4012174330805],[-99.17009198057761,19.401122229863926],[-99.17037112935716,19.400282354774422]]]}},{"type":"Feature","properties":{"colonia":"San Rafael","alc":"Cuauhtémoc","cve_alc":"015","cve_col":"015-026","clasif":"Colonia","entidad":"Ciudad de México","cve_ent":"09"},"geometry":{"type":"Polygon","coordinates":[[[-99.16968548303007,19.43631077705956],[-99.16879584996317,19.43598698550714],[-99.16802926453063,19.435693104458515],[-99.16766417392778,19.43554680331493],[-99.16740266267044,19.43544170543512],[-99.16724181662394,19.435377566079552],[-99.16660146155677,19.435143963036708],[-99.16627311743896,19.435019557137903],[-99.16589171432894,19.43485509377565],[-99.16558298043371,19.434743491182374],[-99.16526274810296,19.43464582127242],[-99.16504005754064,19.434585155686943],[-99.16481735889347,19.4345244993972],[-99.1642881829192,19.434378073519447],[-99.16398978773464,19.43429788312381],[-99.16367718210057,19.434212969922275],[-99.16323865871485,19.434067083387795],[-99.16298876536911,19.43396388467254],[-99.16285059729191,19.433909494405494],[-99.16270140598783,19.433845351056167],[-99.16257351823072,19.43378538066969],[-99.16242064383397,19.433716352687533],[-99.16196960691639,19.433521222510198],[-99.16091178766871,19.433067176135115],[-99.15996040440916,19.432660308326923],[-99.1589971741677,19.432257011055167],[-99.15814203011945,19.43418230963455],[-99.15802074228476,19.434450746428347],[-99.15711282131534,19.436515287444333],[-99.15671037786468,19.43743332172905],[-99.15638005835153,19.438186851021413],[-99.15607169186731,19.43888826100889],[-99.1557178984775,19.43968454453995],[-99.15567247426686,19.439779410046196],[-99.15686817143586,19.440277244657516],[-99.15756812163727,19.440554526110297],[-99.15775050119953,19.44063547072281],[-99.15852619824399,19.440979709567948],[-99.15949556038561,19.441392048249874],[-99.16046216829258,19.441793021278944],[-99.16123285992427,19.44211285041557],[-99.16149632950892,19.442224774920447],[-99.1616326389718,19.442282669358306],[-99.16180914894198,19.4423529541691],[-99.16199213217212,19.44241805560483],[-99.16222085761652,19.442490697808058],[-99.16235213112388,19.442530324664716],[-99.16255301238772,19.442584102139442],[-99.16308087143184,19.442703380743552],[-99.16378913643948,19.442863367766986],[-99.16452702878357,19.443028471885274],[-99.1646871382116,19.443065261716935],[-99.16476968260642,19.44308696153837],[-99.1648373005945,19.443110548665956],[-99.1649051557378,19.443141647752494],[-99.16494122579141,19.44315819134935],[-99.16502499818323,19.443202863287933],[-99.16512819035485,19.4432614858707],[-99.16523409543862,19.44332045234903],[-99.16534001040391,19.44337940948783],[-99.16572450731177,19.443630362512536],[-99.16573745472998,19.44359945326645],[-99.16574488020412,19.44358190846112],[-99.1657522957968,19.443564354335898],[-99.16576481471857,19.443535512810126],[-99.1657773237589,19.443506661961397],[-99.16581846749727,19.44341831356403],[-99.1663702280161,19.442543098775374],[-99.16651917138515,19.44230215329488],[-99.16664547720907,19.442033801485096],[-99.1669200778184,19.441471499015925],[-99.16718321502636,19.44091851437166],[-99.16744634145456,19.44036552021962],[-99.16764402920751,19.43996723660482],[-99.167931397572,19.43932631722335],[-99.16796935049443,19.43924714241127],[-99.16821875425833,19.438726952812544],[-99.16831658258938,19.438521051716826],[-99.168414401039,19.438315141041713],[-99.16849755089831,19.438145368775373],[-99.16852139667758,19.43809666064696],[-99.168585593881,19.437974855954312],[-99.16874991281448,19.437726900596502],[-99.16880467680915,19.437644249291147],[-99.16906044513682,19.437260465034363],[-99.16925507143134,19.436962718346948],[-99.16944460517651,19.436673666802207],[-99.16968548303007,19.43631077705956]]]}},{"type":"Feature","properties":{"colonia":"San Simon Tolnahuac","alc":"Cuauhtémoc","cve_alc":"015","cve_col":"015-027","clasif":"Colonia","entidad":"Ciudad de México","cve_ent":"09"},"geometry":{"type":"Polygon","coordinates":[[[-99.14882636228259,19.457129618141497],[-99.14801192898479,19.456945714490356],[-99.14765690220806,19.45686554625638],[-99.14632623137099,19.45656506833613],[-99.14629184476023,19.45655726223336],[-99.14585579443647,19.45645833577234],[-99.14556545893666,19.45639345850031],[-99.14534935212707,19.45634323629971],[-99.14510237201775,19.456286724976597],[-99.14493491257409,19.456251479715487],[-99.1447338103247,19.456205013996772],[-99.1445327080753,19.45615853979463],[-99.14399396683984,19.45603605579694],[-99.14371273396883,19.45597211600652],[-99.14349472452744,19.455922540798483],[-99.14345523548583,19.455913559848405],[-99.14320326793015,19.455857154253128],[-99.14295130935754,19.455800738474004],[-99.14259937278545,19.45572287272351],[-99.14224742543357,19.45564500608859],[-99.14196469057936,19.455580124256105],[-99.14168195572512,19.455515250867915],[-99.14102246654242,19.455366933891444],[-99.14036298724119,19.455218604921075],[-99.13968904596226,19.45821562373288],[-99.13965608048626,19.45836218310594],[-99.13951130080854,19.45894300183661],[-99.13978524924097,19.459440011962904],[-99.13983940507617,19.459542247531218],[-99.13999271515584,19.459831660666236],[-99.14007517690568,19.459985957603962],[-99.14009644901157,19.460025755516167],[-99.14029280007146,19.46039364455924],[-99.14044706685688,19.460663128079016],[-99.14057863052011,19.46092026452589],[-99.14062250693352,19.461006018369197],[-99.14081429095847,19.461368903704997],[-99.14082348521544,19.46138622467509],[-99.14093174119034,19.461590351956122],[-99.14099818687691,19.461712869873423],[-99.14109677338612,19.461894664198955],[-99.14124545354879,19.462174693601096],[-99.14136171171621,19.462414588950118],[-99.14152655257084,19.462736167111725],[-99.1416097024302,19.46289046297963],[-99.14174220573123,19.463122730196083],[-99.14188188657135,19.46336756796944],[-99.1421411825832,19.463829943448747],[-99.14215091043943,19.4638500989922],[-99.14248644287615,19.464435832542886],[-99.142989396129,19.463813584907324],[-99.14306378561766,19.463721553047026],[-99.14349234578856,19.463191345047278],[-99.1441050120837,19.46247642482944],[-99.14435328576701,19.46218672166356],[-99.14480690893433,19.46162688686961],[-99.14521494529593,19.461135374498312],[-99.14562298794576,19.46064386995409],[-99.1458111930826,19.46041240129202],[-99.14613468719622,19.460012223024343],[-99.1463170173511,19.459777971914225],[-99.14637284764599,19.459704423538067],[-99.14649272871901,19.459546500322162],[-99.14663461851646,19.459352680174156],[-99.14670005449665,19.45926693053843],[-99.1467596065118,19.45918187539964],[-99.14688017749094,19.458999203924847],[-99.14697355377146,19.45885558423277],[-99.14706051069096,19.458728281119274],[-99.14723087438796,19.458458178610428],[-99.14734335963118,19.4582908574819],[-99.14739115090264,19.458225323665054],[-99.14745290019694,19.458149325037365],[-99.14750693565794,19.458093552934752],[-99.14757788100579,19.458026622320883],[-99.147666096465,19.457955511689537],[-99.14788296235103,19.457798657391066],[-99.14882636228259,19.457129618141497]]]}},{"type":"Feature","properties":{"colonia":"Santa Maria Insurgentes","alc":"Cuauhtémoc","cve_alc":"015","cve_col":"015-028","clasif":"Colonia","entidad":"Ciudad de México","cve_ent":"09"},"geometry":{"type":"Polygon","coordinates":[[[-99.15359662934202,19.463315770003067],[-99.15377458559978,19.46242711332843],[-99.15391578998269,19.46166503613706],[-99.15396279702487,19.461368840180644],[-99.1541474286635,19.460414897389935],[-99.15421064311008,19.460067919084246],[-99.15299587560585,19.459897012576228],[-99.15234027523005,19.459808514715338],[-99.15171172312743,19.459729461701386],[-99.15158105508453,19.459709991715478],[-99.15110546182026,19.459627120376016],[-99.1504809135089,19.45951203331631],[-99.14953445750868,19.459292195765823],[-99.14913979346836,19.45918490089312],[-99.14854544382193,19.45902001056755],[-99.14787975806038,19.458846777080986],[-99.14772522447534,19.458811318084035],[-99.1475672916652,19.458781503519145],[-99.14737160985024,19.45875696663647],[-99.14727568145598,19.458748242485765],[-99.14706051069096,19.458728281119274],[-99.14697355377146,19.45885558423277],[-99.14688017749094,19.458999203924847],[-99.1467596065118,19.45918187539964],[-99.14670005449665,19.45926693053843],[-99.14663461851646,19.459352680174156],[-99.14649272871901,19.459546500322162],[-99.14637284764599,19.459704423538067],[-99.1463170173511,19.459777971914225],[-99.14613468719622,19.460012223024343],[-99.1458111930826,19.46041240129202],[-99.14562298794576,19.46064386995409],[-99.14521494529593,19.461135374498312],[-99.14480690893433,19.46162688686961],[-99.14435328576701,19.46218672166356],[-99.1441050120837,19.46247642482944],[-99.14349234578856,19.463191345047278],[-99.14306378561766,19.463721553047026],[-99.142989396129,19.463813584907324],[-99.14248644287615,19.464435832542886],[-99.1421453453762,19.46483482768164],[-99.14180423709657,19.465233821838424],[-99.14144545985356,19.46567648980935],[-99.14146994433491,19.46569409235979],[-99.14149442971461,19.46571170422489],[-99.14151274636322,19.46572249799185],[-99.14153106301191,19.465733300227804],[-99.14155349304622,19.465744716515154],[-99.14157591319912,19.46575614296519],[-99.14159516319735,19.46576361322571],[-99.14161441319551,19.465771083485773],[-99.14166835702837,19.46578434700796],[-99.14169258728654,19.465788693648566],[-99.14171681754466,19.46579304960578],[-99.14173852443518,19.465796248604445],[-99.14176023132569,19.46579945776659],[-99.14177821649602,19.465800588469044],[-99.14179619178486,19.46580172001829],[-99.1418225079311,19.4658010729348],[-99.14184881419588,19.46580042669812],[-99.14186722786256,19.46579854219405],[-99.14188564152929,19.46579665684299],[-99.1419132629276,19.46579205526523],[-99.14194088342768,19.465787463003895],[-99.14197113329655,19.465779123755116],[-99.14200138226711,19.46577077518934],[-99.1420767823605,19.465745763368037],[-99.14215219233533,19.46572075154275],[-99.14217000682575,19.465712762935656],[-99.14219864781192,19.46569991696306],[-99.14224511317002,19.465679090850276],[-99.1423820577418,19.465581658926343],[-99.14252224702838,19.465431817294295],[-99.14259673084021,19.465357727727792],[-99.14267121375369,19.465283628810745],[-99.14276580814973,19.465192060231164],[-99.14286040164747,19.465100482283393],[-99.14454389569386,19.464549753211386],[-99.14526122919432,19.464315088556795],[-99.1458121282288,19.46413486131134],[-99.1463075473114,19.463972785444344],[-99.1465560985741,19.46389147133523],[-99.14657332197305,19.463885838930956],[-99.14681126682717,19.46380799146131],[-99.14726610361848,19.463659190821424],[-99.14727692023281,19.46365580629215],[-99.14773348807763,19.463512883554202],[-99.14825370425531,19.463349802546052],[-99.14843122662681,19.463293807782218],[-99.14861525100434,19.46323598944788],[-99.1486910670177,19.46321217656141],[-99.14871263287267,19.463206372196375],[-99.1487767573126,19.463186305505914],[-99.14883932946377,19.463169181227965],[-99.14890971875445,19.463150686531325],[-99.14898039370944,19.463132822834282],[-99.1490416049129,19.463117929501603],[-99.14908916262236,19.463105138377205],[-99.1491435556128,19.463094443533013],[-99.14919339773803,19.463083387026522],[-99.14926484344755,19.463068331915668],[-99.149336289157,19.463053989962475],[-99.14940801064927,19.46304037048421],[-99.14947983724446,19.46302739217063],[-99.14951506467831,19.463021426872242],[-99.14955176714588,19.463015217642532],[-99.14962386952386,19.46300368427947],[-99.14963374290716,19.46300220460059],[-99.14969608598787,19.46299287339185],[-99.14976849289474,19.46298286544315],[-99.14984088902177,19.462973499506912],[-99.1499133812686,19.462964855199605],[-99.14998607383966,19.462956934215264],[-99.1500348397832,19.462952043735633],[-99.15005665177662,19.46294930967457],[-99.15007311340416,19.462948001932773],[-99.15022143873232,19.46293623140967],[-99.15024578397484,19.462934301135256],[-99.15026098796103,19.462933508359114],[-99.15027731663795,19.46293238102465],[-99.15035029397497,19.46292808004447],[-99.15042327131206,19.462924393126986],[-99.15046742799984,19.462922663587417],[-99.15049634791293,19.46292152863008],[-99.15078223360803,19.4629181669539],[-99.15080378868326,19.462917916246973],[-99.15082026917544,19.46291842358986],[-99.15111076637206,19.46292733385231],[-99.15148262578049,19.462953488688594],[-99.15153855039851,19.462957421230435],[-99.1515605528348,19.462961658686044],[-99.15159092397626,19.462965001727632],[-99.15170176260756,19.462984379848432],[-99.15236851197437,19.463100991552455],[-99.15287439193844,19.463189460512893],[-99.15322282867419,19.463250393214558],[-99.15358851755497,19.463314351309755],[-99.15359662934202,19.463315770003067]]]}},{"type":"Feature","properties":{"colonia":"Santa Maria La Ribera","alc":"Cuauhtémoc","cve_alc":"015","cve_col":"015-029","clasif":"Colonia","entidad":"Ciudad de México","cve_ent":"09"},"geometry":{"type":"Polygon","coordinates":[[[-99.16572450731177,19.443630362512536],[-99.16534001040391,19.44337940948783],[-99.16523409543862,19.44332045234903],[-99.16512819035485,19.4432614858707],[-99.16502499818323,19.443202863287933],[-99.16494122579141,19.44315819134935],[-99.1649051557378,19.443141647752494],[-99.1648373005945,19.443110548665956],[-99.16476968260642,19.44308696153837],[-99.1646871382116,19.443065261716935],[-99.16452702878357,19.443028471885274],[-99.16378913643948,19.442863367766986],[-99.16308087143184,19.442703380743552],[-99.16255301238772,19.442584102139442],[-99.16235213112388,19.442530324664716],[-99.16222085761652,19.442490697808058],[-99.16199213217212,19.44241805560483],[-99.16180914894198,19.4423529541691],[-99.1616326389718,19.442282669358306],[-99.16149632950892,19.442224774920447],[-99.16123285992427,19.44211285041557],[-99.16046216829258,19.441793021278944],[-99.15949556038561,19.441392048249874],[-99.15852619824399,19.440979709567948],[-99.15775050119953,19.44063547072281],[-99.15756812163727,19.440554526110297],[-99.15686817143586,19.440277244657516],[-99.15567247426686,19.439779410046196],[-99.15550651590803,19.440154973153348],[-99.15531683034759,19.440578366041624],[-99.15516024770537,19.44093883032206],[-99.15500183609319,19.441301037972988],[-99.15484084451954,19.44166917786272],[-99.15477762378481,19.441817680167517],[-99.15473424413975,19.441934822967024],[-99.15470778246639,19.442027549097524],[-99.15468940383398,19.442107038518728],[-99.15466807333759,19.44219697507898],[-99.15460043199327,19.442521190497217],[-99.15456489374237,19.442681116709615],[-99.15451220305938,19.442929770971446],[-99.15446294214411,19.443145917067973],[-99.15442985898883,19.4432979156381],[-99.15440706244188,19.443392042068574],[-99.1543769257607,19.443486167597424],[-99.15434163813971,19.44358587366177],[-99.15430855139118,19.443667447839854],[-99.15398655926076,19.444396041506916],[-99.15394471303989,19.44449064505335],[-99.15372852897521,19.44497927527897],[-99.15359985609048,19.445274634604843],[-99.15351276352538,19.44546942199075],[-99.15341498729661,19.44568834564618],[-99.1533642567376,19.445802344707246],[-99.15332971202331,19.4458863564918],[-99.15329276431571,19.44601639386471],[-99.1532692320485,19.446127948048865],[-99.15325470898527,19.44619209501605],[-99.1532271387909,19.446321429075965],[-99.15320581458269,19.44643578261432],[-99.15303815032311,19.447363801895357],[-99.15292417387651,19.447991310209275],[-99.15289696210995,19.448149584346346],[-99.15283371891731,19.44851493882066],[-99.15268958782323,19.449289559992003],[-99.15263958400125,19.449564968460635],[-99.15258295959563,19.449889878988095],[-99.15242558553761,19.45074887386888],[-99.1523747956898,19.45108464707142],[-99.15226266438276,19.451670978152645],[-99.1521250577526,19.452339460543158],[-99.15198318861638,19.453079216457176],[-99.15191863388347,19.453384457772014],[-99.15179656002283,19.45407216659853],[-99.15189110501156,19.454085719067596],[-99.15198564910197,19.45409926221827],[-99.15206673193782,19.454111152813994],[-99.15214781477366,19.45412304256173],[-99.15226117138276,19.454138754103575],[-99.15237451811038,19.454154466490873],[-99.15246475028738,19.454167024541235],[-99.15255112689522,19.4541790506565],[-99.15267897332981,19.454196839954403],[-99.15272773568006,19.45420362550114],[-99.1529603894572,19.454233441754585],[-99.15301491090672,19.45424043482182],[-99.15319303335285,19.45426325800251],[-99.15365342891913,19.45432673514223],[-99.15411381550224,19.454390202939774],[-99.15412368798721,19.454391539549494],[-99.15520477180407,19.45453721808201],[-99.15524095863867,19.454541753911116],[-99.15587483325936,19.454621128782847],[-99.15588329718595,19.45462222229406],[-99.15664023022075,19.45472014106691],[-99.15664135401316,19.45472028506136],[-99.15768480830114,19.454879067625097],[-99.15773106704668,19.454886663746425],[-99.15827595725023,19.45497613074812],[-99.15880865282384,19.455056557411346],[-99.15884185006517,19.455061515891057],[-99.15936106641793,19.455139059242857],[-99.15938005859968,19.455141696874996],[-99.15993432901142,19.45521856256988],[-99.1601210124022,19.45524444929599],[-99.16104764078746,19.455376290102713],[-99.16113452314674,19.45538864562015],[-99.16204524416496,19.455524155608124],[-99.16207568986658,19.455528688868615],[-99.16257696326983,19.45560771259042],[-99.1629448664978,19.455663173844094],[-99.16295401494068,19.45566455533541],[-99.16336010465307,19.455729298222703],[-99.1635062605498,19.455752589596198],[-99.16364034488572,19.455777143873924],[-99.16375908240337,19.455798880958366],[-99.16380924073557,19.455515875123016],[-99.1638441474709,19.455229257086526],[-99.16395213035794,19.4544693551174],[-99.16398371242838,19.454247156839713],[-99.16406011144834,19.453709453823507],[-99.16411525183712,19.453188853182873],[-99.16417109560676,19.45266137970978],[-99.16418895770786,19.452492737999005],[-99.164207515105,19.452317223242485],[-99.16425466587762,19.45185623796742],[-99.16425621097987,19.451702187408177],[-99.16425635381202,19.451039824834425],[-99.16425913948775,19.450598622960268],[-99.16425916643719,19.450117590753127],[-99.16426304176929,19.450037260746125],[-99.16426797441858,19.44995059137079],[-99.16429635579162,19.44977268433097],[-99.1643318778729,19.449624251140236],[-99.16443549943926,19.44917600723753],[-99.1646716350864,19.448178402181387],[-99.16479015521178,19.447669359752837],[-99.16488242566615,19.447266806218465],[-99.16501701395696,19.446677099750566],[-99.1651101315227,19.446264062956406],[-99.16515373394995,19.446084963434018],[-99.16519734625868,19.445905873878722],[-99.1652400818117,19.445714682841576],[-99.16528959605185,19.445493234093675],[-99.16529637473899,19.44546298337899],[-99.16530907422217,19.445408939182656],[-99.16531442458798,19.445386130003644],[-99.16532177370529,19.445354886497356],[-99.1653615582926,19.445182244077287],[-99.16562263566362,19.443980650795975],[-99.16565396530748,19.443850367832095],[-99.165673033846,19.44378905427924],[-99.16568489609935,19.44374911515621],[-99.16570100289242,19.443702322270944],[-99.16572442197186,19.443630561577258],[-99.16572450731177,19.443630362512536]]]}},{"type":"Feature","properties":{"colonia":"Tabacalera","alc":"Cuauhtémoc","cve_alc":"015","cve_col":"015-030","clasif":"Colonia","entidad":"Ciudad de México","cve_ent":"09"},"geometry":{"type":"Polygon","coordinates":[[[-99.15975386555564,19.430726339749455],[-99.15927415710914,19.4308012067188],[-99.15886144681308,19.430967394747796],[-99.15863320556065,19.431104666864993],[-99.15827304311546,19.431362383007105],[-99.15816573486318,19.43148248311671],[-99.15807466904957,19.431524669349827],[-99.15743440740725,19.431825723098484],[-99.15678968832445,19.43213177697949],[-99.15602482316571,19.432492272719223],[-99.15525996519347,19.432852773588724],[-99.15519422468431,19.43288249634357],[-99.15519121712474,19.432878414823264],[-99.15518792390095,19.432874423099726],[-99.15518435399598,19.43287053133853],[-99.1551804894436,19.432866729374147],[-99.15517633922703,19.432863044315035],[-99.15517189436297,19.43285946853687],[-99.1551671449701,19.432856018982434],[-99.15516210003143,19.432852695651903],[-99.1551567505639,19.432849507863676],[-99.15515392356576,19.43284799063566],[-99.15515110555067,19.432846464089153],[-99.15514514702541,19.43284356517567],[-99.15513889295443,19.432840810275867],[-99.15513232537138,19.432838227345503],[-99.15512547212401,19.432835797747387],[-99.15511830446643,19.432833540118864],[-99.1551108511445,19.432831462931105],[-99.15510310227681,19.432829566184115],[-99.15509505876177,19.432827849877945],[-99.15508673946393,19.432826323331234],[-99.1550781443833,19.432824995015395],[-99.15506927262155,19.432823857306026],[-99.15506013406018,19.432822926298854],[-99.15505544126115,19.43282255609864],[-99.15505073858063,19.432822194369777],[-99.15504592271235,19.432821931756237],[-99.15503616521178,19.43282150733895],[-99.15503121549457,19.43282134384091],[-99.1550211157358,19.43282123540696],[-99.155010787805,19.432821342993787],[-99.15500024068524,19.4328216581299],[-99.15498951210577,19.43282217234413],[-99.15497858499872,19.432822911897546],[-99.15496749439822,19.432823859847403],[-99.15495624299923,19.432825005181083],[-99.15494483978505,19.43282636822978],[-99.15493330182356,19.432827938827717],[-99.15492164169112,19.4328297076565],[-99.15490987555755,19.432831675563236],[-99.15489801510087,19.432833833229317],[-99.15488607738901,19.432836189126217],[-99.15487407410022,19.432838734782443],[-99.15486201331923,19.432841460879562],[-99.15484991391067,19.432844368264544],[-99.15483779653579,19.432847445924565],[-99.154825659398,19.43285068708264],[-99.15481959576982,19.432852393222884],[-99.15480746851345,19.432855878357202],[-99.15480141386848,19.432857656504257],[-99.15478932434135,19.432861366977743],[-99.1547772734418,19.43286522231209],[-99.15477127628901,19.432867217326855],[-99.15475930983106,19.432871280210307],[-99.15474742062831,19.432875459999025],[-99.15474148995082,19.432877582084714],[-99.15472972471554,19.432881942314136],[-99.15472387937797,19.43288417283352],[-99.15471804392186,19.432886411824327],[-99.1547064781126,19.432890980449965],[-99.15469501650787,19.432895648190705],[-99.15468368875214,19.43290039725679],[-99.15467809134965,19.432902816688124],[-99.15467248496395,19.432905226800962],[-99.15466142310954,19.432910138517627],[-99.1546505139687,19.43291511376961],[-99.15463974766006,19.432920151709755],[-99.15462912418349,19.43292525233811],[-99.15461849082548,19.432930489355776],[-99.15460782872138,19.4329358797056],[-99.15459714865095,19.432941414068907],[-99.15458646768225,19.432947093292906],[-99.15457578671351,19.432952908059168],[-99.1545651246094,19.43295886683882],[-99.15455980388798,19.43296190976402],[-99.1545544921497,19.4329649611606],[-99.1545438965209,19.432971191024425],[-99.15453334940116,19.432977547959002],[-99.15452285887528,19.432984039588483],[-99.15451245368936,19.4329906489701],[-99.15450213474163,19.432997375256605],[-99.15449191101544,19.43300421082376],[-99.15448181035838,19.433011162448786],[-99.15447681303044,19.433014684006828],[-99.15447182468564,19.43301821488312],[-99.15446198094676,19.433025356266793],[-99.15445228992151,19.433032597612527],[-99.15444277047442,19.43303991181183],[-99.15443342260559,19.433047306489062],[-99.15442426428123,19.433054773172806],[-99.15441530628122,19.433062294920248],[-99.15440656747016,19.433069870037105],[-99.15439804784799,19.433077490899038],[-99.15438976538105,19.433085156658954],[-99.1543817398323,19.43309284105561],[-99.1543739622186,19.433100551713245],[-99.15436645140451,19.433108281007474],[-99.15435922625468,19.43311600098294],[-99.15435227688762,19.433123720958005],[-99.15434562216802,19.43313142314274],[-99.15433927197729,19.433139107537208],[-99.15433322721375,19.43314675550431],[-99.1543274959622,19.433154367044207],[-99.15432479203325,19.4331581503649],[-99.15431954677028,19.433165689897407],[-99.15431699555484,19.43316943763795],[-99.1543122353822,19.43317688652611],[-99.15430780848443,19.433184254935778],[-99.15430370498024,19.433191551338478],[-99.1543018203148,19.4331951448992],[-99.15429994463247,19.43319874777839],[-99.15429650767821,19.43320586289273],[-99.15429341388037,19.433212869573183],[-99.15429065245917,19.433219768666678],[-99.15428822431296,19.433226559326297],[-99.15428612944172,19.43323322291477],[-99.15428434898081,19.43323976959801],[-99.15428290179489,19.433246190057428],[-99.15428177800248,19.433252474127304],[-99.15428096862041,19.433258615030685],[-99.15428071170223,19.43326161305197],[-99.1542804637672,19.433264619544527],[-99.1542802634429,19.43327047072636],[-99.15428036764744,19.433276187212957],[-99.15428075751632,19.433281740201632],[-99.15428109977445,19.433284440030015],[-99.15428143304939,19.433287149176902],[-99.15428239424672,19.433292395501454],[-99.15428318386586,19.433295718822993],[-99.1542836123623,19.433297488493807],[-99.15428509637917,19.43330242815411],[-99.15428597223655,19.43330481199972],[-99.15428683821249,19.433307205163853],[-99.15428782815592,19.43330951700272],[-99.1542888270825,19.433311819523016],[-99.15165349612735,19.43455104425685],[-99.15116802678487,19.434780742883245],[-99.15051248030794,19.43508821013527],[-99.15030891757303,19.43513532825931],[-99.15025331455186,19.435150285153924],[-99.15015609168532,19.43519209430956],[-99.14993004861034,19.43528837799056],[-99.14970924361184,19.43546166034801],[-99.14969991550589,19.435449604043317],[-99.14967799571468,19.435426350417707],[-99.14965218172665,19.435405380642738],[-99.14962289305515,19.435387524903454],[-99.14959080523319,19.435373507494354],[-99.14955678513503,19.435363851941148],[-99.14952184965371,19.43535886405717],[-99.14948704802123,19.435358526053584],[-99.14945333963855,19.435362613441463],[-99.14942155454881,19.435370629804023],[-99.1493923296577,19.435381968598087],[-99.1493660736986,19.435395935178782],[-99.14934297891092,19.43541183490158],[-99.14932292941214,19.435429143394344],[-99.14930441243915,19.435449061035193],[-99.14928750434885,19.435472104570184],[-99.14927293726821,19.435498172342765],[-99.14926147296859,19.435526985646995],[-99.14925382561057,19.43555806585535],[-99.14925059526878,19.435590717476106],[-99.14925219067673,19.435624074745974],[-99.14925874658168,19.435657151610467],[-99.14927012733806,19.435688983194],[-99.14928576431218,19.43571837759225],[-99.14857139974373,19.43612274041983],[-99.14825222652667,19.436322785014198],[-99.1474131847799,19.43686899141718],[-99.14718717045106,19.437016723846682],[-99.1470629532102,19.437097908263134],[-99.14696115522386,19.437164456988885],[-99.14685052320507,19.437237063422618],[-99.14661085448391,19.437403387181043],[-99.14683296293789,19.437447612578744],[-99.14739116168245,19.437558731304733],[-99.14764195154679,19.43760665262431],[-99.14776541420281,19.43763025156066],[-99.14813966762152,19.43770176246667],[-99.14824634795144,19.437723128394783],[-99.14850600059441,19.43777515817081],[-99.14858878843269,19.437791736199244],[-99.14870678663684,19.437815379158515],[-99.14910747567774,19.437890366538255],[-99.14974175364199,19.43802208336533],[-99.15046345385302,19.4381980972836],[-99.15137381824005,19.438389475067826],[-99.15207230688247,19.438536475904552],[-99.15253114027848,19.438639101608672],[-99.15287745788848,19.438718139485598],[-99.15309003162403,19.438764018929604],[-99.15314784180586,19.438777522697723],[-99.15333950006668,19.43882919719719],[-99.15343543385077,19.438862624111763],[-99.15354325683771,19.438907330269718],[-99.15374043524595,19.43898466702294],[-99.1539376037727,19.43906201390464],[-99.15431643590446,19.439213480927314],[-99.15474136957658,19.439384300793954],[-99.15520086772587,19.439577083374214],[-99.15567247426686,19.439779410046196],[-99.1557178984775,19.43968454453995],[-99.15607169186731,19.43888826100889],[-99.15638005835153,19.438186851021413],[-99.15671037786468,19.43743332172905],[-99.15711282131534,19.436515287444333],[-99.15802074228476,19.434450746428347],[-99.15814203011945,19.43418230963455],[-99.1589971741677,19.432257011055167],[-99.15921979825464,19.431774135320595],[-99.15975386555564,19.430726339749455]]]}},{"type":"Feature","properties":{"colonia":"Transito","alc":"Cuauhtémoc","cve_alc":"015","cve_col":"015-031","clasif":"Colonia","entidad":"Ciudad de México","cve_ent":"09"},"geometry":{"type":"Polygon","coordinates":[[[-99.13499013927236,19.41323430735789],[-99.13454526210265,19.413241074282723],[-99.13370897728554,19.413260474436857],[-99.13334308089392,19.41325979410134],[-99.13307111594163,19.41326657034469],[-99.13279915907422,19.413273355907457],[-99.13236978502965,19.41328894262113],[-99.13086432898771,19.413335274896035],[-99.13073142952963,19.4133411539072],[-99.13066636455359,19.413344428496938],[-99.13054731172736,19.41335556549014],[-99.13037862518493,19.41335920778238],[-99.12948058748023,19.413380761610632],[-99.12911175719088,19.413390077032062],[-99.1288830030004,19.413394960532372],[-99.12875460500021,19.413399205212485],[-99.12868918788462,19.413402631457267],[-99.12862377975215,19.413406067021405],[-99.12854176266839,19.41341425815196],[-99.12830918704472,19.413438509589383],[-99.12812967400654,19.413460820840815],[-99.1281494099933,19.41355921516846],[-99.12816916574305,19.41365370027021],[-99.12817383788081,19.413698471825217],[-99.12817299885438,19.413744623521332],[-99.12817362408184,19.41379791828031],[-99.12816960052761,19.413830886058406],[-99.12815347037844,19.413937481433038],[-99.12812583101376,19.41413968330055],[-99.1281025026641,19.41430150476722],[-99.12807513638734,19.414471289243657],[-99.12804516679283,19.41466209513758],[-99.12803133812733,19.414740805786533],[-99.12799604062485,19.414961969433513],[-99.1279637587668,19.41515208849334],[-99.12784906546463,19.415841682515783],[-99.12776395368468,19.416369419629746],[-99.1276913374704,19.416819168954326],[-99.12763236666521,19.417166466759532],[-99.12759607562612,19.417401092832215],[-99.12759592291249,19.417402032399885],[-99.12784906097302,19.417427207559975],[-99.12865522887193,19.417507401199764],[-99.12998536251652,19.417627248065894],[-99.12994080518008,19.417937237756906],[-99.12992226305431,19.418066443514736],[-99.12989231322277,19.418302868622145],[-99.12988295906568,19.41837758966463],[-99.12987405406625,19.41844776027977],[-99.1298186262166,19.418886441794957],[-99.1295596230556,19.420790734856507],[-99.12950996328838,19.421223865118623],[-99.12931365624597,19.422815064678613],[-99.1292454148271,19.42328863609418],[-99.12994614117291,19.423396722249944],[-99.13077607130766,19.42350788362917],[-99.13106272101989,19.42354807849849],[-99.13137038771652,19.423590642096624],[-99.13175283916048,19.423643026288612],[-99.13230579174378,19.423715704847602],[-99.1324684595737,19.423733461054724],[-99.13254668127541,19.4237380722971],[-99.13262004937961,19.42374006318797],[-99.13263968655171,19.423740509655904],[-99.13273850662284,19.42374279452092],[-99.13294478406658,19.42373560867542],[-99.13314595997784,19.42372363621914],[-99.13334744940113,19.423713974890187],[-99.13336724647338,19.423626252810003],[-99.13339648843252,19.423479259657576],[-99.13348108817269,19.42306088076984],[-99.13356569599772,19.42264251181841],[-99.13362237879387,19.422309244252524],[-99.1336308508053,19.42225947322814],[-99.13364433272106,19.422148388936858],[-99.13365780385709,19.42203729609763],[-99.13370522951416,19.421634396899634],[-99.13374450655336,19.421377637063767],[-99.13376996391021,19.421211129149317],[-99.13378377371107,19.42112087766937],[-99.13382342714432,19.420835691677436],[-99.13382912695477,19.420794642156622],[-99.13386890435558,19.420508626178993],[-99.13394654664391,19.419978400701623],[-99.13401015724749,19.4194528509408],[-99.13412934392277,19.41869073464373],[-99.13424708790363,19.417948312588518],[-99.13426701523159,19.41782257355481],[-99.13431903936467,19.417494434495424],[-99.13436973668604,19.417183279877165],[-99.13443044483294,19.416787778465952],[-99.13453159782887,19.416136718662692],[-99.13460354210335,19.415665691818628],[-99.13462152457868,19.415553389786773],[-99.13467549086943,19.415216491697915],[-99.13477357611865,19.414567660608657],[-99.13499013927236,19.41323430735789]]]}},{"type":"Feature","properties":{"colonia":"Valle Gomez","alc":"Cuauhtémoc","cve_alc":"015","cve_col":"015-032","clasif":"Colonia","entidad":"Ciudad de México","cve_ent":"09"},"geometry":{"type":"Polygon","coordinates":[[[-99.12806427665382,19.45698608827127],[-99.12800446143238,19.45697638657095],[-99.12794464710913,19.456966684870185],[-99.12788853564157,19.456957417687107],[-99.12783242507231,19.4569481496565],[-99.12782630305365,19.456947137474337],[-99.127713471959,19.4569261908083],[-99.12760065074585,19.456905253456785],[-99.1272923013296,19.45683197228143],[-99.12698396179486,19.45675870039028],[-99.12698063982492,19.456757940617557],[-99.12653659449518,19.45665652828739],[-99.12609253030078,19.45655512351698],[-99.12609163557876,19.456554906680797],[-99.12545115923903,19.45640490254982],[-99.12522683284459,19.456356306626237],[-99.1250025154333,19.456307701370907],[-99.12491421912571,19.456288574016448],[-99.12482592191985,19.456269446659853],[-99.12470722841968,19.456243214514],[-99.12446814719668,19.456190370745283],[-99.12422907585517,19.456137535429463],[-99.1240107088843,19.456090402227264],[-99.12379233382865,19.456043269011328],[-99.12374835051568,19.456221978923807],[-99.12370435732133,19.456400679322154],[-99.12354012013454,19.457056536962856],[-99.12343822063859,19.457459743814812],[-99.1233363310241,19.45786295898145],[-99.12327164244219,19.45810367214338],[-99.12325333567502,19.45817079584329],[-99.12322627662203,19.4582488620063],[-99.12318131773868,19.458368479755524],[-99.12313634897389,19.45848808809938],[-99.12307349026023,19.458649230119683],[-99.12281065039461,19.45903049985879],[-99.12263581488408,19.45927886141136],[-99.12227897979876,19.459785885430904],[-99.12267919093587,19.459914965564675],[-99.12276520282775,19.45994273526624],[-99.12303576461153,19.46003011078119],[-99.12351655103645,19.460189638586243],[-99.12402948636871,19.460363043425534],[-99.12441967500223,19.460494826710452],[-99.1246437328004,19.46056983579534],[-99.12469733886671,19.46058777176928],[-99.12499947104284,19.46068592409904],[-99.12530161220212,19.460784067052447],[-99.12575172205835,19.460931111972446],[-99.12599869587942,19.46101156956222],[-99.1261148669103,19.461051796648118],[-99.12633941159532,19.461131246256933],[-99.1264144281081,19.46115839829283],[-99.12698223163963,19.459701429393164],[-99.12723230375012,19.459051321743537],[-99.12754232043946,19.458254291324586],[-99.12754935155318,19.458236702365614],[-99.1277280426329,19.457789245416812],[-99.12776721456919,19.457690891439313],[-99.12790683881545,19.457340307503014],[-99.12801830986075,19.45707330783459],[-99.12806427665382,19.45698608827127]]]}},{"type":"Feature","properties":{"colonia":"Vista Alegre","alc":"Cuauhtémoc","cve_alc":"015","cve_col":"015-033","clasif":"Colonia","entidad":"Ciudad de México","cve_ent":"09"},"geometry":{"type":"Polygon","coordinates":[[[-99.13577789350461,19.40809500971915],[-99.13575212712733,19.408109687809446],[-99.13560026603021,19.40819970927787],[-99.13552432604939,19.40824565834306],[-99.13545952248309,19.408283835404536],[-99.1354025728873,19.408315502896983],[-99.13536919149138,19.408333195546685],[-99.13531682060862,19.408356781789376],[-99.1352778723528,19.408371367503996],[-99.13523238436181,19.408385645659013],[-99.13521160632926,19.408390770780912],[-99.1351908193136,19.408395887430036],[-99.13513093222689,19.408405809780614],[-99.13508511275748,19.408413874920107],[-99.1350684759584,19.40841552454996],[-99.13503798084945,19.408418525571438],[-99.13495452915623,19.40842658393223],[-99.1349181994895,19.40843000011444],[-99.13464841924,19.408448889093155],[-99.13456466301787,19.408454761502863],[-99.1345555927284,19.40845539186973],[-99.13403720013082,19.408486354402523],[-99.13365888003877,19.408508644304547],[-99.13333324973142,19.40852566081425],[-99.13305441805716,19.408542378237044],[-99.13282922838172,19.408556567414088],[-99.1326237684049,19.408569523816812],[-99.13240378536486,19.40858195321865],[-99.13220352304027,19.408593139679652],[-99.13198884006034,19.408608630253557],[-99.13180271991331,19.40862204925965],[-99.13163604469881,19.408632780735783],[-99.1314979332155,19.408641449964936],[-99.13136017207509,19.40865172645781],[-99.13124462627167,19.408660337224564],[-99.13099132022616,19.408679232954746],[-99.13073670892858,19.408703401218997],[-99.13046704096847,19.40872570549471],[-99.13012786496498,19.408753170463157],[-99.12954806712777,19.408805634843596],[-99.12883699039325,19.408865862697766],[-99.12828349073598,19.408911258310816],[-99.12786459104767,19.408950196906968],[-99.12816710680443,19.409125126473754],[-99.12846961357802,19.409300064324906],[-99.12849067278324,19.409312936789306],[-99.12899382007222,19.409620619990907],[-99.12964695097928,19.41000455511028],[-99.12974119233743,19.4100604691254],[-99.13041611008514,19.410456117380047],[-99.1309411053001,19.41077574641177],[-99.13104692953553,19.41083969891596],[-99.13111162260904,19.41087881158476],[-99.13121892097979,19.410943668068718],[-99.13141592152164,19.41106811188877],[-99.1318188904867,19.411309777263455],[-99.13196949933231,19.411402652199364],[-99.13212011805936,19.411495517762418],[-99.13227721902949,19.411585458562016],[-99.13243432898284,19.411675390839417],[-99.13257119629948,19.41176197727669],[-99.13290506595465,19.411971688475838],[-99.13309917661616,19.41209437770495],[-99.13319628629499,19.412143771427534],[-99.13341855824241,19.412271433021896],[-99.1338701350475,19.412542287624152],[-99.13392232536887,19.412573368840373],[-99.13433938620587,19.41282183026815],[-99.1347838348792,19.413104510619846],[-99.13499013927236,19.41323430735789],[-99.1350781256612,19.412673949597995],[-99.13508101284651,19.412655456773646],[-99.1351452504742,19.41220398787845],[-99.13518555877931,19.411950225963604],[-99.13521277503744,19.411778985820757],[-99.1352258778642,19.411696463652802],[-99.13527765136729,19.411364404700965],[-99.13528361707911,19.411325206576464],[-99.13534534122056,19.41092007881216],[-99.13542100721527,19.4104200937087],[-99.1354421508621,19.410293370269567],[-99.13548272417025,19.41005029947615],[-99.13555638602354,19.4095748483918],[-99.13559520761686,19.409330513255636],[-99.13563403819332,19.409086187072198],[-99.13573494235591,19.408391239319908],[-99.13577789350461,19.40809500971915]]]}},{"type":"Feature","properties":{"colonia":"10 De Abril","alc":"Miguel Hidalgo","cve_alc":"016","cve_col":"016-001","clasif":"Colonia","entidad":"Ciudad de México","cve_ent":"09"},"geometry":{"type":"Polygon","coordinates":[[[-99.21119850439828,19.44960542624265],[-99.21093966293398,19.449456757418105],[-99.21079423916423,19.44936531034862],[-99.21064882527591,19.44927385475696],[-99.21051460439602,19.4491699618065],[-99.21031856056,19.449031010852966],[-99.21010919111508,19.448827689410614],[-99.20983513308819,19.448692973451195],[-99.20962959046636,19.448594342899924],[-99.20949101096069,19.448529396412322],[-99.20944305260267,19.448504954543402],[-99.20912524662147,19.44835187237908],[-99.20870784083142,19.448147884296272],[-99.20822526406411,19.44791493238577],[-99.20737959544554,19.447506239096388],[-99.20700911405275,19.44732701473233],[-99.20682663298084,19.447235347072667],[-99.20609104840878,19.44785097753564],[-99.20594767549278,19.44795686700705],[-99.20607876394723,19.448035118509555],[-99.20619104617126,19.44809105247056],[-99.2067696016384,19.448370113798354],[-99.20773386853573,19.448836818140812],[-99.20822614441316,19.44905812933811],[-99.2086473752296,19.449246965859594],[-99.20896583698102,19.449392499930372],[-99.20945748763093,19.449612606708087],[-99.20971916687323,19.449730485051713],[-99.2099808550986,19.44984835314507],[-99.21031516043665,19.449956578326354],[-99.21041920061792,19.44997700665018],[-99.21052323181604,19.449997443442104],[-99.21064502630054,19.45001546444324],[-99.21085879659209,19.450044290417473],[-99.21095077239907,19.45005510386236],[-99.21119850439828,19.44960542624265]]]}},{"type":"Feature","properties":{"colonia":"16 De Septiembre","alc":"Miguel Hidalgo","cve_alc":"016","cve_col":"016-002","clasif":"Colonia","entidad":"Ciudad de México","cve_ent":"09"},"geometry":{"type":"Polygon","coordinates":[[[-99.21270446978497,19.39973293695113],[-99.21259969657845,19.39973668376786],[-99.21257011864941,19.39974014927682],[-99.21252533224258,19.399745398378798],[-99.21242447658899,19.399768630842896],[-99.21228267392812,19.39981139639554],[-99.21200757116058,19.399909404133833],[-99.21146737375607,19.400098607054517],[-99.21136160880947,19.400130608286368],[-99.2112558537443,19.400162617984872],[-99.21116010141988,19.40019460818898],[-99.21096287629925,19.40026199222262],[-99.21076135633325,19.400315138036863],[-99.21049386768605,19.400352644195912],[-99.21048331337974,19.400354123598355],[-99.21015921919158,19.400437250568828],[-99.21004965616793,19.40046535919683],[-99.20983513488484,19.400520385122523],[-99.20906609884817,19.40065829047317],[-99.20842712269501,19.400760097874958],[-99.20787748938676,19.400844842994232],[-99.2078391942062,19.400849971743003],[-99.20758872953193,19.40088349289526],[-99.20729996877877,19.40092215210753],[-99.20621525217487,19.401058182877097],[-99.20618677827534,19.401061909328064],[-99.20506703905349,19.401208227111535],[-99.20505658895179,19.401209475191788],[-99.20457035065141,19.401267793492057],[-99.20460050979042,19.40138787686286],[-99.20464250692828,19.401542497078463],[-99.20468449418469,19.401697127314748],[-99.20472532980085,19.401848442759796],[-99.20481488554647,19.402170008689765],[-99.20486360926914,19.402353009294284],[-99.20494945227773,19.402670169127635],[-99.20505060617197,19.4030128438055],[-99.20523989827029,19.40359130082961],[-99.2053679540124,19.40395509059528],[-99.20549089744216,19.404306520144726],[-99.2054942849891,19.404304343459483],[-99.20553881986767,19.404276169406266],[-99.20558214561377,19.40424877231223],[-99.20566999635702,19.404193201145965],[-99.20635460962151,19.40376102362143],[-99.20703920941139,19.40332883393395],[-99.2081330511019,19.40263978165003],[-99.20853644317351,19.402385748079823],[-99.20999955442956,19.401463066611537],[-99.2102384335316,19.401309292777665],[-99.21061226384388,19.401075208639263],[-99.2111300698416,19.400740902125357],[-99.21201071167084,19.40015244517488],[-99.21270446978497,19.39973293695113]]]}},{"type":"Feature","properties":{"colonia":"5 De Mayo","alc":"Miguel Hidalgo","cve_alc":"016","cve_col":"016-003","clasif":"Colonia","entidad":"Ciudad de México","cve_ent":"09"},"geometry":{"type":"Polygon","coordinates":[[[-99.2020244963901,19.447888653994617],[-99.20200829168068,19.447880412931784],[-99.20199209685275,19.44787216255079],[-99.20197623529982,19.447865456362923],[-99.20196038362828,19.44785874170425],[-99.20147431870276,19.447692088139842],[-99.20120380093647,19.447597821896665],[-99.2009332732886,19.447503564916445],[-99.20070639567876,19.447413696520762],[-99.20060133411306,19.447366245676072],[-99.20053821129464,19.447334291016812],[-99.20047780049012,19.447299528331726],[-99.20040890509769,19.44725472537869],[-99.20010052603713,19.44705900497492],[-99.20002934533058,19.447006797749516],[-99.19998707869816,19.446969187156952],[-99.19986669816188,19.446862105217793],[-99.19976529184106,19.44676623414658],[-99.19966389630001,19.44667035539527],[-99.19961866882038,19.44663162490056],[-99.19959056233179,19.44661043633515],[-99.19954227069871,19.4465754905282],[-99.19942380896386,19.44649384496379],[-99.1993053373476,19.446412208676126],[-99.19897248189041,19.44619757302083],[-99.19895953267559,19.44628057828168],[-99.19879030714407,19.446956316828967],[-99.19863764474972,19.447579543966825],[-99.19845487531865,19.44832888827249],[-99.19826821169082,19.449089763471004],[-99.1981699845078,19.44948585116037],[-99.19807153094924,19.44989166372483],[-99.19825115448019,19.449942669750822],[-99.19842534230538,19.44999216801063],[-99.19874641456094,19.45008635747532],[-99.19973800281934,19.45037625759456],[-99.19977741550413,19.450230588878306],[-99.1998168174091,19.450084910713652],[-99.19998274971681,19.449463170459666],[-99.20007260370315,19.449485177753107],[-99.20024040091336,19.449520345708365],[-99.20040815051291,19.449555513655987],[-99.20095297334284,19.449658461049143],[-99.20153710375463,19.449802630150632],[-99.20159077270296,19.44955653689596],[-99.2016416838234,19.449325334480502],[-99.20172786190352,19.448984835300326],[-99.20177265549685,19.448814540548298],[-99.20181745807332,19.448644254935115],[-99.20194009787254,19.448177203591342],[-99.20196999380516,19.448060305015627],[-99.2020244963901,19.447888653994617]]]}},{"type":"Feature","properties":{"colonia":"Agricultura","alc":"Miguel Hidalgo","cve_alc":"016","cve_col":"016-004","clasif":"Colonia","entidad":"Ciudad de México","cve_ent":"09"},"geometry":{"type":"Polygon","coordinates":[[[-99.16721367060941,19.44449488045015],[-99.16708276451298,19.444421169282197],[-99.16681700332607,19.444265331947907],[-99.16642683894699,19.444041931240278],[-99.16626474783546,19.443947875494516],[-99.16572450731177,19.443630362512536],[-99.16572442197186,19.443630561577258],[-99.16570100289242,19.443702322270944],[-99.16568489609935,19.44374911515621],[-99.165673033846,19.44378905427924],[-99.16565396530748,19.443850367832095],[-99.16562263566362,19.443980650795975],[-99.1653615582926,19.445182244077287],[-99.16532177370529,19.445354886497356],[-99.16531442458798,19.445386130003644],[-99.16530907422217,19.445408939182656],[-99.16529637473899,19.44546298337899],[-99.16528959605185,19.445493234093675],[-99.1652400818117,19.445714682841576],[-99.16519734625868,19.445905873878722],[-99.16515373394995,19.446084963434018],[-99.1651101315227,19.446264062956406],[-99.16501701395696,19.446677099750566],[-99.16488242566615,19.447266806218465],[-99.16479015521178,19.447669359752837],[-99.1646716350864,19.448178402181387],[-99.16443549943926,19.44917600723753],[-99.1643318778729,19.449624251140236],[-99.16429635579162,19.44977268433097],[-99.16426797441858,19.44995059137079],[-99.16426304176929,19.450037260746125],[-99.16425916643719,19.450117590753127],[-99.16425913948775,19.450598622960268],[-99.16425635381202,19.451039824834425],[-99.16425621097987,19.451702187408177],[-99.16425466587762,19.45185623796742],[-99.164207515105,19.452317223242485],[-99.16418895770786,19.452492737999005],[-99.16417109560676,19.45266137970978],[-99.16411525183712,19.453188853182873],[-99.16406011144834,19.453709453823507],[-99.16398371242838,19.454247156839713],[-99.16395213035794,19.4544693551174],[-99.1638441474709,19.455229257086526],[-99.16380924073557,19.455515875123016],[-99.16375908240337,19.455798880958366],[-99.16369773824924,19.4560865279632],[-99.16362114070157,19.456370571246026],[-99.16428076014002,19.456494029060362],[-99.16433991959136,19.456505109732554],[-99.16497910864526,19.45662474486117],[-99.16505870836255,19.45663964471934],[-99.16514621055946,19.45665265742488],[-99.16559021366838,19.456718678064192],[-99.16563832114679,19.456572619486575],[-99.16566277059387,19.45643195204101],[-99.16571362062888,19.45613891352872],[-99.16601751170633,19.45618808294874],[-99.16603002164501,19.45608842867338],[-99.16607177893262,19.45573195532652],[-99.16613281586297,19.455195723430144],[-99.16619705079563,19.45463967950885],[-99.16626109528549,19.45408543192465],[-99.16626129560986,19.454083644692922],[-99.16649852360838,19.452208203419133],[-99.1665112617191,19.45209591649065],[-99.1666054060592,19.451265525797215],[-99.16671456394265,19.450381090007028],[-99.16675604185426,19.44982412493176],[-99.16687782016912,19.44850799548313],[-99.16693384450012,19.447826498293814],[-99.16696600149234,19.447447440163444],[-99.16699759703752,19.4470751458161],[-99.16712350311109,19.44560516389107],[-99.16716859674172,19.445055250428734],[-99.16721374696624,19.444504488023913],[-99.16721367060941,19.44449488045015]]]}},{"type":"Feature","properties":{"colonia":"Ahuehuetes Anahuac","alc":"Miguel Hidalgo","cve_alc":"016","cve_col":"016-005","clasif":"Colonia","entidad":"Ciudad de México","cve_ent":"09"},"geometry":{"type":"Polygon","coordinates":[[[-99.19121269522734,19.448408793054647],[-99.19120570813104,19.448407538560357],[-99.19105236661039,19.44838205902565],[-99.19013064302654,19.448223696174143],[-99.18997781534223,19.44819676983208],[-99.18995059998237,19.448342336186037],[-99.18959845410279,19.448315444593163],[-99.18949566617303,19.448305695786132],[-99.18943670794432,19.4483001856642],[-99.18936692591471,19.448292302928383],[-99.18900155593583,19.448254440209965],[-99.18886248684841,19.44823971153468],[-99.18872340787948,19.44822499132868],[-99.18871954242881,19.448224648269484],[-99.18863198723135,19.44821702896565],[-99.18855937730524,19.448209795920732],[-99.18848041808668,19.448201940286577],[-99.18824770052923,19.44817870627594],[-99.1879222965973,19.448152016256255],[-99.18787983862373,19.44845083935996],[-99.18783810379394,19.448752001485204],[-99.18762846665105,19.450106793406334],[-99.18805851083879,19.450220087159302],[-99.18819233915485,19.450256334943074],[-99.1883261764541,19.45029257424842],[-99.18853852920411,19.450350313339285],[-99.18863512325001,19.450383206781584],[-99.188731709211,19.450416109534668],[-99.18873291834338,19.45041648816529],[-99.18923665582547,19.450577150305],[-99.18943282452734,19.450637689633],[-99.18962889890612,19.450698183197836],[-99.18968377519019,19.4507192797484],[-99.18970720594773,19.45072935367635],[-99.18973062682383,19.45073943692125],[-99.18974563138403,19.450746731687772],[-99.18975025860603,19.450748988220266],[-99.18976989937144,19.450758530201067],[-99.18978461826735,19.45076507533045],[-99.18982143482097,19.450781749442417],[-99.18986292620725,19.450798205014646],[-99.18997691523032,19.450834680524647],[-99.19017344685152,19.45089772023622],[-99.19060095689186,19.451038386551645],[-99.19060851621498,19.45104105897927],[-99.190785931687,19.45038813660441],[-99.19085535079721,19.450120371618187],[-99.19093078772147,19.44980266233861],[-99.1909694628894,19.449643812124258],[-99.19100812907419,19.4494849524369],[-99.19107488917116,19.449139865094224],[-99.19121269522734,19.448408793054647]]]}},{"type":"Feature","properties":{"colonia":"America","alc":"Miguel Hidalgo","cve_alc":"016","cve_col":"016-006","clasif":"Colonia","entidad":"Ciudad de México","cve_ent":"09"},"geometry":{"type":"Polygon","coordinates":[[[-99.20549089744216,19.404306520144726],[-99.2053679540124,19.40395509059528],[-99.20523989827029,19.40359130082961],[-99.20505060617197,19.4030128438055],[-99.20494945227773,19.402670169127635],[-99.20486360926914,19.402353009294284],[-99.20481488554647,19.402170008689765],[-99.20472532980085,19.401848442759796],[-99.20468449418469,19.401697127314748],[-99.20464250692828,19.401542497078463],[-99.20460050979042,19.40138787686286],[-99.20457035065141,19.401267793492057],[-99.20456855132592,19.40126800108176],[-99.20436896183946,19.40129002168271],[-99.20417032366885,19.40131192450546],[-99.20377389443904,19.4013556199926],[-99.20305322190066,19.40143481411419],[-99.20249167154186,19.40149329501594],[-99.2024760642121,19.401494896419546],[-99.2022242439801,19.401520672238735],[-99.20191341072209,19.401559164380743],[-99.20189768840797,19.401561117414733],[-99.20179119492767,19.401580227489927],[-99.20171043638364,19.40159998236046],[-99.20159630363014,19.401635284388778],[-99.20141743917561,19.40168849669123],[-99.20101156955046,19.401834109803474],[-99.20098440898782,19.401844381642647],[-99.20075981040387,19.40192937784563],[-99.20053546873808,19.402014265549713],[-99.20068125363065,19.402517930044485],[-99.2006929496956,19.402561235450534],[-99.20071686284847,19.4026334616572],[-99.20073007526966,19.40269033904147],[-99.20074274151514,19.40277539919701],[-99.20074879885514,19.402843754858075],[-99.20075431990087,19.402941593852308],[-99.20075791226373,19.403005525712892],[-99.20076288443876,19.403119798746037],[-99.20076449781304,19.40318665624529],[-99.20076873965785,19.403496825979893],[-99.20077126392374,19.403736092907366],[-99.20077108515903,19.403837256136196],[-99.2007708147661,19.40400063500762],[-99.20077051742375,19.404171085194125],[-99.2007701967252,19.404369699076568],[-99.20077003772343,19.404474221408456],[-99.20076983380584,19.404544709825945],[-99.2007697799069,19.404560846418605],[-99.20076923103625,19.404577813351437],[-99.20076773354472,19.404608335185696],[-99.20076676605912,19.4046219070335],[-99.20076264908018,19.404643823811536],[-99.20063018081342,19.405216719393536],[-99.20062665312935,19.405231953562033],[-99.20061868776773,19.40528101469193],[-99.20061512504925,19.40531153639421],[-99.20061402640967,19.405337895386992],[-99.20061403090128,19.405357201588238],[-99.20061678962752,19.40539842276902],[-99.20062615995424,19.405515575729353],[-99.20066255340134,19.40583113905004],[-99.20067112512578,19.40590555402506],[-99.20067878146696,19.40597191387309],[-99.20070032306745,19.406172121830593],[-99.20072316183523,19.406477294559874],[-99.20079201321023,19.407127358520498],[-99.20088665431864,19.407075888298923],[-99.20102971551921,19.406998067814463],[-99.20138786483987,19.40679617987822],[-99.20167113958153,19.40664100884295],[-99.20239076827755,19.40624694588516],[-99.20286083330954,19.40597180033754],[-99.20287985603399,19.40596050948082],[-99.2029997317171,19.405888100891662],[-99.20310856800364,19.405821753718616],[-99.20321741417169,19.40575541583863],[-99.20358195680215,19.40552272171067],[-99.2038840260962,19.405331866117276],[-99.20432713088992,19.405051872551386],[-99.20446815920296,19.404962735601273],[-99.20476569559813,19.404773586632988],[-99.20512830146086,19.40454005821667],[-99.20549089744216,19.404306520144726]]]}},{"type":"Feature","properties":{"colonia":"Ampliacion Daniel Garza","alc":"Miguel Hidalgo","cve_alc":"016","cve_col":"016-007","clasif":"Colonia","entidad":"Ciudad de México","cve_ent":"09"},"geometry":{"type":"Polygon","coordinates":[[[-99.19789274285154,19.40797847458192],[-99.19789274195323,19.407973390116037],[-99.19788125699232,19.40763885884858],[-99.19786963818241,19.40729854001637],[-99.19786191356927,19.40696799887352],[-99.19785405420885,19.406631660838425],[-99.1978538440031,19.406624680972122],[-99.19784364453132,19.406290817127765],[-99.19783870289898,19.406129191036033],[-99.1978332339555,19.405949982870172],[-99.19785114456569,19.405541798276495],[-99.19759519747322,19.40582437181687],[-99.19743473949887,19.405963026750555],[-99.19713544599905,19.405972567126145],[-99.19713343017949,19.405780374203562],[-99.19661721330148,19.406147708326355],[-99.19642724117847,19.406285085288157],[-99.19622643896638,19.406434383333323],[-99.19595809152979,19.406635849774865],[-99.19574838970819,19.4067844078261],[-99.19542000875943,19.40701140137865],[-99.19510672849057,19.407227681686354],[-99.1950897898576,19.4072413202503],[-99.19506010053746,19.407270545256388],[-99.19495782554571,19.407386407318814],[-99.19466743614703,19.407391671424993],[-99.19428575276255,19.40738547192965],[-99.19424783487443,19.407386696238923],[-99.19391746236066,19.40739168582868],[-99.19373906772502,19.40740774927351],[-99.1936114889884,19.407427462767252],[-99.19348389947196,19.40744716693857],[-99.19341460432928,19.407462834701608],[-99.19334504328522,19.407478593121304],[-99.19307143800928,19.407571948954],[-99.19272552104783,19.407685757863327],[-99.19266395500983,19.40770206614046],[-99.19262518192556,19.407712347776354],[-99.19260238807357,19.407718382888696],[-99.19176530914572,19.407973949314012],[-99.19132369555541,19.408118290132236],[-99.19021925015122,19.408483300851792],[-99.19000244894397,19.40855887367412],[-99.19029081803163,19.409176793459057],[-99.19044282375746,19.40950557289159],[-99.1905948411614,19.409834343186677],[-99.19076923290416,19.41021723567397],[-99.19083144303423,19.410362520040202],[-99.19097239499051,19.410709215683788],[-99.19105446687149,19.41090586866007],[-99.19116502792342,19.411181060083937],[-99.19121719488862,19.41130914267135],[-99.1913717832709,19.411686619450162],[-99.19153145342274,19.412124045796872],[-99.19175301300609,19.412023557049164],[-99.19203346254626,19.411886515362287],[-99.1922633468173,19.411767179392],[-99.1926286754737,19.411569371806877],[-99.19292102769138,19.411410130891916],[-99.19337314887557,19.41116423363679],[-99.19348856981314,19.411100266856998],[-99.19364640740181,19.411010241910684],[-99.19386769210071,19.41087436180323],[-99.19387039513136,19.41087287148229],[-99.19431790705984,19.410626204953438],[-99.19460691484969,19.41046786544323],[-99.19463478957292,19.410452347934203],[-99.19464959740206,19.410444092262917],[-99.19468513385644,19.410424311354255],[-99.19476334298169,19.41038075640645],[-99.19491595507034,19.410297729410516],[-99.19518994302867,19.410145522884694],[-99.1953716479561,19.410045487045146],[-99.19560599865079,19.409916348623984],[-99.19571974243374,19.409852832095535],[-99.19577654829902,19.40982045998206],[-99.19585189269691,19.40977917129393],[-99.19588647693703,19.40976283102922],[-99.19589875331364,19.409757211997768],[-99.19590901297255,19.409752506312806],[-99.1959630592133,19.4097281433345],[-99.19600285907194,19.409710411015283],[-99.19606748836509,19.40968068317472],[-99.19617980741997,19.409628941790352],[-99.19630501101102,19.40957107553657],[-99.19638251675546,19.409535222816068],[-99.1964130370172,19.409520128848822],[-99.19645644361174,19.409498693125485],[-99.19655922435494,19.409445372386614],[-99.19683272542633,19.409296332979068],[-99.19703160614203,19.409189033027566],[-99.19726345143542,19.409061535924216],[-99.19748371474982,19.408940407610228],[-99.19783776326116,19.40874744887753],[-99.19789332945139,19.408613127544047],[-99.19789323512829,19.408513988017518],[-99.19789307882141,19.408346273973834],[-99.19789274285154,19.40797847458192]]]}},{"type":"Feature","properties":{"colonia":"Ampliacion Granada","alc":"Miguel Hidalgo","cve_alc":"016","cve_col":"016-008","clasif":"Colonia","entidad":"Ciudad de México","cve_ent":"09"},"geometry":{"type":"Polygon","coordinates":[[[-99.20588289528273,19.43857504738],[-99.20577589425426,19.438638180800154],[-99.20568293389368,19.43870174452746],[-99.20561914183045,19.43881385605394],[-99.2055623692028,19.438896157755128],[-99.2055055866937,19.43897845009638],[-99.20539200999741,19.43913584864261],[-99.20519726871849,19.43936630656691],[-99.20494516641553,19.439653376175578],[-99.20463454695654,19.43994050203247],[-99.20451982311165,19.440042393258206],[-99.20451934610622,19.440201093615308],[-99.20443650257242,19.440263381843092],[-99.20437951973895,19.440304687350963],[-99.20412729257013,19.440477039321035],[-99.20403761375532,19.44053567983026],[-99.20394605835989,19.440589002226197],[-99.20379468864124,19.44067077274323],[-99.20357417559521,19.44078100065664],[-99.20333122532828,19.44089479901379],[-99.20314013031114,19.44097883451606],[-99.20301864394875,19.44102774677719],[-99.20294434968147,19.44105488693002],[-99.20285649085345,19.44108158828206],[-99.20266582702766,19.441136789359668],[-99.2025499344745,19.44116973549512],[-99.20249805586853,19.44118354401798],[-99.20244337901048,19.441196024292296],[-99.2024003811494,19.44120449441056],[-99.20235177600433,19.441213425349076],[-99.2023031618761,19.441222346968907],[-99.20209967010804,19.441252953407194],[-99.20183015036997,19.441284953312923],[-99.20139076819484,19.44133333858814],[-99.20091169755213,19.441377215606124],[-99.20082562457483,19.441388979222715],[-99.20073578316502,19.441407019815824],[-99.2006190686534,19.441430429297498],[-99.20056678041567,19.44144128397689],[-99.20045915685468,19.44146296707357],[-99.20035701661028,19.44148237317581],[-99.20031021079075,19.44149095086036],[-99.20020900209923,19.44150452386347],[-99.19990110812888,19.441536049346375],[-99.19972443017372,19.441554782846666],[-99.1995477603034,19.441573524815794],[-99.1983996648613,19.441761866872852],[-99.19763136184994,19.44182041289047],[-99.19741983105838,19.44183755128151],[-99.1970103726637,19.44186916225617],[-99.19666542678114,19.441891893149723],[-99.19666247491709,19.44189209221658],[-99.19623878630999,19.441931865766385],[-99.19584807216197,19.441968030692284],[-99.19583225013486,19.441969008237038],[-99.19532218851317,19.44200030576192],[-99.19419331162827,19.44211491647243],[-99.19353795559418,19.442174205262067],[-99.19316748857437,19.44221037860483],[-99.19316744994684,19.442210387922863],[-99.19231614709481,19.44229387382925],[-99.19219626781843,19.44230231593628],[-99.19208210092896,19.442308950351357],[-99.19216329605425,19.442388366785014],[-99.19224450016269,19.442463565519038],[-99.19234408739506,19.44254176884483],[-99.19238405523868,19.442568843518675],[-99.19253234732919,19.44266540744673],[-99.19270027659175,19.44274600200617],[-99.19286773603541,19.442806750098136],[-99.19297652201634,19.442839521394554],[-99.19309971966932,19.442864895913427],[-99.19321350028324,19.442880167212664],[-99.19332729077858,19.442895429192557],[-99.19373984027621,19.44294324474495],[-99.19415238079065,19.442991068754235],[-99.19524219174052,19.443127171892005],[-99.19578527992361,19.443198585503005],[-99.19600305580299,19.443225558417062],[-99.19608805978508,19.443242087604887],[-99.19617305388566,19.44325862610895],[-99.19636071464348,19.443309723163892],[-99.19658980839712,19.4433831078617],[-99.19693741059801,19.4434949671122],[-99.19723554706778,19.44359961082407],[-99.19743644180632,19.443659553867036],[-99.1977813131287,19.443771610297325],[-99.19797025218915,19.443831582077568],[-99.19809535786385,19.443871617747764],[-99.19819369284471,19.44390570604246],[-99.19829203770713,19.44393978670617],[-99.19844185962852,19.443998093908363],[-99.19878107425957,19.444140165583157],[-99.19912365757295,19.44427900298034],[-99.19913350221012,19.44428321805276],[-99.19944907857285,19.444418538252535],[-99.19977513737655,19.44455982516406],[-99.2002483545969,19.444753538465925],[-99.20049447951001,19.44485637963246],[-99.20172702826697,19.44539526993955],[-99.20224225160825,19.44563309952758],[-99.20276215607048,19.445856559881197],[-99.2032939272777,19.446093994905336],[-99.20380232701612,19.446321220696863],[-99.20403212954052,19.446423600064314],[-99.20432882601088,19.446557037140035],[-99.2045391413818,19.44665019178733],[-99.20476370942308,19.446753031752085],[-99.20489867949783,19.44682475548837],[-99.20489851510617,19.446815625797935],[-99.20488985175356,19.446692242783783],[-99.20488500444426,19.44660162004792],[-99.20488496671504,19.446521199358244],[-99.20490526325057,19.44615739731071],[-99.20498425121521,19.44461855568275],[-99.20508344588382,19.442704921597937],[-99.20509868310764,19.44216092794982],[-99.20511294476108,19.441635681217385],[-99.20515901486047,19.44064347157724],[-99.205168444476,19.440425252681685],[-99.20517617807228,19.440358492670377],[-99.20518255970407,19.440291724160463],[-99.20519227318721,19.440229171648],[-99.20528813510614,19.440109883601814],[-99.20529883763443,19.44000193817482],[-99.20546176956911,19.43946520024618],[-99.20551364278518,19.43935208026605],[-99.20556550611977,19.439238950888882],[-99.20570177695512,19.43904143765716],[-99.20587479158051,19.43876166227162],[-99.20587182803843,19.43866813968673],[-99.20588289528273,19.43857504738]]]}},{"type":"Feature","properties":{"colonia":"Ampliacion Popo","alc":"Miguel Hidalgo","cve_alc":"016","cve_col":"016-009","clasif":"Colonia","entidad":"Ciudad de México","cve_ent":"09"},"geometry":{"type":"Polygon","coordinates":[[[-99.1977813131287,19.443771610297325],[-99.19743644180632,19.443659553867036],[-99.19723554706778,19.44359961082407],[-99.19693741059801,19.4434949671122],[-99.19658980839712,19.4433831078617],[-99.19636071464348,19.443309723163892],[-99.19634352538053,19.443431964337833],[-99.19608680304198,19.44520484151597],[-99.19608214168397,19.445221773710173],[-99.19607580406964,19.445236638191457],[-99.1960681621015,19.44525060815972],[-99.19605967302208,19.445264100376246],[-99.19603563230848,19.4452971176754],[-99.19599269732946,19.445348513953018],[-99.19665783332204,19.445400192290272],[-99.19701658181896,19.445431512024534],[-99.19706898953262,19.445437454251778],[-99.19712773755555,19.445445968196697],[-99.19721720796122,19.44546900692433],[-99.1973301953627,19.445505739448745],[-99.19750990333532,19.445570454201263],[-99.19753880034139,19.445394726964643],[-99.19766024448296,19.444591278051988],[-99.19775277185552,19.44396355583237],[-99.19776967545423,19.443849829934553],[-99.1977813131287,19.443771610297325]]]}},{"type":"Feature","properties":{"colonia":"Ampliacion Torre Blanca","alc":"Miguel Hidalgo","cve_alc":"016","cve_col":"016-010","clasif":"Colonia","entidad":"Ciudad de México","cve_ent":"09"},"geometry":{"type":"Polygon","coordinates":[[[-99.20187452175516,19.453173424458495],[-99.20068744032794,19.452822711325876],[-99.20011796503172,19.452654454337424],[-99.19984904267329,19.4525753563315],[-99.1994947866511,19.45281101968914],[-99.19911742595986,19.453056033120255],[-99.19913075875529,19.453076366186025],[-99.19914216825768,19.453098378918433],[-99.19915059804835,19.45311966997475],[-99.19915628528238,19.453139065365747],[-99.19916117391418,19.453165296319487],[-99.19916269116867,19.45318211841566],[-99.19916206953451,19.4532153484032],[-99.19915868468252,19.453238980645338],[-99.19915290132869,19.453262089417258],[-99.19913718170953,19.45330081240003],[-99.19911554937919,19.45333537389946],[-99.19909881646042,19.4533553596467],[-99.19908496713369,19.453369114616606],[-99.19906610161435,19.45338480336156],[-99.19905098476477,19.453395361626843],[-99.19903097569015,19.453406743207406],[-99.19900505480263,19.453418920150856],[-99.19898379706976,19.45342626477177],[-99.19896109304926,19.4534319847837],[-99.19893106686088,19.453436414764695],[-99.19890326849439,19.453437485413914],[-99.19887643042695,19.453435801513017],[-99.1988489060467,19.453431228383547],[-99.19882582832705,19.453425064526463],[-99.19880135013388,19.453415985182335],[-99.19877589996352,19.453403420297587],[-99.19874655469813,19.45338414606398],[-99.19872335031603,19.45336418488431],[-99.19870568674264,19.453345117322094],[-99.19870559152118,19.45334499026718],[-99.1985086143356,19.453474125502023],[-99.19831153204709,19.453603134426356],[-99.19791747257295,19.453861268010343],[-99.19694762803607,19.45449507001669],[-99.19706578075039,19.454528370885512],[-99.19718392448164,19.454561680217818],[-99.19752005339971,19.454640202124136],[-99.19812756875498,19.45477414743396],[-99.19861717214444,19.454883739815767],[-99.19889039833136,19.454947532652866],[-99.1990061040349,19.45497459339841],[-99.19920245060318,19.455021676103325],[-99.19909044326364,19.45535164005083],[-99.19885242025607,19.456053468814588],[-99.19851130299321,19.45702707951524],[-99.19896568254204,19.456966806840185],[-99.19898138149993,19.45696471810311],[-99.19944894652046,19.45690483841963],[-99.1996551440142,19.45687942713376],[-99.19969160663157,19.456876720921763],[-99.19972907895533,19.45687458305668],[-99.19977286374059,19.456874791422248],[-99.19978510687957,19.45687484309019],[-99.20006050698953,19.456890505238622],[-99.20033220424384,19.4569061038594],[-99.2003651266007,19.456906684911424],[-99.2003943443053,19.456907212601386],[-99.20070691490504,19.456931255107712],[-99.2010279584145,19.456955755845073],[-99.20117614360547,19.45591265607841],[-99.2012415256868,19.455400909658273],[-99.20131419310506,19.454897794502976],[-99.20137865890483,19.454421490445753],[-99.20139354848062,19.454329083951],[-99.20140160457211,19.45429271002294],[-99.20140966964675,19.45425634540396],[-99.2014563272443,19.454114060665002],[-99.20146386321116,19.454094979638516],[-99.20147140816125,19.454075907080128],[-99.20150208832317,19.454010325820462],[-99.20157717041296,19.453859909373485],[-99.20160153272342,19.45381496254277],[-99.20162588605076,19.45377000722923],[-99.20163155801349,19.4537612557054],[-99.20163722099306,19.45375249571077],[-99.20165516124754,19.453728473062135],[-99.20167806918566,19.45369653829058],[-99.20170921826809,19.453646975939566],[-99.20172219802566,19.45361914332668],[-99.20187452175516,19.453173424458495]]]}},{"type":"Feature","properties":{"colonia":"Anahuac I Seccion","alc":"Miguel Hidalgo","cve_alc":"016","cve_col":"016-011","clasif":"Colonia","entidad":"Ciudad de México","cve_ent":"09"},"geometry":{"type":"Polygon","coordinates":[[[-99.18542496932767,19.45193709054468],[-99.18520709912517,19.451669394184265],[-99.18427856900652,19.450566679949205],[-99.18427196099924,19.450558716006945],[-99.18344374125675,19.44959667449418],[-99.18338775555334,19.449519636724826],[-99.18328898309287,19.449393497759726],[-99.18233949168533,19.4482466286249],[-99.18147303605105,19.447197270647134],[-99.1813594898975,19.447052863746386],[-99.18045771250627,19.44592899809535],[-99.17971372149972,19.445092249875884],[-99.17964937158266,19.44501175220121],[-99.1795882870417,19.44493536365758],[-99.17933761755154,19.44462080552375],[-99.17907511545248,19.44429962938868],[-99.17884622292145,19.444023563966265],[-99.17861734027188,19.443747488756415],[-99.17792836388999,19.442912707239447],[-99.17872895235264,19.44301876680914],[-99.17874201295857,19.443020490631316],[-99.179216951351,19.443080145878625],[-99.17981739876163,19.443159251054382],[-99.17981867436932,19.443159413694936],[-99.18089912667057,19.4433019240471],[-99.1819795906499,19.44344621569359],[-99.1830437295456,19.443586647049646],[-99.18331795645575,19.44165882298415],[-99.18332308403936,19.441617844799197],[-99.18357653201872,19.439867314847646],[-99.18359333320944,19.439764922873543],[-99.18363869813132,19.439445575349573],[-99.18365043192556,19.439222498380147],[-99.18359746545975,19.438667623796853],[-99.18359371948502,19.438623756211847],[-99.18356475061375,19.43832803746817],[-99.18353566765643,19.43794544248088],[-99.18348835967862,19.43741746625433],[-99.18314348206799,19.437289796461545],[-99.18278182931775,19.43723927016307],[-99.1824458764695,19.437159393766866],[-99.18215845330779,19.437081779136506],[-99.18152715056378,19.436938851624078],[-99.18112400912219,19.436928291440946],[-99.18103001300412,19.436898355952703],[-99.18083586102004,19.43682434399631],[-99.18067216192412,19.436759349595956],[-99.18047420198161,19.43667450206261],[-99.18022104595477,19.436546313247657],[-99.17992885992548,19.436400077254046],[-99.17972137963756,19.436288139415037],[-99.17939517889997,19.436096402515258],[-99.17877717930702,19.437103191737723],[-99.17849867821275,19.437556910006265],[-99.17811334227837,19.438183395650498],[-99.17803395905501,19.438303146788037],[-99.17797640129983,19.438384545727608],[-99.17727732695583,19.43923683312188],[-99.17718455793641,19.439346606265765],[-99.17709498691944,19.43944968804762],[-99.17608601715864,19.44065762322016],[-99.17685255677708,19.441611927844942],[-99.17678526847075,19.44170417216338],[-99.1767255287077,19.44178600480373],[-99.17671584936053,19.441806765369545],[-99.17670831069866,19.44182808501442],[-99.17669935539361,19.441860846343452],[-99.17669583399768,19.44188104612427],[-99.17669230361865,19.441901237431672],[-99.17656433411481,19.442721821016512],[-99.17632978758742,19.444296644277482],[-99.17628984938818,19.444564871213665],[-99.17626470734,19.44471745971559],[-99.17598894970062,19.44656726379887],[-99.17596450205015,19.446724285664608],[-99.17583945656263,19.447526619446204],[-99.17569163608766,19.448475147401865],[-99.17568103506898,19.448544380025833],[-99.1755507146741,19.44939712738524],[-99.17549946758379,19.449732410400948],[-99.17657239739285,19.449981256303637],[-99.17757939355494,19.45021315067098],[-99.17842646264704,19.45040689788251],[-99.17910190231594,19.450558455963318],[-99.17983472187356,19.45071775591104],[-99.18060129203475,19.45088523986096],[-99.18128347625475,19.451032680855153],[-99.1815222538472,19.451086597815944],[-99.18175633864057,19.451139502540475],[-99.18183957473813,19.451159099764624],[-99.1818838634783,19.451169516718362],[-99.18205369627097,19.451209495520327],[-99.18266810799267,19.451347293475983],[-99.18304155202932,19.451433062545394],[-99.18305271000348,19.451435491017975],[-99.18342636334759,19.451517095978954],[-99.18410755313256,19.4516658450787],[-99.18479976794107,19.45180742976788],[-99.18542496932767,19.45193709054468]]]}},{"type":"Feature","properties":{"colonia":"Anahuac Ii Seccion","alc":"Miguel Hidalgo","cve_alc":"016","cve_col":"016-012","clasif":"Colonia","entidad":"Ciudad de México","cve_ent":"09"},"geometry":{"type":"Polygon","coordinates":[[[-99.17685255677708,19.441611927844942],[-99.17608601715864,19.44065762322016],[-99.17593478937381,19.440471605172387],[-99.17589034971672,19.440419639793067],[-99.1758367804814,19.440365363505954],[-99.17578260218826,19.44031224349375],[-99.17564745694197,19.440183473897786],[-99.17556101565548,19.44010321182437],[-99.17543097463663,19.43999044298936],[-99.17529256581088,19.439883796939736],[-99.17510842465235,19.439760230764247],[-99.1749955010313,19.439685170550135],[-99.17475870781732,19.439529847944435],[-99.17442086221875,19.439306967619554],[-99.17412708437477,19.439112060173052],[-99.17410493191986,19.439097369635114],[-99.1739527501242,19.43899400977802],[-99.17377682765223,19.438879110541393],[-99.17350047173483,19.438692599132132],[-99.17278765316698,19.438226047748593],[-99.17277281210022,19.438216078933575],[-99.17263782226247,19.439088663910823],[-99.17245158982593,19.438981701297426],[-99.17240015947928,19.43904774861032],[-99.17224860919929,19.43927760097838],[-99.17181922796821,19.43992897888829],[-99.17177148161254,19.4400272707821],[-99.17171540607754,19.440142674926097],[-99.17133439642957,19.440694413589174],[-99.17107903683534,19.441089542524228],[-99.17058476400312,19.441839353895848],[-99.17052509790193,19.441951028697016],[-99.17046542281759,19.44206269410317],[-99.17010395601864,19.442550064392524],[-99.16996867602505,19.442728985691843],[-99.16980829440747,19.44293554810821],[-99.16972200044465,19.443035005467287],[-99.16923463296202,19.443593956538024],[-99.16910100766516,19.44375102532888],[-99.16903509467947,19.443830624874064],[-99.16900526073063,19.44387803185719],[-99.16899124880881,19.44390934764974],[-99.16897679850915,19.44395462419824],[-99.16882594622011,19.44440368470834],[-99.16866261273852,19.44489921209897],[-99.16863025632031,19.44499057782476],[-99.1685872764255,19.445111064285147],[-99.16854084071186,19.44524075243702],[-99.16853115956803,19.44526771569382],[-99.16920909565512,19.445661710276642],[-99.16932629435865,19.44573677450357],[-99.16939748494657,19.44579859217586],[-99.16944785438287,19.445849366543516],[-99.16951799753524,19.445931565570156],[-99.16955605915382,19.44598691831806],[-99.16961885318881,19.44608138794705],[-99.16980978740747,19.446353953165513],[-99.17003314811302,19.446679667213512],[-99.1700529308122,19.446708526815993],[-99.17005564372437,19.446712472457772],[-99.1706658683985,19.447607045567185],[-99.1706661064521,19.4476073801571],[-99.17073945030175,19.44771521379604],[-99.17080754888849,19.447815308604817],[-99.17081304208644,19.44782337263509],[-99.17150066470722,19.448822109847782],[-99.17337433389588,19.4492495087174],[-99.17442505645283,19.44949357289818],[-99.17496153393374,19.449612960775983],[-99.17549946758379,19.449732410400948],[-99.1755507146741,19.44939712738524],[-99.17568103506898,19.448544380025833],[-99.17569163608766,19.448475147401865],[-99.17583945656263,19.447526619446204],[-99.17596450205015,19.446724285664608],[-99.17598894970062,19.44656726379887],[-99.17626470734,19.44471745971559],[-99.17628984938818,19.444564871213665],[-99.17632978758742,19.444296644277482],[-99.17656433411481,19.442721821016512],[-99.17669230361865,19.441901237431672],[-99.17669583399768,19.44188104612427],[-99.17669935539361,19.441860846343452],[-99.17670831069866,19.44182808501442],[-99.17671584936053,19.441806765369545],[-99.1767255287077,19.44178600480373],[-99.17678526847075,19.44170417216338],[-99.17685255677708,19.441611927844942]]]}},{"type":"Feature","properties":{"colonia":"Anzures","alc":"Miguel Hidalgo","cve_alc":"016","cve_col":"016-013","clasif":"Colonia","entidad":"Ciudad de México","cve_ent":"09"},"geometry":{"type":"Polygon","coordinates":[[[-99.18348835967862,19.43741746625433],[-99.1834644339493,19.43728481880225],[-99.18344956593305,19.437210720616058],[-99.18342865494985,19.437139232365926],[-99.18340884799618,19.437074787871236],[-99.18339344099073,19.43702391418726],[-99.18336757939204,19.43695555087573],[-99.18303139926998,19.43612117070082],[-99.18298419190349,19.436007045396273],[-99.18267704982298,19.435279286619117],[-99.18257238890591,19.43501390594146],[-99.18228731214374,19.434339828040102],[-99.18197746164267,19.433590070982458],[-99.1817279940984,19.432957589352366],[-99.18140442272967,19.43221541801265],[-99.18116193779008,19.43159354577718],[-99.18100667836627,19.43131158885986],[-99.18091767418623,19.43106466277973],[-99.18080392770831,19.430792473440896],[-99.18075252431116,19.43066652747568],[-99.18072118209085,19.430596403647836],[-99.1805558929769,19.430226612964553],[-99.18045263163502,19.429995616832848],[-99.18023916497404,19.429463362874408],[-99.1799740847101,19.42863555291738],[-99.17989748895907,19.42878690936844],[-99.17987078384233,19.428842256101408],[-99.17977328609132,19.429004946516095],[-99.17975185228863,19.429033112894952],[-99.17973253132348,19.42905628526136],[-99.1797107444829,19.429079122996384],[-99.17969352647386,19.4290957934058],[-99.17967104433725,19.42911262731515],[-99.17965100831314,19.42912679690617],[-99.17963507399664,19.429137606661527],[-99.17961622824025,19.429148642607615],[-99.17958796724146,19.42916187354296],[-99.1795694924893,19.429169314990517],[-99.17954524875638,19.429178148320418],[-99.17943012156792,19.429217951246496],[-99.17898489136027,19.42938235423869],[-99.17851752935901,19.429557366862902],[-99.17819339294994,19.429686507468496],[-99.17804455109055,19.429745978699188],[-99.17802736991239,19.429751650410577],[-99.17801019771741,19.429756645243874],[-99.17799850883895,19.42975914689625],[-99.17798824828184,19.429760628572428],[-99.1779749118931,19.429761171599573],[-99.17796307030099,19.4297605404682],[-99.17795476986778,19.42975947474561],[-99.17794886793638,19.42975851830628],[-99.17789103978826,19.42974227662603],[-99.17770004987403,19.429675448685735],[-99.17737109041026,19.429575696804097],[-99.17685734839081,19.429404138910392],[-99.17679766342503,19.429383364898488],[-99.17674848874807,19.42936892847505],[-99.17670122658431,19.42935810433351],[-99.17666040983275,19.429350900946055],[-99.17663511776593,19.429349114288954],[-99.1765909700613,19.429349603946516],[-99.1765506384,19.4293519090645],[-99.1765231957664,19.429353977825137],[-99.17640437380713,19.42936971463781],[-99.17559837299488,19.429492075590385],[-99.17555685196409,19.42949663753415],[-99.17550817315721,19.429500306573672],[-99.17541797331954,19.429506279881732],[-99.17511156246768,19.429514727736674],[-99.17487865536565,19.42952264865911],[-99.17484525420672,19.42952585599729],[-99.1748099396363,19.42953041794011],[-99.17477653847743,19.429536785175248],[-99.17473168559528,19.429547244180153],[-99.1747042528431,19.42955734060101],[-99.17462315473588,19.429594096210135],[-99.17427562889185,19.42976186033763],[-99.1738086540644,19.42955067770875],[-99.17371190101673,19.429708858847068],[-99.17354389719402,19.43001630774532],[-99.17352959152309,19.43004433755678],[-99.1730552163744,19.430973345975907],[-99.17253424291694,19.431946538703013],[-99.17245958123875,19.43208695628588],[-99.17237461049429,19.432234120397037],[-99.17231606189738,19.432324231854793],[-99.17223983804888,19.432441568722332],[-99.17230061626434,19.432427218979207],[-99.17236147981981,19.432413211480437],[-99.17242389566404,19.4324061929055],[-99.1724870930426,19.432407211170716],[-99.17254951876835,19.43241418061122],[-99.17261169745733,19.432425312061913],[-99.17267294279684,19.432441157858367],[-99.17273182826199,19.432462737958534],[-99.17278690666699,19.432491098580403],[-99.17283939522909,19.43252351446537],[-99.17294435438687,19.432588364005568],[-99.17331173120209,19.432815318132132],[-99.17350570531971,19.43294165804507],[-99.17381142806204,19.433138968606432],[-99.1742558956,19.43343416649283],[-99.1744459961821,19.43355194476366],[-99.17471733680522,19.43373075314482],[-99.17487616793063,19.433826382009823],[-99.17513051692013,19.434001244138148],[-99.17537390915822,19.434154091626375],[-99.17561075177947,19.434277049591465],[-99.17602257723493,19.43445238139261],[-99.17604098820671,19.434461572771962],[-99.17657907277368,19.434730022658258],[-99.17772515509124,19.435252970603006],[-99.17828733966068,19.435530606264084],[-99.17887791278969,19.43582615390098],[-99.17939517889997,19.436096402515258],[-99.17972137963756,19.436288139415037],[-99.17992885992548,19.436400077254046],[-99.18022104595477,19.436546313247657],[-99.18047420198161,19.43667450206261],[-99.18067216192412,19.436759349595956],[-99.18083586102004,19.43682434399631],[-99.18103001300412,19.436898355952703],[-99.18112400912219,19.436928291440946],[-99.18152715056378,19.436938851624078],[-99.18215845330779,19.437081779136506],[-99.1824458764695,19.437159393766866],[-99.18278182931775,19.43723927016307],[-99.18314348206799,19.437289796461545],[-99.18348835967862,19.43741746625433]]]}},{"type":"Feature","properties":{"colonia":"Anzures","alc":"Miguel Hidalgo","cve_alc":"016","cve_col":"016-014","clasif":"Colonia","entidad":"Ciudad de México","cve_ent":"09"},"geometry":{"type":"Polygon","coordinates":[[[-99.1799740847101,19.42863555291738],[-99.17967986758991,19.427910794809005],[-99.17920047984194,19.426730009873353],[-99.17919207340755,19.426709195702433],[-99.17843336979327,19.42487212133099],[-99.17807007582101,19.423923963795716],[-99.17804494275603,19.42386789866697],[-99.17800881521023,19.423796889135062],[-99.17794009498927,19.423702864869515],[-99.1776667717843,19.423571820110716],[-99.17756073015657,19.42377436835276],[-99.17740795457455,19.42400921955626],[-99.17725518797566,19.424244079739115],[-99.17703113377074,19.424594336984665],[-99.17675282311934,19.425089022580686],[-99.17664080050845,19.42527302247591],[-99.17618250250838,19.425986458833197],[-99.17576492783509,19.426636942915973],[-99.17565628019469,19.426792714993653],[-99.17528277597093,19.427315720687567],[-99.17527206805275,19.42733192957086],[-99.17482613087098,19.428006568577306],[-99.1746088436751,19.428334239106686],[-99.17445267066464,19.4285731238363],[-99.17428631345385,19.428829770641887],[-99.17402149010807,19.429231686235703],[-99.17393492215909,19.429367265503295],[-99.1738706171578,19.4294578656674],[-99.1738086540644,19.42955067770875],[-99.17427562889185,19.42976186033763],[-99.17462315473588,19.429594096210135],[-99.1747042528431,19.42955734060101],[-99.17473168559528,19.429547244180153],[-99.17477653847743,19.429536785175248],[-99.1748099396363,19.42953041794011],[-99.17484525420672,19.42952585599729],[-99.17487865536565,19.42952264865911],[-99.17511156246768,19.429514727736674],[-99.17541797331954,19.429506279881732],[-99.17550817315721,19.429500306573672],[-99.17555685196409,19.42949663753415],[-99.17559837299488,19.429492075590385],[-99.17640437380713,19.42936971463781],[-99.1765231957664,19.429353977825137],[-99.1765506384,19.4293519090645],[-99.1765909700613,19.429349603946516],[-99.17663511776593,19.429349114288954],[-99.17666040983275,19.429350900946055],[-99.17670122658431,19.42935810433351],[-99.17674848874807,19.42936892847505],[-99.17679766342503,19.429383364898488],[-99.17685734839081,19.429404138910392],[-99.17737109041026,19.429575696804097],[-99.17770004987403,19.429675448685735],[-99.17789103978826,19.42974227662603],[-99.17794886793638,19.42975851830628],[-99.17795476986778,19.42975947474561],[-99.17796307030099,19.4297605404682],[-99.1779749118931,19.429761171599573],[-99.17798824828184,19.429760628572428],[-99.17799850883895,19.42975914689625],[-99.17801019771741,19.429756645243874],[-99.17802736991239,19.429751650410577],[-99.17804455109055,19.429745978699188],[-99.17819339294994,19.429686507468496],[-99.17851752935901,19.429557366862902],[-99.17898489136027,19.42938235423869],[-99.17943012156792,19.429217951246496],[-99.17954524875638,19.429178148320418],[-99.1795694924893,19.429169314990517],[-99.17958796724146,19.42916187354296],[-99.17961622824025,19.429148642607615],[-99.17963507399664,19.429137606661527],[-99.17965100831314,19.42912679690617],[-99.17967104433725,19.42911262731515],[-99.17969352647386,19.4290957934058],[-99.1797107444829,19.429079122996384],[-99.17973253132348,19.42905628526136],[-99.17975185228863,19.429033112894952],[-99.17977328609132,19.429004946516095],[-99.17987078384233,19.428842256101408],[-99.17989748895907,19.42878690936844],[-99.1799740847101,19.42863555291738]]]}},{"type":"Feature","properties":{"colonia":"Argentina Antigua","alc":"Miguel Hidalgo","cve_alc":"016","cve_col":"016-015","clasif":"Colonia","entidad":"Ciudad de México","cve_ent":"09"},"geometry":{"type":"Polygon","coordinates":[[[-99.20996817897166,19.455634835058447],[-99.20992597522131,19.455561765911476],[-99.20982633319166,19.455373317053628],[-99.20984973250818,19.455295292704648],[-99.2097738015105,19.45527138209147],[-99.2092702984887,19.455120257854986],[-99.20873519273516,19.454981483943723],[-99.2085128399394,19.454923996373495],[-99.20789548533682,19.45477127940493],[-99.20762071314928,19.45470388748481],[-99.20750140789639,19.454680020829777],[-99.20706757551311,19.4545930964388],[-99.20695821011886,19.454570933985305],[-99.20686330670232,19.454549617708764],[-99.20648592624808,19.454448908724615],[-99.2061880934089,19.4543686791176],[-99.20569636819879,19.454235522056603],[-99.2053286697867,19.454126663611007],[-99.20492723694075,19.453999588871934],[-99.20492531364772,19.4539989747754],[-99.20477136935749,19.453951257348105],[-99.20471203473464,19.453932857314737],[-99.20467671297767,19.453925261995785],[-99.20464138133926,19.453917675146805],[-99.20424889301859,19.453847395344937],[-99.20417765032832,19.453837151357398],[-99.20406831637507,19.45382008961951],[-99.20400471834789,19.45381040467055],[-99.20395608715167,19.45379982271536],[-99.20392547795674,19.453793010893726],[-99.20391894630627,19.453791504025872],[-99.20387262827191,19.453780767909873],[-99.20372810281742,19.453747305951655],[-99.20361641437984,19.453718414566872],[-99.20361390089367,19.453717755576616],[-99.20326640918557,19.45361836151639],[-99.20286090517476,19.453491544724056],[-99.20275587055845,19.45346050267807],[-99.20230813405121,19.453328420603842],[-99.20227287787125,19.45331477405074],[-99.20222889904989,19.453292650386132],[-99.20222796659863,19.45329223533975],[-99.20220758112988,19.45328334487663],[-99.20218627309131,19.453274038519577],[-99.20214603754972,19.453257034320806],[-99.20187452175516,19.453173424458495],[-99.20172219802566,19.45361914332668],[-99.20170921826809,19.453646975939566],[-99.20167806918566,19.45369653829058],[-99.20165516124754,19.453728473062135],[-99.20163722099306,19.45375249571077],[-99.20163155801349,19.4537612557054],[-99.20162588605076,19.45377000722923],[-99.20160153272342,19.45381496254277],[-99.20157717041296,19.453859909373485],[-99.20150208832317,19.454010325820462],[-99.20147140816125,19.454075907080128],[-99.20146386321116,19.454094979638516],[-99.2014563272443,19.454114060665002],[-99.20140966964675,19.45425634540396],[-99.20140160457211,19.45429271002294],[-99.20139354848062,19.454329083951],[-99.20137865890483,19.454421490445753],[-99.20131419310506,19.454897794502976],[-99.2012415256868,19.455400909658273],[-99.20117614360547,19.45591265607841],[-99.2010279584145,19.456955755845073],[-99.20070691490504,19.456931255107712],[-99.2003943443053,19.456907212601386],[-99.2003651266007,19.456906684911424],[-99.20033220424384,19.4569061038594],[-99.20006050698953,19.456890505238622],[-99.19978510687957,19.45687484309019],[-99.19977286374059,19.456874791422248],[-99.19972907895533,19.45687458305668],[-99.19969160663157,19.456876720921763],[-99.1996551440142,19.45687942713376],[-99.19944894652046,19.45690483841963],[-99.19898138149993,19.45696471810311],[-99.19896568254204,19.456966806840185],[-99.19851130299321,19.45702707951524],[-99.19843899849432,19.457237164242827],[-99.19836670297856,19.457447258015353],[-99.1982220912858,19.457867435426866],[-99.19792949203145,19.458732659288245],[-99.19826881895199,19.458663919734626],[-99.1988067957211,19.45856780153616],[-99.19922559030655,19.458499235548906],[-99.19925129470009,19.458494995435537],[-99.19948350920103,19.458446002892167],[-99.20015286817379,19.458303958143656],[-99.2006586133905,19.458197681567494],[-99.20075027299055,19.45817978513842],[-99.20081550595148,19.45817122188831],[-99.20084622833423,19.45816844370223],[-99.20089169656237,19.45816456186468],[-99.20093113080668,19.45816289241191],[-99.20098056958835,19.458160183680352],[-99.2010266594506,19.458162125022714],[-99.20109747364447,19.458166762391386],[-99.20133318888007,19.458198854673256],[-99.20153982026004,19.458236036617567],[-99.20157224674688,19.458142977558715],[-99.20158330500797,19.458125168365665],[-99.20159395633235,19.458112217609813],[-99.20160673037564,19.458100467063876],[-99.20162612051105,19.458087505295058],[-99.2016493383679,19.458074534208105],[-99.20167065269467,19.458065617749817],[-99.20169963144738,19.458056275245873],[-99.20200334376013,19.457966151817132],[-99.20230704708972,19.457876019868248],[-99.20302943361364,19.457664405420175],[-99.2037530562194,19.457454007004696],[-99.20431720989593,19.457288725293473],[-99.2045052641158,19.457233640669394],[-99.20501109916408,19.45708780108508],[-99.2051797138412,19.45703919350793],[-99.2055073842226,19.456942973551815],[-99.20556972909992,19.456924467133955],[-99.20575677361347,19.45686897412505],[-99.2061972616147,19.456739534973348],[-99.20654740694616,19.456636201599526],[-99.20689754239615,19.4565328588427],[-99.20759782138087,19.456326188377776],[-99.208674879847,19.456016642117994],[-99.20906293947331,19.455903858931073],[-99.20972938071797,19.45571096869362],[-99.20996817897166,19.455634835058447]]]}},{"type":"Feature","properties":{"colonia":"Argentina Poniente","alc":"Miguel Hidalgo","cve_alc":"016","cve_col":"016-016","clasif":"Colonia","entidad":"Ciudad de México","cve_ent":"09"},"geometry":{"type":"Polygon","coordinates":[[[-99.21486585229114,19.456521300454998],[-99.21465220686545,19.45646178651915],[-99.21333946640144,19.456025088593286],[-99.21280100005043,19.455843841638746],[-99.21253175789184,19.455753222320606],[-99.21226252561466,19.45566259278763],[-99.21194097545533,19.455559732212688],[-99.21185969409177,19.455537195507738],[-99.21178312618856,19.455517674197385],[-99.21170656816676,19.455498143567308],[-99.21158543304563,19.45547199515194],[-99.2114289114889,19.455445883154226],[-99.21127068762458,19.455424638142492],[-99.21125448381352,19.455423540401576],[-99.21123827012094,19.45542245197789],[-99.21120586249874,19.455420256496105],[-99.2111730263802,19.45541919009496],[-99.21114020014309,19.45541811437655],[-99.21108561042155,19.4554175680472],[-99.21101525436855,19.45541805508499],[-99.21095471600322,19.455421157727823],[-99.21089758584607,19.4554281066987],[-99.2108651800205,19.455433397199723],[-99.21076500259495,19.455450903454594],[-99.21064946936795,19.45547288283096],[-99.21053991622578,19.45549849084636],[-99.21046724251931,19.4555155659601],[-99.21039455893141,19.455532631754775],[-99.21024920163696,19.455566781973257],[-99.20996817897166,19.455634835058447],[-99.20972938071797,19.45571096869362],[-99.20906293947331,19.455903858931073],[-99.208674879847,19.456016642117994],[-99.20759782138087,19.456326188377776],[-99.20689754239615,19.4565328588427],[-99.20654740694616,19.456636201599526],[-99.2061972616147,19.456739534973348],[-99.20575677361347,19.45686897412505],[-99.20556972909992,19.456924467133955],[-99.2055073842226,19.456942973551815],[-99.2051797138412,19.45703919350793],[-99.20501109916408,19.45708780108508],[-99.2045052641158,19.457233640669394],[-99.20431720989593,19.457288725293473],[-99.2037530562194,19.457454007004696],[-99.20302943361364,19.457664405420175],[-99.20230704708972,19.457876019868248],[-99.20200334376013,19.457966151817132],[-99.20169963144738,19.458056275245873],[-99.20167065269467,19.458065617749817],[-99.2016493383679,19.458074534208105],[-99.20162612051105,19.458087505295058],[-99.20160673037564,19.458100467063876],[-99.20159395633235,19.458112217609813],[-99.20158330500797,19.458125168365665],[-99.20157224674688,19.458142977558715],[-99.20153982026004,19.458236036617567],[-99.20133318888007,19.458198854673256],[-99.20109747364447,19.458166762391386],[-99.2010266594506,19.458162125022714],[-99.20098056958835,19.458160183680352],[-99.20093113080668,19.45816289241191],[-99.20089169656237,19.45816456186468],[-99.20084622833423,19.45816844370223],[-99.20081550595148,19.45817122188831],[-99.20075027299055,19.45817978513842],[-99.2006586133905,19.458197681567494],[-99.20015286817379,19.458303958143656],[-99.19948350920103,19.458446002892167],[-99.19925129470009,19.458494995435537],[-99.19922559030655,19.458499235548906],[-99.1988067957211,19.45856780153616],[-99.19879423188354,19.458630904308755],[-99.1987793467993,19.458705720291523],[-99.19836011473429,19.461243901300676],[-99.19839054336792,19.461243733596312],[-99.19842019046722,19.46124354810513],[-99.1984209711032,19.461243565891913],[-99.19856753303843,19.46124806426579],[-99.19856287078214,19.461361399362364],[-99.19857423986036,19.461364729732086],[-99.19907948471548,19.461323057756353],[-99.1990801836048,19.46131869659714],[-99.19914498537446,19.461312455116545],[-99.20006190925967,19.461229551563356],[-99.2000604593788,19.461239408008627],[-99.20067019087786,19.461182767954817],[-99.20160574312717,19.461108474015255],[-99.20219900401554,19.46110770918105],[-99.20166141442023,19.462911427508832],[-99.20284270890032,19.463321804743067],[-99.20458554655278,19.463929948697377],[-99.20612471816392,19.464461899050246],[-99.2077905019245,19.465046830848806],[-99.20843955178526,19.46527262073092],[-99.20844582651753,19.465274794905064],[-99.20848484663857,19.465288610692877],[-99.20850817498815,19.46529685002429],[-99.20852504984076,19.465237041175467],[-99.2086143486682,19.465058833289117],[-99.20864504859301,19.465004059602503],[-99.20871201979409,19.464932572587458],[-99.20872604069905,19.464919250554413],[-99.20877532856376,19.46487750326462],[-99.20884758096038,19.464832228321075],[-99.20891220216869,19.464806333808763],[-99.2089649144112,19.464786907628252],[-99.20902275064415,19.46477555225565],[-99.2090760566731,19.464771187801343],[-99.20912596527367,19.46476951418179],[-99.20919175519009,19.464773472088805],[-99.20922238414803,19.464775858012956],[-99.20926152643989,19.46478307253263],[-99.20935004103814,19.464813094349445],[-99.21000092885195,19.46510981675878],[-99.21030678454498,19.46524125570321],[-99.2103845211564,19.465269130363918],[-99.21044528679546,19.465280357809473],[-99.2104801710729,19.4652808549813],[-99.21050710526009,19.465280289204806],[-99.21052709906331,19.465279056015262],[-99.21056055501947,19.46527551737118],[-99.21061243182878,19.465265309678372],[-99.21065126510018,19.465256857755577],[-99.21068784180368,19.465247403865785],[-99.21074431529232,19.465229447232893],[-99.21079108697586,19.465213525869782],[-99.2108296327864,19.46519707260713],[-99.21086901492845,19.465175779748606],[-99.21089820209038,19.465159338339724],[-99.2109204380886,19.465142230362627],[-99.2109452235056,19.46511598355965],[-99.21097594768494,19.465082321514032],[-99.21099490662901,19.46505782793334],[-99.21102547360319,19.465006421808084],[-99.21106521147806,19.46492778041624],[-99.2112031971973,19.464712284173558],[-99.21134119100138,19.46449679696104],[-99.21172933506932,19.463899011980853],[-99.21183303838234,19.463735590028588],[-99.21193675157681,19.46357217722852],[-99.21205782471422,19.463388434187213],[-99.21241600996746,19.462818792084036],[-99.21265211327527,19.462437743845882],[-99.21358545746556,19.460994057131664],[-99.21372973857831,19.460780236944203],[-99.21379740148215,19.460678118194622],[-99.21386150615915,19.460555204795742],[-99.21388191318742,19.460503386449965],[-99.21391026581445,19.460437541832537],[-99.21392783596308,19.460388964904254],[-99.21395274624592,19.460304781913763],[-99.21398547905821,19.46010838186969],[-99.21400236828386,19.459975656408194],[-99.21401924762806,19.45984292152116],[-99.21404739094758,19.45961308473273],[-99.21407552438566,19.459383239148476],[-99.21408791395004,19.45929475201814],[-99.2141743453551,19.458979043543366],[-99.21425251495452,19.458671437754102],[-99.21435245432647,19.45838551560482],[-99.21456702411865,19.457884958359205],[-99.2150791536621,19.456670679380704],[-99.21511366064716,19.456590322126285],[-99.21486585229114,19.456521300454998]]]}},{"type":"Feature","properties":{"colonia":"Bosque De Chapultepec I Seccion","alc":"Miguel Hidalgo","cve_alc":"016","cve_col":"016-017","clasif":"Colonia","entidad":"Ciudad de México","cve_ent":"09"},"geometry":{"type":"Polygon","coordinates":[[[-99.20338565155639,19.42772892174842],[-99.2033663090317,19.42755649864041],[-99.2033683320377,19.427534871294096],[-99.20336842186926,19.427512793251655],[-99.20336852158225,19.427490723677902],[-99.20336751277418,19.427447931518966],[-99.20336341376152,19.42741964117855],[-99.20336131709367,19.427411207616625],[-99.20335287831986,19.427384326958475],[-99.20334652453587,19.42736588917958],[-99.20333742999193,19.427345745200512],[-99.20333002158578,19.427333077484636],[-99.2033210519077,19.427319842164593],[-99.203306236892,19.42730287760532],[-99.20327780790822,19.427275287848683],[-99.20324961877456,19.427255625897764],[-99.20321176736182,19.427232914134603],[-99.20315629459638,19.42720178150296],[-99.2031554097558,19.427201275742693],[-99.20310527837304,19.427177184779726],[-99.2030566426853,19.427155441320735],[-99.20296284599316,19.42711591830256],[-99.2029023974594,19.42709483562812],[-99.20282736657366,19.42707375718672],[-99.20273148938337,19.427050713307402],[-99.20264741695424,19.427033591146337],[-99.20257377755883,19.427021080979813],[-99.2024844993926,19.427012863425592],[-99.20241154720837,19.427008263289384],[-99.2023351311204,19.427006301242297],[-99.20225662195784,19.42701009995526],[-99.20223868888984,19.42701111486558],[-99.2018290131028,19.42647750581688],[-99.20162284884681,19.42621056635813],[-99.20138622810939,19.42590939037522],[-99.20120832395392,19.42567900739119],[-99.20084715629389,19.425211197836283],[-99.20068226693026,19.424986843250384],[-99.20043418189317,19.424649259860185],[-99.19991023591045,19.424006820324834],[-99.19977263826344,19.423829542272934],[-99.19952456400614,19.423528375431395],[-99.19934562768641,19.423300689912697],[-99.19929351102688,19.423237426840732],[-99.19927162357496,19.423212381353625],[-99.19924904082706,19.423188654938215],[-99.1991993541104,19.423141536737447],[-99.1991630451049,19.42311019999597],[-99.19910346793696,19.4230594981538],[-99.19899785480565,19.42297910562206],[-99.19889919373628,19.42291815271721],[-99.19884499927349,19.422888833097083],[-99.19881338486373,19.422871040368328],[-99.19876058099298,19.42284633454888],[-99.19872340780826,19.42282920262561],[-99.19868138102595,19.42281108711011],[-99.19861398492176,19.422784730950337],[-99.19856465663288,19.422766950918202],[-99.1985264476906,19.422755254575378],[-99.19848822886685,19.42274356755088],[-99.19836630143165,19.422713266002475],[-99.19831714561928,19.422702565107556],[-99.19821415197532,19.422680007744397],[-99.19816031324544,19.42266815212293],[-99.1980296964065,19.422644444266375],[-99.19794250412833,19.422626011032747],[-99.19785532173177,19.422607568477844],[-99.19771219675074,19.422577929409577],[-99.19763160978498,19.422556198890103],[-99.1976153035659,19.422550955607623],[-99.1975044640363,19.422515350588977],[-99.1974078933466,19.422483075882752],[-99.19728838956605,19.42243431646185],[-99.1971619462999,19.42237633870057],[-99.19706050763969,19.422324288742157],[-99.19696045867323,19.422267614775237],[-99.19686735817548,19.422210290142257],[-99.1967645190418,19.42214439779684],[-99.1966738538768,19.422082782918547],[-99.19659221318717,19.422023812964774],[-99.19650848750773,19.421959886040383],[-99.19644386629945,19.421901237976886],[-99.19636222111822,19.421815565983614],[-99.19630871656156,19.42175757529363],[-99.1962493100735,19.421690356899294],[-99.19618434121723,19.42160632581877],[-99.19615341761187,19.421561848725524],[-99.19612440831641,19.42152164319861],[-99.19609538913946,19.421481446980845],[-99.19603215942156,19.421382588100126],[-99.19595363049606,19.42126000076791],[-99.19591436513501,19.421196409034685],[-99.1958751096554,19.42113280880452],[-99.19582090531114,19.42104251746262],[-99.19576392157943,19.420946628605705],[-99.19570125330856,19.420841566181256],[-99.19563257800337,19.420730788455508],[-99.19560895500638,19.42068564267906],[-99.19557872400216,19.42062798199548],[-99.19553029492684,19.420518880741607],[-99.19550331672222,19.420449697166934],[-99.19548524261873,19.420398952134484],[-99.19545812787017,19.420307997870044],[-99.1954407544526,19.420238135593802],[-99.19543032321549,19.420192662658973],[-99.19540528267694,19.42004107115033],[-99.19539763262404,19.419945499405312],[-99.19539725263667,19.419788956581492],[-99.19540088632193,19.419721068078072],[-99.19540798121608,19.419576723158343],[-99.19541386877444,19.41944358500497],[-99.19541971680698,19.419303321700376],[-99.19542362178346,19.419154100707328],[-99.1954248102546,19.41909256179165],[-99.1954273318256,19.419034877668043],[-99.19542805856267,19.418947602931883],[-99.19542472581301,19.418827784997326],[-99.1954242874351,19.418770842091515],[-99.19542308099767,19.418730008935977],[-99.19541739915351,19.41867824162645],[-99.19541171910595,19.41863741776692],[-99.19540783029909,19.41860665372099],[-99.19540184572269,19.41856553162395],[-99.1953934716276,19.418524410363755],[-99.19538181149522,19.41846760544775],[-99.19537374372565,19.418433292384908],[-99.19536657157644,19.418407106652726],[-99.19535939044404,19.418380930235585],[-99.19534504704389,19.41833063527595],[-99.19533563898796,19.41830416147372],[-99.19532039278091,19.418261560060753],[-99.19530321339946,19.418214083753217],[-99.19529424282301,19.418188936673122],[-99.195283492684,19.418164683402786],[-99.19526107971767,19.41812296898931],[-99.19524106525314,19.418080964816966],[-99.1952111872868,19.418022680504283],[-99.19519654384933,19.417996360845546],[-99.19518190939507,19.417970031863092],[-99.19514814711341,19.417908497582395],[-99.19511647071987,19.41785081049684],[-99.19508748747553,19.41779431458022],[-99.19506912052124,19.417758955907317],[-99.1950507445838,19.41772360654607],[-99.19500264339358,19.417632203452538],[-99.19495782644407,19.417544936435444],[-99.19489956530802,19.417433109298074],[-99.19455986109507,19.416805678610793],[-99.19440180880903,19.41649801578435],[-99.19428182353147,19.416269313910817],[-99.19421650882381,19.41614673373584],[-99.1940907258194,19.41591079010693],[-99.19400456121402,19.415751957572528],[-99.19389304345636,19.415553703261985],[-99.19371512672441,19.4152314953297],[-99.19365916168222,19.415116995276676],[-99.19363380673327,19.415065862240986],[-99.19359551963758,19.41497262424022],[-99.19356009906595,19.414892064192138],[-99.19351603759957,19.414759890590577],[-99.19348727534079,19.414646722058734],[-99.19346903415065,19.41456070480564],[-99.19344887865064,19.414467455500954],[-99.19343445350376,19.41437418750364],[-99.19342576859164,19.414289975568064],[-99.19342183127569,19.414189463589278],[-99.19342319312172,19.414135572503344],[-99.1934245639508,19.41408168987188],[-99.193429200156,19.413968941098183],[-99.1934471323257,19.413797531939082],[-99.19345218984077,19.413761592037762],[-99.1935029760953,19.41340036847512],[-99.19352636283543,19.413236317016736],[-99.19363306202993,19.412507565785223],[-99.19380408598867,19.41133922521293],[-99.19382604979737,19.411150324280865],[-99.19387039513136,19.41087287148229],[-99.19386769210071,19.41087436180323],[-99.19364640740181,19.411010241910684],[-99.19348856981314,19.411100266856998],[-99.19337314887557,19.41116423363679],[-99.19292102769138,19.411410130891916],[-99.1926286754737,19.411569371806877],[-99.1922633468173,19.411767179392],[-99.19203346254626,19.411886515362287],[-99.19175301300609,19.412023557049164],[-99.19153145342274,19.412124045796872],[-99.1913813197859,19.41219137574784],[-99.19083129211725,19.4124406401018],[-99.19031637240653,19.412673066768363],[-99.19015660703319,19.412749417956046],[-99.1898417502211,19.41291298358767],[-99.18982994905318,19.412919114245476],[-99.18914113167313,19.41326943656505],[-99.18846636843564,19.41362223800233],[-99.18804930310716,19.41383936777062],[-99.18712186084822,19.414328582453887],[-99.18692680336237,19.414431165839048],[-99.1864305084224,19.414671887478708],[-99.18581891202082,19.41500348725281],[-99.18569104402664,19.41505543195715],[-99.1855631850156,19.415107385964514],[-99.18516118263778,19.415271239824158],[-99.18501489738361,19.415331204336134],[-99.18417480550636,19.415656708641805],[-99.18332590564768,19.41598176750087],[-99.18303089621342,19.416098759488193],[-99.1829646625292,19.416122333590476],[-99.18289841896352,19.416145898369766],[-99.18274975137724,19.416196145713485],[-99.18265296509196,19.416218972547615],[-99.18254928693176,19.416243362511867],[-99.1823942592733,19.41627107105872],[-99.18224891096199,19.416295509307062],[-99.18098342637343,19.41651476119296],[-99.1808299995128,19.416561485660957],[-99.18082553488588,19.41656312927755],[-99.1803780454153,19.416709918574043],[-99.1802458987454,19.417088418965665],[-99.1795759334099,19.418725390773734],[-99.17935923371219,19.419236917307945],[-99.17918196017402,19.419543144013087],[-99.17904510273885,19.41973528423735],[-99.17889052333966,19.419952699820985],[-99.17888101557074,19.419966083155188],[-99.1788698890376,19.419981723448373],[-99.17881147159467,19.420051158842714],[-99.17874610388638,19.420113370077463],[-99.17867997530504,19.420164014381488],[-99.17860143380315,19.420217856872455],[-99.17856399022551,19.42024131007412],[-99.17852653766464,19.420264753953173],[-99.1784644236543,19.4202960378693],[-99.17822140960702,19.42039859715556],[-99.17806510544257,19.420475967290653],[-99.17794973750557,19.420533061248612],[-99.17793551897125,19.41972266930217],[-99.17793991712287,19.419596863017198],[-99.17794686110004,19.419536208755922],[-99.1779558712023,19.419477115879825],[-99.17797182797669,19.4194034848553],[-99.17777330838373,19.419297847024414],[-99.17773347438911,19.419303285270278],[-99.17771209718028,19.419308686238704],[-99.17768940573623,19.419316579700855],[-99.17766324140527,19.419330686605406],[-99.17764143659835,19.419351411070068],[-99.1774737247281,19.419643079968203],[-99.17738312154687,19.41980052266775],[-99.17726810574945,19.41999525080548],[-99.17725111681081,19.420018044064914],[-99.1772441404943,19.42002715577632],[-99.17723062623915,19.420043319637454],[-99.17722104121509,19.42005327177652],[-99.17716828495507,19.420104248204424],[-99.17714386245746,19.420126219658346],[-99.17711333860241,19.420149022218684],[-99.17708542255663,19.420163128203754],[-99.1769946864247,19.420198829472127],[-99.17684197821629,19.420246597485892],[-99.17671177011081,19.42028632719875],[-99.17666091468597,19.420301843769067],[-99.17659024332423,19.420327997849512],[-99.17655665441744,19.420343766035764],[-99.1765003929312,19.420378606504077],[-99.17642102408091,19.420439969561375],[-99.17637691680049,19.420488951548386],[-99.17409330322852,19.420986785984418],[-99.17422958574191,19.421166047893674],[-99.17435509296357,19.42133113594675],[-99.17579660063532,19.421009302917078],[-99.1758111371733,19.42106989901882],[-99.17609060036321,19.42101398540169],[-99.17612815982356,19.421015978867615],[-99.17615501675559,19.421020333484872],[-99.17617886253487,19.42102838105458],[-99.17624717581896,19.42106927971446],[-99.1762849706379,19.421104813885105],[-99.17631497347003,19.421149897699387],[-99.17632576762652,19.42117960480426],[-99.17633718072223,19.421243889554102],[-99.17632682045203,19.421309868679238],[-99.1763084930236,19.421352065178727],[-99.17566903627177,19.422494701080865],[-99.17571912543369,19.422519931366853],[-99.17560507352854,19.422664549857345],[-99.17553959802248,19.422700744489763],[-99.1755058366391,19.422709712875072],[-99.17547105656628,19.42271526791943],[-99.17544307224854,19.4227158202892],[-99.17541467919733,19.422713871745422],[-99.17538115496927,19.422706675688183],[-99.1753629640848,19.422701213834703],[-99.17534020526702,19.422690722195714],[-99.17526881435478,19.42263753879339],[-99.17521682256105,19.42259766563244],[-99.1751683054509,19.422569638772035],[-99.17501536008724,19.42250662533762],[-99.17512743839366,19.422658079842495],[-99.17541035560589,19.423062491280163],[-99.17533945966537,19.423186619986684],[-99.17539340798977,19.423193553393556],[-99.17541745768652,19.42319467592103],[-99.17543448255782,19.423194347211126],[-99.17553429077573,19.423191760738565],[-99.17560992263445,19.42319006805197],[-99.17566787564841,19.42334712014925],[-99.1757537321317,19.42333897103158],[-99.17585575110357,19.4233388761464],[-99.1758897505404,19.423338838022882],[-99.1759866679798,19.423341162711445],[-99.1761252483837,19.42334909325399],[-99.17620942052582,19.423358696148572],[-99.17672298557716,19.42343642577691],[-99.1770851961812,19.42349415154479],[-99.17740999824184,19.423537386130487],[-99.1776667717843,19.423571820110716],[-99.17794009498927,19.423702864869515],[-99.17800881521023,19.423796889135062],[-99.17804494275603,19.42386789866697],[-99.17807007582101,19.423923963795716],[-99.17843336979327,19.42487212133099],[-99.17919207340755,19.426709195702433],[-99.17920047984194,19.426730009873353],[-99.17967986758991,19.427910794809005],[-99.1799740847101,19.42863555291738],[-99.18000991671018,19.428558877105214],[-99.18003450809108,19.428506203921323],[-99.1800603283673,19.428453024964075],[-99.18006894141422,19.42843751933802],[-99.18008439872536,19.42841368863745],[-99.1800995029985,19.428391681029005],[-99.18015448708039,19.428320964051565],[-99.18017187576935,19.428298758194174],[-99.1801904735907,19.4282779154206],[-99.18020739695233,19.428259104990936],[-99.180253168811,19.428217400793258],[-99.18027843931829,19.428197451767673],[-99.18031181981593,19.428173194908158],[-99.18034568630215,19.428150752671637],[-99.1803721560603,19.428136230574996],[-99.18040578449298,19.428119441464123],[-99.18043679613316,19.42810673399176],[-99.18048188527226,19.42809310480307],[-99.1805243468391,19.42808265417622],[-99.18055734824767,19.428076104743567],[-99.18057254953892,19.42807309646055],[-99.18063266928928,19.42806261702885],[-99.18069710095307,19.428056219238062],[-99.18074243892544,19.428054363946472],[-99.18081402926367,19.4280574560991],[-99.18086129052908,19.428061940144005],[-99.18093159717483,19.428074242674903],[-99.18097234745103,19.428083747866214],[-99.18101357383442,19.428095293877234],[-99.18105177379357,19.428108618933614],[-99.18108424429778,19.428122621720636],[-99.1811296119146,19.4281443082902],[-99.1811678702642,19.428166149040752],[-99.18122034984312,19.428199004619962],[-99.18125379142623,19.428222515971125],[-99.18130681448585,19.428266839598564],[-99.18133309829275,19.428291714873797],[-99.18135723063452,19.42831886647414],[-99.18137443337221,19.428340581820954],[-99.18138710410932,19.428359127926246],[-99.18139953769119,19.42837972416481],[-99.18146578035855,19.42850553381559],[-99.18155474950424,19.428679777314237],[-99.18161358646044,19.428797441277435],[-99.18168150538412,19.428932306751154],[-99.18169537716875,19.428958556018667],[-99.18171880612965,19.428995666723324],[-99.18174715696001,19.42903713012772],[-99.18177329883314,19.429073491925248],[-99.181811064906,19.429122358637326],[-99.18183734871285,19.429154476147307],[-99.1818698407767,19.429192480560157],[-99.18189039333207,19.429214647326102],[-99.18192670143922,19.42924993319204],[-99.18203180702243,19.429338571402667],[-99.18222290383616,19.429501391782594],[-99.18232703744223,19.429581885287227],[-99.18239248510058,19.42963570686704],[-99.1824584079677,19.429682729150024],[-99.18244336567828,19.429859356129228],[-99.18245263898692,19.429880955209928],[-99.18246490188888,19.42990189435353],[-99.18248005736605,19.429921632228133],[-99.18249789790761,19.429939636820606],[-99.18251805071264,19.429955437113236],[-99.18254004057253,19.429968673065687],[-99.1825633249047,19.429979082907803],[-99.18258731261768,19.429986557356987],[-99.18261142429827,19.429991142160034],[-99.18263724906603,19.4299923679933],[-99.18266386345299,19.429990306865168],[-99.18269056407813,19.42998473343208],[-99.18271656850902,19.42997560194747],[-99.18274111587243,19.42996308438315],[-99.18276348392304,19.429947532307764],[-99.18278311031534,19.42992948027541],[-99.18279960428228,19.429909558569097],[-99.18281276729614,19.42988843644083],[-99.18282058892734,19.42986722451138],[-99.18282616566862,19.42984493753842],[-99.18282929450072,19.42982190252373],[-99.18282982540507,19.429798469342487],[-99.18282771975407,19.429775064113915],[-99.18282300539545,19.429752065517008],[-99.18281579731361,19.429729861549653],[-99.18280631469746,19.429708795310333],[-99.18279482344835,19.429689147208542],[-99.18292799509597,19.429622159980838],[-99.18365387606632,19.429276409446736],[-99.18424286456724,19.429031208479223],[-99.1849013718913,19.428736551551133],[-99.1855567647563,19.42845279029985],[-99.18732477140631,19.427680917880398],[-99.18795560882299,19.42740962171713],[-99.1883734943134,19.42722625538298],[-99.18870995111651,19.42707959588393],[-99.18879440532966,19.427042535571626],[-99.1893172365031,19.426817399880996],[-99.1896588146017,19.426686639742556],[-99.19013778822637,19.42650682902543],[-99.19047313740677,19.426356147342062],[-99.19065060138774,19.42628169936979],[-99.1908652619097,19.426187741774687],[-99.19107993141483,19.426093792596944],[-99.19144056906886,19.425939458354147],[-99.19151689532524,19.42591220469492],[-99.1916161313164,19.42587768734015],[-99.19172300119077,19.42584497531164],[-99.19186040570004,19.42580227167273],[-99.19198254244267,19.42576500605216],[-99.19202552054081,19.42577016536045],[-99.1920685067238,19.42577531534958],[-99.19232593423982,19.42581285291148],[-99.19324726525984,19.42595518617878],[-99.19411414939044,19.42608968549076],[-99.19548946739548,19.42629585311132],[-99.1960803082225,19.426398636500434],[-99.1970676779923,19.42654764921357],[-99.19748458611565,19.426602950962224],[-99.19757915715553,19.426769736306674],[-99.19762885195702,19.426960476084115],[-99.19766891053051,19.42698165365926],[-99.19774119436816,19.42702517450769],[-99.19784325645917,19.427087870195127],[-99.19792114758081,19.427138072644244],[-99.19801963168202,19.427203107323347],[-99.19808677446132,19.427241220630542],[-99.19818882397593,19.427292032146838],[-99.19826536223478,19.42733205749328],[-99.1987420020363,19.427571412180246],[-99.19887809500521,19.427643294339095],[-99.19897880423342,19.427697076744305],[-99.19909428984967,19.427765693020174],[-99.19974069417191,19.428173648988317],[-99.19978971254204,19.42820244580161],[-99.19985975957461,19.428240990928018],[-99.20027019353975,19.42844975067875],[-99.20040401287271,19.4285149491824],[-99.20056782874956,19.428595403359232],[-99.20069627885206,19.428657640973185],[-99.20091201555573,19.428763494675405],[-99.20092320137768,19.428769839914295],[-99.20093708214546,19.428781287605844],[-99.20095500084041,19.428802486969712],[-99.20096755030492,19.428821139764494],[-99.2009810079662,19.42885507195285],[-99.20102590756072,19.428989122410563],[-99.20109120430209,19.428978870076893],[-99.20117886100923,19.42896773754287],[-99.20123476316934,19.428962155603145],[-99.20126830716036,19.428960424007336],[-99.2012875454805,19.428961676110355],[-99.20130678380063,19.428966322785087],[-99.20132535646914,19.428973516023646],[-99.20135019309005,19.428983670087096],[-99.20158115444121,19.429102658787805],[-99.20167469601176,19.429150932479548],[-99.20175302551125,19.429192437355045],[-99.20182688140066,19.42923309421394],[-99.2018593339386,19.429247057087597],[-99.20189177749343,19.429261029278855],[-99.20240508562652,19.429462026059387],[-99.20250175782584,19.429500962273657],[-99.20257068106604,19.4295322918524],[-99.20263244653005,19.429564471123715],[-99.20265524667022,19.42957684639639],[-99.20267488923221,19.429468257751868],[-99.2026951156992,19.42937710524644],[-99.20271012295434,19.429317830421528],[-99.20283077029023,19.42873899561222],[-99.20289195005266,19.428447821688557],[-99.20291353477234,19.42834503874881],[-99.20293512937339,19.428242292172122],[-99.2029379725413,19.428227121155928],[-99.20294093877835,19.42821420783107],[-99.2029446200744,19.42820085143825],[-99.20295224048296,19.428184316483403],[-99.20295937669955,19.428171059206313],[-99.20296176531988,19.428166642937754],[-99.20297116618939,19.428152138632942],[-99.20298057694028,19.42813764364571],[-99.20299863936567,19.42811762090694],[-99.20300822259311,19.428107044901324],[-99.2030323001377,19.428084717870117],[-99.2030805711095,19.42804674623741],[-99.20298746432356,19.42802917433664],[-99.20271066733338,19.427981271370058],[-99.20268192932913,19.42797679833607],[-99.20256783160994,19.427952196647187],[-99.20248847533603,19.427915532160473],[-99.20231887969861,19.427826195955493],[-99.20236884668964,19.42783881958028],[-99.20241880379922,19.427851451675725],[-99.20251778377049,19.42787310354761],[-99.20259582131757,19.427883924399517],[-99.20266433672256,19.42788391084482],[-99.20283658598338,19.42787213777829],[-99.20296886380727,19.427856760866167],[-99.20308230395968,19.42783604172214],[-99.20308230395968,19.427836014612836],[-99.20311312336044,19.42782674322486],[-99.20314395264268,19.42781745489319],[-99.20321437606937,19.427793059888778],[-99.20328098345271,19.427770480358753],[-99.20333237068023,19.427751507214353],[-99.20334616251485,19.427745634654652],[-99.20337281193603,19.427734341921646],[-99.20338565155639,19.42772892174842]]]}},{"type":"Feature","properties":{"colonia":"Bosque De Chapultepec Ii Seccion","alc":"Miguel Hidalgo","cve_alc":"016","cve_col":"016-018","clasif":"Colonia","entidad":"Ciudad de México","cve_ent":"09"},"geometry":{"type":"Polygon","coordinates":[[[-99.20559168302717,19.418534310915778],[-99.2047943815001,19.41804486658561],[-99.20490456885284,19.417940042048038],[-99.20493512414892,19.417907744405547],[-99.20498027527174,19.417856318263052],[-99.20505562865274,19.417765352409166],[-99.20506951121712,19.417746558554057],[-99.20508340186639,19.417721514762338],[-99.20509520662749,19.41769250852293],[-99.20510492729719,19.417663836082646],[-99.20511012854267,19.41764010462116],[-99.20511532709327,19.417608137334692],[-99.20511809929418,19.4175778144956],[-99.20511809480266,19.41755738802613],[-99.20511600262635,19.41752542241789],[-99.20511235187303,19.417502514434094],[-99.20510731142596,19.417477800173447],[-99.20510196645006,19.417457240677898],[-99.20509757548491,19.417443064138677],[-99.20506929023156,19.41737231189625],[-99.20504839541807,19.417322759637454],[-99.20493040619706,19.417023215877247],[-99.2048124070946,19.4167236800372],[-99.20478564718063,19.416665018223046],[-99.20476792701332,19.41663437410979],[-99.20473735195431,19.416582313840134],[-99.20470555967806,19.416531563364078],[-99.20468662139523,19.41650223750826],[-99.20464944192231,19.416451497173938],[-99.2045816918819,19.41636846311146],[-99.20453061457313,19.416312288625655],[-99.2045097736585,19.41629037765644],[-99.20416808686382,19.415966164100862],[-99.20411597289925,19.415913448709777],[-99.2040923427157,19.415885434252264],[-99.20406489469221,19.41585182977483],[-99.20403432232811,19.415808329656354],[-99.20400965279376,19.415772413921825],[-99.20398810670166,19.415740786007095],[-99.20396830154459,19.415709483422205],[-99.20394744805364,19.415669611103265],[-99.20392903169194,19.41562973877454],[-99.203915822864,19.415599418955246],[-99.2038942803652,19.4155430671325],[-99.20388558467329,19.415518688077295],[-99.20388020376467,19.41550303125716],[-99.20387481297468,19.4154873837552],[-99.20386716382006,19.415461343272106],[-99.20385951286879,19.41542641617939],[-99.20384804048426,19.41537072174816],[-99.20384196068643,19.415336445309887],[-99.20383587100713,19.41530217818382],[-99.20381639104022,19.41519359694449],[-99.20379692095473,19.415085006313177],[-99.20375100716223,19.414835210561634],[-99.20366267043049,19.41432837742261],[-99.20358478020712,19.41392435601036],[-99.20351385013062,19.413618218694005],[-99.20348465129058,19.413498920426168],[-99.20324168395568,19.412499722827242],[-99.20321576127157,19.412392967227497],[-99.20321107476067,19.412373698293067],[-99.20318983050255,19.41228622003017],[-99.20317039455306,19.412200556524933],[-99.20315094962042,19.41211490229441],[-99.20314254408429,19.412063775939803],[-99.20312828692245,19.41198138947623],[-99.20312341535866,19.41194646248312],[-99.20311958134903,19.411909548683116],[-99.20311506102651,19.411870007553947],[-99.20309414914503,19.411563851118963],[-99.20306906189406,19.411188164300842],[-99.20305825965278,19.411016795420174],[-99.20303895575562,19.410792097588875],[-99.20303490615034,19.410688235940658],[-99.20303453784106,19.41057288712611],[-99.20303416414188,19.410474027541763],[-99.20303379942591,19.41037515857767],[-99.20303098230919,19.410205106326448],[-99.20302121492708,19.41002319057572],[-99.20301075045232,19.409830737247706],[-99.20299402382174,19.409554567493146],[-99.20297867071523,19.409245448055533],[-99.20293576538064,19.40843145910898],[-99.20290159077229,19.40779707402276],[-99.20287506801351,19.407249357487654],[-99.20286390285283,19.407030537079123],[-99.2028603967283,19.40683939094496],[-99.20286245926017,19.40678336906568],[-99.20288048305802,19.406602765308364],[-99.20288152151055,19.406562563707208],[-99.20287976799906,19.40651048835077],[-99.2028686154148,19.406345053114133],[-99.20286443016394,19.406269914764327],[-99.20286477511702,19.40623894248949],[-99.20286754821626,19.406210596773608],[-99.20287205506408,19.406189176712314],[-99.20287865498645,19.406168415831434],[-99.20288680719764,19.40614698559712],[-99.20289496839203,19.40612556468009],[-99.20291856893114,19.406072175052948],[-99.2029997317171,19.405888100891662],[-99.20287985603399,19.40596050948082],[-99.20286083330954,19.40597180033754],[-99.20239076827755,19.40624694588516],[-99.20167113958153,19.40664100884295],[-99.20138786483987,19.40679617987822],[-99.20102971551921,19.406998067814463],[-99.20088665431864,19.407075888298923],[-99.20079201321023,19.407127358520498],[-99.20074358413491,19.40715369857889],[-99.20038280544546,19.40735106163333],[-99.20002203484086,19.40754843292092],[-99.1995084096024,19.407832446724086],[-99.19930135960753,19.407950523997094],[-99.19905894473649,19.408088779748866],[-99.19860947897232,19.4083451022024],[-99.19820457503612,19.408561079109475],[-99.19783776326116,19.40874744887753],[-99.19748371474982,19.408940407610228],[-99.19726345143542,19.409061535924216],[-99.19703160614203,19.409189033027566],[-99.19683272542633,19.409296332979068],[-99.19655922435494,19.409445372386614],[-99.19645644361174,19.409498693125485],[-99.1964130370172,19.409520128848822],[-99.19638251675546,19.409535222816068],[-99.19630501101102,19.40957107553657],[-99.19617980741997,19.409628941790352],[-99.19606748836509,19.40968068317472],[-99.19600285907194,19.409710411015283],[-99.1959630592133,19.4097281433345],[-99.19590901297255,19.409752506312806],[-99.19589875331364,19.409757211997768],[-99.19588647693703,19.40976283102922],[-99.19585189269691,19.40977917129393],[-99.19577654829902,19.40982045998206],[-99.19571974243374,19.409852832095535],[-99.19560599865079,19.409916348623984],[-99.1953716479561,19.410045487045146],[-99.19518994302867,19.410145522884694],[-99.19491595507034,19.410297729410516],[-99.19476334298169,19.41038075640645],[-99.19468513385644,19.410424311354255],[-99.19464959740206,19.410444092262917],[-99.19463478957292,19.410452347934203],[-99.19460691484969,19.41046786544323],[-99.19431790705984,19.410626204953438],[-99.19387039513136,19.41087287148229],[-99.19382604979737,19.411150324280865],[-99.19380408598867,19.41133922521293],[-99.19363306202993,19.412507565785223],[-99.19352636283543,19.413236317016736],[-99.1935029760953,19.41340036847512],[-99.19345218984077,19.413761592037762],[-99.1934471323257,19.413797531939082],[-99.193429200156,19.413968941098183],[-99.1934245639508,19.41408168987188],[-99.19342319312172,19.414135572503344],[-99.19342183127569,19.414189463589278],[-99.19342576859164,19.414289975568064],[-99.19343445350376,19.41437418750364],[-99.19344887865064,19.414467455500954],[-99.19346903415065,19.41456070480564],[-99.19348727534079,19.414646722058734],[-99.19351603759957,19.414759890590577],[-99.19356009906595,19.414892064192138],[-99.19359551963758,19.41497262424022],[-99.19363380673327,19.415065862240986],[-99.19365916168222,19.415116995276676],[-99.19371512672441,19.4152314953297],[-99.19389304345636,19.415553703261985],[-99.19400456121402,19.415751957572528],[-99.1940907258194,19.41591079010693],[-99.19421650882381,19.41614673373584],[-99.19428182353147,19.416269313910817],[-99.19440180880903,19.41649801578435],[-99.19455986109507,19.416805678610793],[-99.19489956530802,19.417433109298074],[-99.19495782644407,19.417544936435444],[-99.19500264339358,19.417632203452538],[-99.1950507445838,19.41772360654607],[-99.19506912052124,19.417758955907317],[-99.19508748747553,19.41779431458022],[-99.19511647071987,19.41785081049684],[-99.19514814711341,19.417908497582395],[-99.19518190939507,19.417970031863092],[-99.19519654384933,19.417996360845546],[-99.1952111872868,19.418022680504283],[-99.19524106525314,19.418080964816966],[-99.19526107971767,19.41812296898931],[-99.195283492684,19.418164683402786],[-99.19529424282301,19.418188936673122],[-99.19530321339946,19.418214083753217],[-99.19532039278091,19.418261560060753],[-99.19533563898796,19.41830416147372],[-99.19534504704389,19.41833063527595],[-99.19535939044404,19.418380930235585],[-99.19536657157644,19.418407106652726],[-99.19537374372565,19.418433292384908],[-99.19538181149522,19.41846760544775],[-99.1953934716276,19.418524410363755],[-99.19540184572269,19.41856553162395],[-99.19540783029909,19.41860665372099],[-99.19541171910595,19.41863741776692],[-99.19541739915351,19.41867824162645],[-99.19542308099767,19.418730008935977],[-99.1954242874351,19.418770842091515],[-99.19542472581301,19.418827784997326],[-99.19542805856267,19.418947602931883],[-99.1954273318256,19.419034877668043],[-99.1954248102546,19.41909256179165],[-99.19542362178346,19.419154100707328],[-99.19541971680698,19.419303321700376],[-99.19541386877444,19.41944358500497],[-99.19540798121608,19.419576723158343],[-99.19540088632193,19.419721068078072],[-99.19539725263667,19.419788956581492],[-99.19539763262404,19.419945499405312],[-99.19540528267694,19.42004107115033],[-99.19543032321549,19.420192662658973],[-99.1954407544526,19.420238135593802],[-99.19545812787017,19.420307997870044],[-99.19548524261873,19.420398952134484],[-99.19550331672222,19.420449697166934],[-99.19553029492684,19.420518880741607],[-99.19557872400216,19.42062798199548],[-99.19560895500638,19.42068564267906],[-99.19563257800337,19.420730788455508],[-99.19570125330856,19.420841566181256],[-99.19576392157943,19.420946628605705],[-99.19582090531114,19.42104251746262],[-99.1958751096554,19.42113280880452],[-99.19591436513501,19.421196409034685],[-99.19595363049606,19.42126000076791],[-99.19603215942156,19.421382588100126],[-99.19609538913946,19.421481446980845],[-99.19612440831641,19.42152164319861],[-99.19615341761187,19.421561848725524],[-99.19618434121723,19.42160632581877],[-99.1962493100735,19.421690356899294],[-99.19630871656156,19.42175757529363],[-99.19636222111822,19.421815565983614],[-99.19644386629945,19.421901237976886],[-99.19650848750773,19.421959886040383],[-99.19659221318717,19.422023812964774],[-99.1966738538768,19.422082782918547],[-99.1967645190418,19.42214439779684],[-99.19686735817548,19.422210290142257],[-99.19696045867323,19.422267614775237],[-99.19706050763969,19.422324288742157],[-99.1971619462999,19.42237633870057],[-99.19728838956605,19.42243431646185],[-99.1974078933466,19.422483075882752],[-99.1975044640363,19.422515350588977],[-99.1976153035659,19.422550955607623],[-99.19763160978498,19.422556198890103],[-99.19771219675074,19.422577929409577],[-99.19785532173177,19.422607568477844],[-99.19794250412833,19.422626011032747],[-99.1980296964065,19.422644444266375],[-99.19816031324544,19.42266815212293],[-99.19821415197532,19.422680007744397],[-99.19831714561928,19.422702565107556],[-99.19836630143165,19.422713266002475],[-99.19848822886685,19.42274356755088],[-99.1985264476906,19.422755254575378],[-99.19856465663288,19.422766950918202],[-99.19861398492176,19.422784730950337],[-99.19868138102595,19.42281108711011],[-99.19872340780826,19.42282920262561],[-99.19876058099298,19.42284633454888],[-99.19881338486373,19.422871040368328],[-99.19884499927349,19.422888833097083],[-99.19889919373628,19.42291815271721],[-99.19899785480565,19.42297910562206],[-99.19910346793696,19.4230594981538],[-99.1991630451049,19.42311019999597],[-99.1991993541104,19.423141536737447],[-99.19924904082706,19.423188654938215],[-99.19927162357496,19.423212381353625],[-99.19929351102688,19.423237426840732],[-99.19934562768641,19.423300689912697],[-99.19952456400614,19.423528375431395],[-99.19977263826344,19.423829542272934],[-99.19991023591045,19.424006820324834],[-99.20043418189317,19.424649259860185],[-99.20068226693026,19.424986843250384],[-99.20084715629389,19.425211197836283],[-99.20120832395392,19.42567900739119],[-99.20138622810939,19.42590939037522],[-99.20162284884681,19.42621056635813],[-99.2018290131028,19.42647750581688],[-99.20223868888984,19.42701111486558],[-99.20225662195784,19.42701009995526],[-99.2023351311204,19.427006301242297],[-99.20241154720837,19.427008263289384],[-99.2024844993926,19.427012863425592],[-99.20257377755883,19.427021080979813],[-99.20264741695424,19.427033591146337],[-99.20273148938337,19.427050713307402],[-99.20282736657366,19.42707375718672],[-99.2029023974594,19.42709483562812],[-99.20296284599316,19.42711591830256],[-99.2030566426853,19.427155441320735],[-99.20310527837304,19.427177184779726],[-99.2031554097558,19.427201275742693],[-99.20315629459638,19.42720178150296],[-99.20319123726428,19.42706971110161],[-99.20320941826732,19.426986379177464],[-99.20322402307718,19.426916168196477],[-99.20324657079088,19.426819236548898],[-99.20327377626923,19.4266962788683],[-99.20327786360374,19.426671536354778],[-99.2032816634774,19.426638531364382],[-99.20329323467655,19.426537095132208],[-99.203311581868,19.426430430081428],[-99.2033131314618,19.42642138141999],[-99.20332215503886,19.426378803314265],[-99.20333924369046,19.426303174391492],[-99.20335774718869,19.42621802742584],[-99.2033818085636,19.42608145348752],[-99.20333185684393,19.42604881096834],[-99.20331503589018,19.42599875304959],[-99.20324706576258,19.425797579159845],[-99.20320167029799,19.425663782763426],[-99.20317516909878,19.425570832952886],[-99.203154056893,19.425484005648467],[-99.2031140028111,19.425313420231657],[-99.20302664883626,19.425005461748764],[-99.20293503774523,19.424683905400542],[-99.20291768229396,19.42462855555641],[-99.20289605086191,19.424559616026],[-99.2027674031301,19.42415277011472],[-99.20271013463244,19.423996310132082],[-99.20266497542477,19.42389609558807],[-99.20261980723396,19.423795890301204],[-99.20257662162497,19.423707540499013],[-99.20252936395285,19.423627292309963],[-99.20255944493846,19.42350887653455],[-99.20259663608955,19.423391181631008],[-99.20261961499452,19.423308507781076],[-99.2026616390818,19.423181050556135],[-99.2027066024567,19.423040951443618],[-99.20272934690136,19.42297825165287],[-99.20273312431719,19.42296873345501],[-99.20276363469749,19.42290253812241],[-99.20285169834143,19.422724847129984],[-99.20293977186681,19.422547165262518],[-99.20307595197228,19.422291437058213],[-99.20278834106273,19.422194864404126],[-99.20264826945544,19.422243726407547],[-99.20254178585657,19.42228049044893],[-99.20249398739861,19.42229542650015],[-99.20245707652197,19.422303469770824],[-99.20243135865368,19.422307204206774],[-99.20240201428659,19.42230951281341],[-99.2023714598888,19.422311234313746],[-99.20235149123837,19.42231196120715],[-99.20231623505842,19.42231318709848],[-99.20230650720224,19.422313459895243],[-99.20227738112577,19.422314278285715],[-99.20225255708118,19.422314301159943],[-99.20222774201979,19.422314332506183],[-99.2021809685396,19.422311217369874],[-99.2021497089643,19.42230920951757],[-99.20212559818206,19.422306297708058],[-99.20210029713209,19.422302022761507],[-99.20205494927822,19.42229233339067],[-99.2020181875219,19.422282642324813],[-99.20199121021557,19.422274746465188],[-99.20195539977509,19.422263691413676],[-99.20190861282015,19.42224654333239],[-99.20186897555656,19.422230965949574],[-99.20183860890671,19.422217534511756],[-99.20184445963413,19.42220556024919],[-99.20186841500785,19.422148494836417],[-99.20216560914487,19.421448959422232],[-99.20263653027129,19.421662695872016],[-99.20274533332021,19.421482699141624],[-99.20288757076561,19.421246356602293],[-99.20310406115588,19.42088296643205],[-99.2032907319702,19.42057199113064],[-99.20353659727017,19.420135794785566],[-99.20360132358138,19.42010475483396],[-99.20377976133616,19.42001302859923],[-99.20393798699705,19.419942038563107],[-99.20424497726225,19.4197609699027],[-99.20435056793566,19.41969871447828],[-99.20469930740367,19.4194929934388],[-99.20473603232912,19.41946810834452],[-99.2048544311819,19.419349826786394],[-99.20491384934805,19.419290379708336],[-99.2050522312243,19.419152020802958],[-99.20529987878184,19.418919771995277],[-99.20547180734404,19.418759525860064],[-99.20555789020283,19.41859935242735],[-99.20556601456624,19.41858399920686],[-99.20559168302717,19.418534310915778]]]}},{"type":"Feature","properties":{"colonia":"Bosque De Chapultepec Iii Seccion","alc":"Miguel Hidalgo","cve_alc":"016","cve_col":"016-019","clasif":"Colonia","entidad":"Ciudad de México","cve_ent":"09"},"geometry":{"type":"Polygon","coordinates":[[[-99.22346596529185,19.399387898982972],[-99.22348484159092,19.399233923221335],[-99.22348857948079,19.399173014795508],[-99.22349464670222,19.399076563980714],[-99.22349698501691,19.399041012286318],[-99.22350154756025,19.39888569489337],[-99.22350699584241,19.398681019379925],[-99.2235071737089,19.39856034258269],[-99.22349559981477,19.39839344526044],[-99.22347436992963,19.398290221353026],[-99.22345052235377,19.39821425060304],[-99.22341939213597,19.398130976757628],[-99.2233614849361,19.398005170714175],[-99.2233318342435,19.39793508956712],[-99.22332578409006,19.397916471357917],[-99.22331972495348,19.39789786246714],[-99.22330782227597,19.397851731693848],[-99.22330410235239,19.397826530625647],[-99.223300588143,19.39779242503804],[-99.22330053873561,19.397758011865214],[-99.22330231290834,19.397714487418526],[-99.22330519111053,19.39767152134654],[-99.22331229498775,19.397630758304572],[-99.22332036365562,19.397595890931857],[-99.22333365063704,19.397544253313722],[-99.22334932444213,19.397487630022365],[-99.22337259350289,19.39740542343429],[-99.22338066217077,19.397373255590832],[-99.22338587958593,19.397351970785284],[-99.22339488699333,19.397308948693897],[-99.22340245440124,19.397259128498167],[-99.22340335361487,19.397217923896125],[-99.22340187678451,19.39718351144908],[-99.22339753522678,19.397152729787344],[-99.22338318464013,19.397100016771265],[-99.22336870379775,19.397054944082907],[-99.22335847108833,19.39702191528606],[-99.22334937474774,19.396999514504902],[-99.2233366887393,19.396974397190018],[-99.22332665276096,19.39695878772974],[-99.22330465930787,19.39693096404512],[-99.22327694538305,19.396902925134686],[-99.22323537135169,19.39686244829694],[-99.2232086204208,19.39683939335684],[-99.22318283248399,19.39682086314431],[-99.22314940257895,19.396802334624418],[-99.22310261203076,19.396785183010515],[-99.22306155093747,19.396770747928873],[-99.22304054383451,19.396762167036535],[-99.22297132954021,19.396740065326455],[-99.22285866732888,19.396710435947607],[-99.22274601410064,19.39668079809004],[-99.22266787324735,19.396658716704824],[-99.22254160605102,19.396642899618637],[-99.22252932877603,19.396640004296128],[-99.22251928650944,19.396636359087456],[-99.22251214849621,19.396633056199505],[-99.22250651336445,19.396629924472077],[-99.22250162024105,19.3966263055304],[-99.22249719334336,19.396622125656886],[-99.22249313744987,19.39661772039375],[-99.22248745291071,19.39660782528611],[-99.22248320477779,19.396598597873083],[-99.22247985136683,19.39658796135126],[-99.22247792448053,19.396575853017993],[-99.22247720942157,19.396571094417393],[-99.2224764844811,19.396566345137177],[-99.22247339337824,19.39651660859961],[-99.22247195248052,19.396392591716587],[-99.22247034808943,19.396235389026376],[-99.22230509850135,19.39629804405293],[-99.22226330528105,19.39631369679048],[-99.22224562643628,19.396322714081585],[-99.2222279368117,19.396331722899085],[-99.22216007268518,19.39636165060712],[-99.22202788918442,19.396410308541036],[-99.2216042131537,19.396659004796554],[-99.22133961259013,19.39679848944999],[-99.22124933010747,19.396840370325734],[-99.22116667701646,19.39687335425101],[-99.22076941235343,19.39702341590185],[-99.22018462437485,19.397227918951142],[-99.21985766635751,19.397335443707973],[-99.21953071642498,19.397442977714277],[-99.21948140610245,19.39746342704595],[-99.21945987258675,19.39747463037062],[-99.21944355468963,19.397485182102116],[-99.21941681813186,19.397504306213186],[-99.21939286006321,19.397520793449115],[-99.21933348771113,19.397564966997756],[-99.21930153733142,19.39758870732009],[-99.21927132698843,19.39760651383066],[-99.21913763611454,19.39767773561664],[-99.21905013391768,19.397729168140206],[-99.21899179822147,19.397770054866655],[-99.21893207462811,19.39781620599887],[-99.21889318835609,19.397845221714817],[-99.21882236517908,19.397911811085844],[-99.21877513894795,19.397963891736797],[-99.21872237550146,19.39802058773215],[-99.21868001185096,19.398069379894],[-99.21863904687737,19.398116844289035],[-99.21860328764086,19.398166943838216],[-99.21857638758964,19.398211775579547],[-99.21855902944343,19.398242094403937],[-99.21854167938203,19.39827242169579],[-99.21847572507389,19.398388448616032],[-99.2184392795245,19.398462279803347],[-99.2184231412904,19.39850116751969],[-99.21840354274589,19.3985532395088],[-99.21838688708218,19.398609275237657],[-99.21837301260258,19.398676507410524],[-99.21836449926867,19.39872058489845],[-99.21835229745214,19.39877776614308],[-99.21834197670782,19.398825140515886],[-99.2183109327283,19.39894791253116],[-99.21828872817107,19.39903294498738],[-99.2182615011331,19.39912901368854],[-99.21824726822574,19.399174167144796],[-99.21822575986293,19.399234818833627],[-99.21821153504035,19.39927601784103],[-99.2181990394748,19.399308312405466],[-99.21817890553433,19.39935182456344],[-99.2181628517419,19.399384860513134],[-99.21814680603428,19.399417905776502],[-99.2181171185108,19.39946652212538],[-99.2180575889535,19.399556342479915],[-99.21800134902682,19.399635451898778],[-99.21793590675838,19.39972033402117],[-99.21791437863264,19.399748675784142],[-99.21789285948998,19.399777027709803],[-99.2178373067745,19.399833723920697],[-99.21777064100063,19.39990031163062],[-99.21772133876287,19.39994844656241],[-99.21767689641082,19.39998800075755],[-99.21761856161291,19.40003547899722],[-99.21755119694976,19.40008888331528],[-99.21749772293585,19.400127130923405],[-99.217444941523,19.40016141480396],[-99.21735135144348,19.400226492473124],[-99.2173037182755,19.40025795733252],[-99.2172560940907,19.400289430658884],[-99.21698797392787,19.40046275456924],[-99.21686922383381,19.400541221287565],[-99.21671991035888,19.400640791022077],[-99.21655879032618,19.400750241995254],[-99.21643725275977,19.400834642265824],[-99.21632266096722,19.40091146502987],[-99.21624418683894,19.4009592726022],[-99.21614591114684,19.401018292561524],[-99.2160400024698,19.401076979508268],[-99.21588998830892,19.40115809121738],[-99.21583581630404,19.401187760457024],[-99.21580039932566,19.401208205081588],[-99.21577330883159,19.401224691942208],[-99.21574483852532,19.401243156410615],[-99.21570421041997,19.40127777050493],[-99.21566705789641,19.401316998164738],[-99.21562053414786,19.401368743040603],[-99.2155788738783,19.401421155575495],[-99.21554589133426,19.40146631432662],[-99.21552610414355,19.401496641864867],[-99.2155007626694,19.40153750900387],[-99.21547820058268,19.401579369171813],[-99.21546258247318,19.40161216996635],[-99.21544695538047,19.401644962281196],[-99.21541849765062,19.401704287867865],[-99.21539697581301,19.40175767892876],[-99.2153754638569,19.40181107929221],[-99.21532965426898,19.401929726933794],[-99.21529216308059,19.402016081315328],[-99.21526856703304,19.402070791520746],[-99.2152463481028,19.40211628138605],[-99.21521650067913,19.402174289249384],[-99.215183876563,19.402243503477546],[-99.21515818833912,19.402303487197656],[-99.21514291877595,19.402353915056896],[-99.21513425183004,19.402396429976818],[-99.21512836247504,19.402435648893967],[-99.21511973954668,19.402660741248926],[-99.21511456255567,19.402757959284553],[-99.21510034941127,19.402841336673827],[-99.2150788347602,19.402919776825907],[-99.21506600502134,19.402984705962208],[-99.21505628794489,19.40301667442902],[-99.2150344292391,19.403089182582733],[-99.2150222876097,19.40312972141847],[-99.21499937607834,19.403182462136364],[-99.21497716613126,19.403228602412938],[-99.21492787377501,19.40331825546816],[-99.21489246038989,19.40338219734813],[-99.21477860701248,19.403586548365215],[-99.2147036138559,19.4036946662606],[-99.21459043241829,19.403854861154784],[-99.21456696842313,19.40390548934112],[-99.21466797319701,19.40405903534167],[-99.21469535474522,19.404090795163967],[-99.21472369569408,19.404119187002866],[-99.21476569373023,19.404177130605348],[-99.21481328827063,19.404236435781023],[-99.21482087184825,19.404390367832644],[-99.21482327484166,19.40460005210453],[-99.21483009125804,19.404738172596687],[-99.21487545438323,19.404846936205917],[-99.21490579408362,19.404905044769812],[-99.21497870494538,19.404931347907528],[-99.21501173240509,19.404936152017108],[-99.21505555491964,19.40495039912424],[-99.21498581331421,19.405056501269357],[-99.21516773743058,19.40514746576082],[-99.21517330788366,19.405157650120387],[-99.21517647085182,19.405167862439804],[-99.21517666488792,19.405180974165567],[-99.21520533731513,19.405232030664862],[-99.21523402860699,19.405283015128997],[-99.2152042072345,19.405336914232663],[-99.21513703930239,19.405455342398014],[-99.21499382628657,19.405697943039765],[-99.2148392405992,19.405947283435072],[-99.2147653272176,19.406075167644865],[-99.21472161339928,19.40614061914029],[-99.2146873157217,19.406183647368877],[-99.21466331992383,19.40621047222361],[-99.21464804047915,19.406228021912213],[-99.21462404378298,19.406250792530802],[-99.21459969494721,19.40627188383994],[-99.21457978828049,19.40628471163835],[-99.21453607266555,19.406312725208117],[-99.21444825516001,19.40634614101949],[-99.21425024670846,19.406422098651774],[-99.21416761697364,19.406457536045302],[-99.2141006233147,19.406493077646157],[-99.21401775193313,19.406549012355914],[-99.21397261069175,19.4065827509313],[-99.21393884122361,19.406612116703574],[-99.21391467474585,19.406638092516474],[-99.21387699580956,19.40667656141831],[-99.21381246892436,19.406749603419065],[-99.21377107365778,19.406802087085865],[-99.21350410693174,19.407167517618337],[-99.21332578236472,19.40742220882952],[-99.21328287433518,19.40747937007005],[-99.21323395118647,19.4075346189975],[-99.21318711751914,19.407578616136345],[-99.2131409782495,19.407617276299167],[-99.21306195165732,19.407677020801632],[-99.21294567911686,19.4077565227939],[-99.21283948028396,19.407818332890937],[-99.21273567096974,19.407884079382043],[-99.21264112687932,19.407963214405413],[-99.2125607941367,19.408049606252774],[-99.2125068116764,19.408121480100213],[-99.2123979511353,19.40830060792459],[-99.21234364797638,19.408382623455307],[-99.21229246286977,19.40845280770452],[-99.21226616379154,19.40848149363099],[-99.21223274556466,19.408509503433255],[-99.21220928875597,19.408524345855977],[-99.21218475576555,19.408537174324046],[-99.2121538276686,19.408550672979118],[-99.21211685570645,19.40856519343672],[-99.2120738389808,19.40857768384213],[-99.21203828366183,19.40858410358138],[-99.2120098456949,19.408587145268513],[-99.21197179395779,19.408587497731478],[-99.21194192677123,19.408585482084195],[-99.21190246467907,19.408578069348422],[-99.21184948563692,19.408560871529176],[-99.21180236810193,19.408542497701642],[-99.2117637872571,19.40852108811459],[-99.21173283849892,19.408495459982024],[-99.21168519005965,19.4084502591244],[-99.21155323473089,19.40830051133599],[-99.21150557281688,19.4082370966959],[-99.21144937600934,19.408148724880668],[-99.21141806702677,19.408094083653914],[-99.2114049067078,19.40806743025819],[-99.21138711647194,19.408026952809255],[-99.21136968646049,19.40797871944295],[-99.21135188454653,19.40789506085158],[-99.2113387089562,19.40781375847688],[-99.21132516415837,19.407703785253776],[-99.21130592404164,19.407546578242453],[-99.21106367535893,19.40839643900121],[-99.2109975907951,19.40859347096085],[-99.21092796417403,19.408820862744964],[-99.21086970303799,19.40898483393182],[-99.21071623305822,19.409453797561095],[-99.21054880325894,19.410004982128928],[-99.2105447743149,19.410030402445145],[-99.21054408620537,19.410054548479884],[-99.21054805855553,19.41010474517617],[-99.21055740013621,19.410156854966452],[-99.21056340537385,19.410191808608896],[-99.2105680748167,19.410210878696223],[-99.21057075089794,19.410220088391984],[-99.21057341889431,19.410229307407],[-99.21057809552372,19.410241388458978],[-99.21058278113624,19.41025346019032],[-99.21059548511097,19.410282064462333],[-99.2106403856038,19.410372090659],[-99.21066315699797,19.41042674382914],[-99.21068308073264,19.410474643497537],[-99.21071083328503,19.41053839701488],[-99.21072399629888,19.4105748298847],[-99.21072987307745,19.41059185888707],[-99.21073574087293,19.410608897207453],[-99.21074357418216,19.41064515976306],[-99.2107481987093,19.41067636588853],[-99.21074927129771,19.41070031272226],[-99.21074713151074,19.410779704787995],[-99.21074644609617,19.410812113989724],[-99.21074440871706,19.41084769191815],[-99.21073213952694,19.410951467891916],[-99.21070365125432,19.41119225822764],[-99.21068582328924,19.41136664059923],[-99.21066958264717,19.411494318901553],[-99.21065497873558,19.411625112444746],[-99.21065460593476,19.411653909648724],[-99.21065137020308,19.411688549486552],[-99.21064690557616,19.411722809749097],[-99.21064243196604,19.411757449572374],[-99.21063754782585,19.411786256919775],[-99.21063061822173,19.41181895568035],[-99.21062163237393,19.411850887673488],[-99.21061100889742,19.41188242314756],[-99.2105689156398,19.412003904267262],[-99.21054112715483,19.412086832958433],[-99.2105350033395,19.41210941890379],[-99.21052969968608,19.41213433393102],[-99.2105252332625,19.412163528404115],[-99.21052116838581,19.412195829729573],[-99.21051631927992,19.41224993835391],[-99.21051231369206,19.412324671498315],[-99.21050997986896,19.412425473541052],[-99.21051433400316,19.412618515175403],[-99.21051731820656,19.412710366738835],[-99.21052031229138,19.412802209778025],[-99.21052056561626,19.41303841548058],[-99.21052130672635,19.413138269016066],[-99.21052276020052,19.413235430801226],[-99.21052668943156,19.41330222483503],[-99.21052918584972,19.413347093919608],[-99.21053132384012,19.41336834104795],[-99.21053506262834,19.413399213684947],[-99.21054059175893,19.413430581952134],[-99.21054263183291,19.413442645821462],[-99.2105446808901,19.41345470037021],[-99.2105471791049,19.413469544883306],[-99.21055251599599,19.41349737421128],[-99.21055892008563,19.413526051622565],[-99.21058062607786,19.41358221266816],[-99.21060677783242,19.41363871597938],[-99.21062723336972,19.413678515086534],[-99.21067916946788,19.41377498774301],[-99.21071118722126,19.413842117909144],[-99.21073466918278,19.413882593910504],[-99.21075734984703,19.413918454991983],[-99.21077522182962,19.413940583173957],[-99.21078216221355,19.413948509939136],[-99.21078548508176,19.413951841281534],[-99.21078879806855,19.41395518109623],[-99.21079451045544,19.413960589020316],[-99.21079722336755,19.413963143444743],[-99.21079992729658,19.413965707188616],[-99.21080624874122,19.413971313366137],[-99.21080941889589,19.413973868637584],[-99.21081257916903,19.41397643238142],[-99.21081891049518,19.413981352295416],[-99.21082441267627,19.41398541395668],[-99.21083171418293,19.41399043299733],[-99.21083971996872,19.413995262256336],[-99.21084803028344,19.41399989241418],[-99.21086558336408,19.414007997096494],[-99.21088027171727,19.414013393157553],[-99.21089862340021,19.414019177253433],[-99.21091412922034,19.41402264076363],[-99.21092798753021,19.414024949487906],[-99.21094674794662,19.41402685916295],[-99.21104258471273,19.414026366070196],[-99.21112639842703,19.414022489955098],[-99.21121022202283,19.414018622312465],[-99.21147476150095,19.414013284711046],[-99.21152981385485,19.414013993002253],[-99.21154693664249,19.41401474789159],[-99.21156162319902,19.414016278851253],[-99.21156733468762,19.414017044754686],[-99.21158225929774,19.41401898323586],[-99.21159333822014,19.41402053368199],[-99.21160646440308,19.414023238913884],[-99.21163929333512,19.414030599719748],[-99.21165099209509,19.414033693833762],[-99.21166268097356,19.414036797267293],[-99.21168935195432,19.41404454695509],[-99.21173409164872,19.414061232462494],[-99.21178005844185,19.414081033262423],[-99.21180714983417,19.414093063193896],[-99.21182161989675,19.414100437552563],[-99.21184183917718,19.41411180070652],[-99.21185682217778,19.41412102543151],[-99.2118715967693,19.41413073816497],[-99.21188185912307,19.414137733806594],[-99.21189335935539,19.41414667046937],[-99.21190567885121,19.414156772083324],[-99.21192785106905,19.41417524186151],[-99.21193771457082,19.414184956286174],[-99.2119475681912,19.41419467833544],[-99.21197262669602,19.41422150017417],[-99.21199029835431,19.41424366474618],[-99.21200673213413,19.414266217349677],[-99.21202440469071,19.414293637325873],[-99.21206140989052,19.414358977914276],[-99.2121140305049,19.41444765644266],[-99.21217720991717,19.414579487167675],[-99.21222096146474,19.414538661431553],[-99.2133473284568,19.413402930533426],[-99.2135058505617,19.413241389456815],[-99.21363230550597,19.413110801399398],[-99.21341393584015,19.412949386271784],[-99.21353140852985,19.412794048270253],[-99.21377072331484,19.412477593601917],[-99.21386792102855,19.412383548384938],[-99.21404389111123,19.4122111869425],[-99.21407284920272,19.412182821933598],[-99.21407506085498,19.412172094080784],[-99.21409692405237,19.412066058427186],[-99.21402916952036,19.411975785771695],[-99.21402944081159,19.41176292196046],[-99.21404097877307,19.41140834827399],[-99.2140416677809,19.41138742623411],[-99.21404594915157,19.411217201354713],[-99.21404814104089,19.41112973602573],[-99.21403546671054,19.410712112450447],[-99.21403771878691,19.410698224237247],[-99.21407317349458,19.410671747497492],[-99.21412932628468,19.410630980935235],[-99.2141664168244,19.41059923086274],[-99.21422622216448,19.41058389128992],[-99.2143027020328,19.410566714864142],[-99.21439913707687,19.410539310357272],[-99.2144712547262,19.410546118062506],[-99.2145509514616,19.4105601121958],[-99.21461344006936,19.410577604648896],[-99.21472783782588,19.41055922511846],[-99.21521701002396,19.410457237453535],[-99.21553427701595,19.41040165485248],[-99.21569353753607,19.410371975431953],[-99.21580171805248,19.41034586804345],[-99.21588160343408,19.410326603949972],[-99.21607625577974,19.41027962181813],[-99.21633048529335,19.410224109478797],[-99.21639263254133,19.410210547418362],[-99.21673855938421,19.410134988919673],[-99.21681238383253,19.410120087335862],[-99.21741504559037,19.409998322671452],[-99.21753392414351,19.40997429693918],[-99.21753675024335,19.409973475097487],[-99.21755501299312,19.40996811533469],[-99.21779707392784,19.409897143787777],[-99.2179881231309,19.409900349818802],[-99.21822426326963,19.40991869553326],[-99.21847848739336,19.409938434987758],[-99.21863562519444,19.40997046478491],[-99.21877069812635,19.410037428340907],[-99.21888951065333,19.410093001323034],[-99.2189420189783,19.41011864953795],[-99.2191701353649,19.409836893439568],[-99.21911482519455,19.409799669910534],[-99.21909177083111,19.40979200135754],[-99.21904671133646,19.409783462667804],[-99.21901188365291,19.4097768176046],[-99.21899341518898,19.409762330298264],[-99.21895655821116,19.40971850913324],[-99.21892932847827,19.409660337050063],[-99.21892897274543,19.409588756188008],[-99.21896194361132,19.409504759520235],[-99.21901765982018,19.409444170121628],[-99.21907457348333,19.40940812419743],[-99.21907951242072,19.409406542358724],[-99.21913909677525,19.40938739083985],[-99.21920277744738,19.409411653892196],[-99.21926529390298,19.409455404817255],[-99.21945213988882,19.409289858195763],[-99.21958230577344,19.409121528991506],[-99.21957689881377,19.4091182255099],[-99.2195897420274,19.409099295092982],[-99.21959549124522,19.409102806154685],[-99.21959993431261,19.40909625765175],[-99.21962918794986,19.409114110349417],[-99.21963648945649,19.40911857881897],[-99.21968240774055,19.409046587642482],[-99.21972750676102,19.408943081577725],[-99.21976204878037,19.408834215646884],[-99.21978635180206,19.408700808585014],[-99.21981482659992,19.408606969611252],[-99.21985834728049,19.408537218381902],[-99.21990627599413,19.408471186625786],[-99.21992146111575,19.408455849394084],[-99.21970302138132,19.408307081052644],[-99.21985386648389,19.40813260474207],[-99.22010763516171,19.40828219339872],[-99.22014606598792,19.408247435064897],[-99.2201787026805,19.40821985732431],[-99.22017457043015,19.408217365507614],[-99.22015296145605,19.408204143034492],[-99.22008812465205,19.40816449340117],[-99.22003200689629,19.40813173120787],[-99.21995846092562,19.408089709203164],[-99.21994431515488,19.408081685563683],[-99.21993015950262,19.40807367124379],[-99.21991792804172,19.408067625130112],[-99.21990568580102,19.408061587488987],[-99.21987560661208,19.40805109405786],[-99.21986367069688,19.408047603307956],[-99.21985174376482,19.408044103237984],[-99.21983168887614,19.408039377169036],[-99.2198102065644,19.408036683699372],[-99.2197944644874,19.408036705728374],[-99.21973982535854,19.408040622655164],[-99.21968996526701,19.408047924422977],[-99.21965108887647,19.40805725455347],[-99.21959813858037,19.40807542932753],[-99.21967035863759,19.40801828524185],[-99.21970754350048,19.407986551604502],[-99.21975615403545,19.407939401037293],[-99.21981239306382,19.407881367269926],[-99.21985051756445,19.40784328585554],[-99.21991246448817,19.407774387500503],[-99.21994759849721,19.40772974140501],[-99.21997326605987,19.407696097962013],[-99.21999892374102,19.407662444344755],[-99.22003036477591,19.40761621975142],[-99.22005583830244,19.40757407814815],[-99.22009535339518,19.40750769692475],[-99.22013367732183,19.407440403161736],[-99.22015938800354,19.407393737923517],[-99.22017984533751,19.40734842830872],[-99.22022123521425,19.40725510962775],[-99.22026119587132,19.407156346310323],[-99.22032160398096,19.40701001523708],[-99.22034443735885,19.406954294199252],[-99.22036869905804,19.406901741104978],[-99.2203977272181,19.406842839357],[-99.22043986539144,19.406767174231426],[-99.22047891515683,19.40670871132398],[-99.22050988098303,19.406667922586298],[-99.22055085673642,19.406617613836005],[-99.22060184241695,19.406561179256332],[-99.22065370395494,19.406505593628978],[-99.22069190301582,19.40646417107673],[-99.22074387145328,19.40641527637024],[-99.22078341439375,19.406379388215537],[-99.22083537654309,19.406339017950838],[-99.22090509389398,19.406287318714632],[-99.22105135579189,19.406192957271585],[-99.22119057579629,19.40610087326121],[-99.22126446941493,19.406044629987523],[-99.22134693385972,19.40597253747128],[-99.22137601052886,19.405946016750928],[-99.22140507731648,19.405919486706146],[-99.22145797730693,19.405866898538914],[-99.221614468321,19.405712429860824],[-99.22163718761283,19.405686858900843],[-99.22173579837651,19.40557585987527],[-99.22178917267743,19.405520101912934],[-99.22185684725937,19.405451417783482],[-99.22188543793993,19.405423082097755],[-99.22191237392373,19.405399957198963],[-99.22194072744905,19.405375134340964],[-99.22197111745511,19.405350301311906],[-99.22200687579331,19.405325132754623],[-99.2220412067085,19.40530154522498],[-99.22207601462911,19.40528067577846],[-99.22210653039937,19.405262299038455],[-99.22214539331515,19.40524209639935],[-99.2222054861161,19.405213498019144],[-99.22225150590978,19.40519397065953],[-99.22229145488882,19.405179546491425],[-99.22232185926792,19.405169207080146],[-99.22236693852545,19.405155341270227],[-99.22243301230955,19.405136701010644],[-99.22248715287346,19.405124855124587],[-99.22254870813165,19.40511527402959],[-99.22261502176589,19.40510568191942],[-99.22268468791285,19.405099709409107],[-99.22272476355431,19.405092870126335],[-99.22275338837079,19.40508422866841],[-99.2227820042042,19.405073330043002],[-99.22279964621804,19.405066289952618],[-99.22281943969702,19.405056983374475],[-99.2228342268649,19.405048815547005],[-99.22285400866579,19.405035210690578],[-99.22287047837818,19.40501916819371],[-99.22290114057381,19.404984592176042],[-99.22291124302747,19.404969409668844],[-99.22291841427842,19.40495423648037],[-99.22292266420801,19.404940825644445],[-99.22292948960752,19.404916930494377],[-99.22293420576281,19.404876176893424],[-99.22293440518874,19.404847425090033],[-99.22293148925738,19.404810069089677],[-99.22292668327061,19.404783360082206],[-99.22291996477058,19.404757788976035],[-99.22291271446794,19.404736571224873],[-99.2229055998109,19.40471999406062],[-99.22289794346973,19.404707778727136],[-99.22288694539567,19.404692395387084],[-99.22287069217722,19.404672489227682],[-99.22285301243417,19.40465304398994],[-99.22282816233843,19.40462545631977],[-99.22280426625353,19.404604197881632],[-99.22277369927937,19.40458476619239],[-99.22273789063554,19.404571683226298],[-99.22270590971308,19.404564929497383],[-99.22269356506449,19.404564373676735],[-99.22266886768239,19.404563279828473],[-99.22265651405058,19.404562723160556],[-99.22262025265582,19.40456412542148],[-99.22258708595723,19.404566654574836],[-99.2225539282418,19.404569193048335],[-99.2225096727393,19.404572304288045],[-99.22246385686314,19.404573257486515],[-99.22241136830111,19.404572876207116],[-99.22234399375647,19.40457026910344],[-99.22229205586173,19.404566681688046],[-99.22222595602649,19.404560877768276],[-99.22213430810456,19.404547405895244],[-99.22205985034392,19.404537080000328],[-99.22198920952493,19.40452855967509],[-99.22196105632392,19.40452565093617],[-99.22194435304954,19.404525223055906],[-99.22188517383528,19.404524617245187],[-99.22179020933329,19.404526542282955],[-99.22174559270809,19.40452976197628],[-99.22170098596432,19.404532990142595],[-99.22163990591488,19.40454007855146],[-99.22158743082761,19.404550786572944],[-99.22153924699238,19.404560354144564],[-99.22149583231298,19.4045703724725],[-99.22145194242484,19.404582874199487],[-99.22138564226529,19.40460514430154],[-99.22131672531333,19.404629220816926],[-99.22127856577842,19.404644438942007],[-99.22124697202982,19.404658625069942],[-99.22122515284991,19.404669178877324],[-99.2211984414449,19.404681666192776],[-99.22116887609232,19.404696646225336],[-99.22113514345504,19.404716161782577],[-99.22110140093639,19.404735667170105],[-99.22104704837007,19.404769699282696],[-99.22101522016125,19.404791579607494],[-99.22098340093558,19.404813468402157],[-99.2209321430655,19.404849531443173],[-99.22086396542699,19.404892624407047],[-99.22084560925244,19.40490329427745],[-99.22082724409479,19.40491395567414],[-99.22078146415127,19.404937103518805],[-99.22071327213979,19.40496843105419],[-99.22062217578343,19.405011097802113],[-99.22059118210952,19.405024723842576],[-99.22056017945239,19.405038341409085],[-99.22048911193366,19.405064242064853],[-99.22044236719955,19.40508014899185],[-99.2204142175918,19.405088554904765],[-99.22038607696717,19.405096970137407],[-99.22032071644543,19.405113351540656],[-99.22028160289965,19.405121345671546],[-99.22016427034713,19.405145354327736],[-99.22033305300924,19.405058996523685],[-99.22037596912361,19.405037212825363],[-99.2204007662187,19.40502133046548],[-99.22043033067307,19.4050011489786],[-99.22045606830427,19.404982323145916],[-99.22049062649319,19.404953299382566],[-99.22056189164134,19.404890501956043],[-99.22058952022618,19.40486013522798],[-99.22061381695968,19.40482953464343],[-99.22063763758611,19.404794192638604],[-99.22066346235387,19.404749902432687],[-99.22067095699833,19.40473347439215],[-99.22067892595321,19.404713317440894],[-99.22068201525943,19.4047039701729],[-99.22068842384071,19.40468325400858],[-99.22069175120048,19.404671865624405],[-99.22069911738583,19.404643184109716],[-99.2207079711813,19.404594104147044],[-99.22071150335697,19.404567871279692],[-99.22071350839667,19.40452943831248],[-99.22071298288228,19.404493662430973],[-99.22070598770114,19.404436847529237],[-99.22069302411327,19.404377090821953],[-99.22068172690028,19.404318245775407],[-99.22067043867037,19.404259392234703],[-99.22064246513243,19.40410765199818],[-99.22061803814324,19.403975098517396],[-99.22060884478459,19.403919268833917],[-99.22059009155473,19.403820739885113],[-99.22054070038378,19.403571942733848],[-99.22052410939884,19.403505161649317],[-99.22051762356246,19.40349124824914],[-99.22051112784463,19.403477344167985],[-99.22050321458528,19.403462691078467],[-99.2204952914445,19.403448046460433],[-99.22048386397574,19.403430323623997],[-99.22047452419177,19.403417639640423],[-99.22046517362794,19.40340496412864],[-99.22044700789631,19.40338404699033],[-99.22042758631987,19.40336611062896],[-99.22040654777588,19.403348878366785],[-99.2203854993505,19.403331655422924],[-99.22036006265489,19.403312573514114],[-99.22035236139794,19.40330812437296],[-99.22034467002247,19.40330366591129],[-99.22033061049001,19.40329603009644],[-99.22031588530581,19.403290310013418],[-99.22028910113735,19.403283301195735],[-99.22027738530942,19.403281065186217],[-99.22026565870165,19.40327883849702],[-99.22025327632382,19.403278192011484],[-99.22024088496279,19.403277553998844],[-99.22022916913485,19.403276907513423],[-99.22021744342545,19.403276269500743],[-99.22017139937721,19.40327923587794],[-99.22012469147403,19.40328860525761],[-99.22007694601669,19.403297486595093],[-99.2200395832874,19.403305371514335],[-99.21999686390404,19.40331617451393],[-99.21995413463922,19.40332696903986],[-99.21986028494658,19.40335735554182],[-99.21975002752521,19.40338966031103],[-99.21948122913435,19.403476407909032],[-99.21928299430733,19.40353950412864],[-99.21910448468735,19.40359273275421],[-99.21896541200663,19.40363413909186],[-99.21881960016465,19.40367406604685],[-99.21873656708627,19.403694768782945],[-99.21854197043622,19.403737671412138],[-99.21836604526929,19.40377612574871],[-99.21818596808909,19.40380917266216],[-99.2177723666643,19.403881185644604],[-99.21745269578054,19.40393593335073],[-99.21712628034565,19.404002502435848],[-99.21770101797284,19.403614884370867],[-99.2182923097541,19.403216793668882],[-99.21864243532262,19.4029868275908],[-99.21902599618603,19.402761157830565],[-99.2194511274875,19.402476979269323],[-99.2196427156797,19.402346702847044],[-99.2198343137534,19.4022164347935],[-99.22017626016127,19.401988272899697],[-99.22043716236077,19.401802657958488],[-99.22060565576535,19.401687900190325],[-99.22078976907609,19.401550887922816],[-99.22097816735075,19.401423978792096],[-99.22104427976238,19.401384154655936],[-99.22115447879324,19.40132407230954],[-99.22147724616974,19.401155295957203],[-99.22199538454423,19.40088336410464],[-99.22213807024896,19.400812281832977],[-99.22217022364795,19.40079578306829],[-99.22222850544523,19.400762778755453],[-99.22226016207588,19.4007427772167],[-99.22229500503079,19.40071834002032],[-99.22232046687922,19.400698330850485],[-99.2223442524713,19.400678330998478],[-99.2223622627944,19.400661376368515],[-99.22237942690454,19.400645631692633],[-99.22241160096475,19.40060943045569],[-99.22243170346417,19.40058656923269],[-99.22246756960024,19.400546230575316],[-99.2225208361033,19.40048717570512],[-99.2225898644464,19.40040620092558],[-99.22312251690086,19.399786760788153],[-99.2233013014053,19.399583331959064],[-99.22346596529185,19.399387898982972]]]}},{"type":"Feature","properties":{"colonia":"Bosque De Las Lomas","alc":"Miguel Hidalgo","cve_alc":"016","cve_col":"016-020","clasif":"Colonia","entidad":"Ciudad de México","cve_ent":"09"},"geometry":{"type":"Polygon","coordinates":[[[-99.25921911122917,19.39266599374643],[-99.25921266491866,19.392659387809545],[-99.25919670904264,19.39264963396852],[-99.25918250757627,19.392644196526028],[-99.2591648898169,19.392640791875177],[-99.25914432468515,19.392641009644013],[-99.25912580771217,19.392645109968992],[-99.25910911970911,19.39265245987942],[-99.2590950404137,19.392662246766903],[-99.25908561439141,19.392671488807977],[-99.2590446817572,19.392636039938306],[-99.25898437336062,19.392583380537005],[-99.2589455490723,19.392555461201194],[-99.25890924006684,19.39253397070677],[-99.25889063955056,19.392524841355367],[-99.25886847092603,19.392517068611312],[-99.25884415263295,19.392512015014088],[-99.25882038860038,19.392510527914233],[-99.2587908969096,19.392511247314737],[-99.25877053210216,19.392513650400165],[-99.25875266191618,19.39251740755146],[-99.25872051121215,19.39252797061979],[-99.25869515626326,19.392540552923002],[-99.25867435038296,19.39255305218483],[-99.25865565913688,19.392569342489757],[-99.25859268813375,19.392621784126746],[-99.25856908939129,19.392644624437537],[-99.25855383150616,19.392656840676715],[-99.25850808659693,19.392693507182944],[-99.25844116929483,19.392734356196513],[-99.25837540453118,19.392760621476288],[-99.25830804435958,19.39277642199275],[-99.25825998988181,19.392786216498894],[-99.25817213734197,19.392795688164504],[-99.2579597845919,19.392818423379815],[-99.25771746763729,19.39283185470387],[-99.2573057544712,19.39286346673691],[-99.25721926916722,19.39286788904862],[-99.25710935580064,19.39287600749406],[-99.25698091468134,19.392886654426682],[-99.25688045159151,19.39289614896482],[-99.25684902942122,19.392900300124257],[-99.25681761713233,19.392904460604274],[-99.25674613010034,19.392926619607618],[-99.25668076688365,19.392956252217335],[-99.25655952935459,19.393036444365585],[-99.2564449950542,19.393122411992458],[-99.25633047063525,19.39320838889477],[-99.25625607845164,19.39326121417379],[-99.25607265864026,19.39339421700262],[-99.25602660650723,19.393427181290107],[-99.2559777911564,19.39345529706046],[-99.25591006806543,19.393486420901752],[-99.25584586816704,19.393504088049117],[-99.25577810375353,19.39351315972607],[-99.25571349871494,19.393521101891633],[-99.25563253445675,19.39352906947708],[-99.25553483278814,19.39354042305268],[-99.25539772202798,19.39355370010033],[-99.25527047117642,19.39356696443675],[-99.25521334820581,19.39357714189514],[-99.255147956243,19.393591440837564],[-99.2551026631864,19.3936038425742],[-99.25506171168755,19.393619981099327],[-99.25501760171214,19.39363687037],[-99.25496130788656,19.393667978924235],[-99.25489201903201,19.393708458251158],[-99.25483059672446,19.39374182665804],[-99.25473925153483,19.39378907031127],[-99.25465068034273,19.393844529792357],[-99.2545128931512,19.393928105790554],[-99.25446526986471,19.393960699681102],[-99.25441054719259,19.39399442646216],[-99.25437552098134,19.394021027086303],[-99.25435978878578,19.39403806544765],[-99.25434404760705,19.39405509448641],[-99.2543161513242,19.39410262360296],[-99.25430438968218,19.394140402343346],[-99.25429459804563,19.394178928430282],[-99.2542934634734,19.39421071475414],[-99.2542970594295,19.394243609394263],[-99.25430932592468,19.39427799873734],[-99.25431388217983,19.39429107151575],[-99.25432810430739,19.394315735070045],[-99.25435121167145,19.394352719802587],[-99.2544300442275,19.394433373910626],[-99.25450463763377,19.39450655274582],[-99.2545671747506,19.394562933040664],[-99.25462972085057,19.39461930399524],[-99.25470824438618,19.394690982109548],[-99.25476025863775,19.394753074250435],[-99.25477981406317,19.39478557307391],[-99.25479118044643,19.39480939768813],[-99.25480523009749,19.39485050460881],[-99.25480879101929,19.394870250975735],[-99.25481027323949,19.39490212613498],[-99.25480889432555,19.394939438654053],[-99.25480066216424,19.394992511641096],[-99.25477927687064,19.394990283143702],[-99.25475882582487,19.394991249955673],[-99.25473934675624,19.39499503416447],[-99.25471965029533,19.395001996735655],[-99.25469994664785,19.39501275198834],[-99.25468338530729,19.39502570862257],[-99.25466984050946,19.395040262486184],[-99.25465849658406,19.395057235495912],[-99.25464997965682,19.39507616669957],[-99.25464525002687,19.395093822659017],[-99.2546225900238,19.39507635141904],[-99.2545358325303,19.39505442318407],[-99.25444545752116,19.39503030203759],[-99.25436602399213,19.395001841673004],[-99.25431944544634,19.3949778806654],[-99.25427287588371,19.394953910333662],[-99.2541737746399,19.394896039706932],[-99.2540929244677,19.394832507145587],[-99.253937126953,19.394694188440234],[-99.25374340436365,19.394518684111212],[-99.25366864117582,19.39444761770073],[-99.25359386720818,19.394376560579904],[-99.25347000749687,19.394251915033514],[-99.2533661730298,19.394133355848467],[-99.25309186257628,19.39379253171004],[-99.25297730851295,19.393681444919363],[-99.2529286512656,19.393648960280295],[-99.252867114872,19.39361173135251],[-99.25283599633222,19.393596178341802],[-99.25280542217158,19.393583496980913],[-99.25278511844948,19.393575813258586],[-99.25276482550726,19.393568120215186],[-99.25272620962814,19.393556309075265],[-99.25268294047585,19.393545511359072],[-99.25262001888004,19.39353372987462],[-99.25254100576262,19.393522650838392],[-99.25246200072999,19.39351156332789],[-99.25233723192353,19.393485399003325],[-99.25201712895017,19.39345258047114],[-99.25176526020913,19.393437347741777],[-99.25168039816087,19.393435734395965],[-99.25157408703853,19.393435875055296],[-99.25153440485919,19.393440046537116],[-99.25149471190004,19.393444210392822],[-99.25143086144628,19.39345685448132],[-99.25135744213812,19.39347990651133],[-99.25097580726269,19.393640185181557],[-99.2508773060935,19.39367149201373],[-99.25082166983469,19.39368802454718],[-99.25078654840205,19.393696294626306],[-99.25072314351263,19.393707205029283],[-99.25063921032239,19.393715984361137],[-99.25048957255561,19.393723114761286],[-99.25035360535081,19.393721570053103],[-99.25029315502042,19.39372165224543],[-99.25018481550224,19.39371957032115],[-99.25008544835704,19.393714956532882],[-99.25001324267285,19.393711666295857],[-99.24997749601272,19.393707646495578],[-99.24993459067817,19.39370092112534],[-99.24988382328814,19.393690135281535],[-99.249848777314,19.39367933333743],[-99.24981374032294,19.39366852207195],[-99.2497372002675,19.3936381083402],[-99.2496483389196,19.393593232971583],[-99.249496120293,19.39352176705747],[-99.2493938300299,19.39347577824512],[-99.24932874259598,19.39345144502821],[-99.24928940357306,19.393439967733965],[-99.24925007802489,19.393433917687137],[-99.24919503106092,19.393430601176732],[-99.24914356388335,19.393429315753597],[-99.24908208767687,19.39343211538322],[-99.24903920749509,19.39343692067968],[-99.24899418842466,19.393446819369537],[-99.24893845874107,19.39346656675405],[-99.24888059016877,19.393491741382412],[-99.2488231114653,19.393533540069384],[-99.2487770737053,19.393581428612325],[-99.2487217500602,19.393631353310095],[-99.24866892732489,19.39368026541613],[-99.24853510080543,19.393791177654872],[-99.2483172979766,19.39397763636775],[-99.2480328078143,19.394216678343366],[-99.24799496268969,19.394241491888266],[-99.24795781914932,19.394261889087186],[-99.24791245332916,19.39428229899359],[-99.24785708387,19.394300690531086],[-99.24780921085187,19.39431228808713],[-99.24775841291917,19.394317620403548],[-99.24771000989506,19.394318111861256],[-99.2476615987861,19.39431859399832],[-99.24754863833405,19.394307220988118],[-99.24735059215327,19.394285104539946],[-99.24714109694416,19.394260969721902],[-99.2469416996972,19.394239222708197],[-99.24686531235534,19.394228239469577],[-99.24670584162943,19.394212696685774],[-99.246637909231,19.39420866334044],[-99.24657569820268,19.394210045354374],[-99.24652706880306,19.394212775488597],[-99.24647415982949,19.394220943860066],[-99.24642732256886,19.394231483939766],[-99.24638263857003,19.39424540999442],[-99.2463390316512,19.39426307367012],[-99.24630542657471,19.39428038993409],[-99.24627111003251,19.394300424466046],[-99.24623357752162,19.394323511964913],[-99.24619819557755,19.39434727648576],[-99.24614958863586,19.3943764733037],[-99.24598015828843,19.394489873705755],[-99.24573424717435,19.394653504302404],[-99.2456059327175,19.394734992889983],[-99.24550191858738,19.39480425264953],[-99.24543293695669,19.394855852159708],[-99.24537182277129,19.394902013439125],[-99.24531212882232,19.394952597807734],[-99.24526531851117,19.394997063537563],[-99.24522492756108,19.395035079324714],[-99.24517240126981,19.39508769217655],[-99.24514595756278,19.395114504456146],[-99.24511986509704,19.39514063970941],[-99.24510699583223,19.39515557147487],[-99.24509592409639,19.395168805176723],[-99.24508091594294,19.395187982942222],[-99.24506019270765,19.39521615602738],[-99.24503625530029,19.39525059769987],[-99.24502767728761,19.39526519391018],[-99.24501053294041,19.395294720177215],[-99.245000169077,19.395314572407223],[-99.24498516541509,19.395343754647026],[-99.24497445210702,19.395368862893005],[-99.2449686840246,19.395388271110196],[-99.2449569610101,19.395431980898053],[-99.24494067724896,19.395489897090233],[-99.2448996646647,19.395639965948142],[-99.24488308176454,19.39571191475969],[-99.24487060686015,19.395794021370552],[-99.24486062298413,19.39585238652043],[-99.24483923230058,19.395979627914475],[-99.2448124687933,19.396095665790096],[-99.24478999024996,19.396196106759554],[-99.24474841711694,19.39630931524419],[-99.24473250435997,19.396349144011857],[-99.244717853736,19.396379347098968],[-99.24469463318421,19.396420750188458],[-99.24466033909997,19.396470835855293],[-99.2446392538436,19.396500843186754],[-99.24461102338745,19.39653427457072],[-99.24458315225746,19.396561259467173],[-99.2445474136822,19.396596898131026],[-99.24441299696961,19.396718887201455],[-99.24421320626057,19.396896537980194],[-99.24408344821103,19.396765802921752],[-99.24404985032103,19.396740415273065],[-99.24399647781678,19.396715370788495],[-99.2439507122463,19.39669910038705],[-99.2439185220164,19.39669131259043],[-99.24388813111204,19.3966842001144],[-99.24384128576658,19.396676418248372],[-99.2438030355018,19.396673481407245],[-99.24377299134714,19.396674406690153],[-99.2437340215318,19.396678838218847],[-99.24370503469423,19.396682995213066],[-99.24368340505877,19.396687601291298],[-99.24366027164358,19.396693344484316],[-99.24362896625426,19.396703408205216],[-99.24360416915916,19.396712746612252],[-99.24358530094493,19.396720972476626],[-99.2435627792824,19.396732513089123],[-99.24354670123547,19.396744140975606],[-99.24352703711394,19.3967584887848],[-99.24349808800555,19.396782927423192],[-99.24346342291707,19.396813472750353],[-99.24340766718234,19.396863711662597],[-99.24334029533264,19.396920737651467],[-99.24314197606398,19.39709398889087],[-99.24299218827859,19.39723573214189],[-99.24277249000451,19.39742363837538],[-99.24270534902188,19.397487986745947],[-99.24262492375276,19.397575277236044],[-99.24257594760346,19.39763271053832],[-99.2424906858049,19.397738378542673],[-99.24240905679338,19.39783772375739],[-99.24235403498224,19.39791237963901],[-99.24230324962595,19.397988180218164],[-99.24222858704941,19.398108482076548],[-99.24216601040675,19.398228155133978],[-99.2421593736534,19.398240836132917],[-99.24210738904621,19.398339599779497],[-99.24204512771222,19.398462478923385],[-99.24197865507614,19.39861463452747],[-99.24193948852974,19.398710422166157],[-99.24184441443333,19.398942369384585],[-99.24177421289048,19.39910068537473],[-99.2417271160168,19.399209895051715],[-99.24169097140303,19.39927666857893],[-99.2416377695786,19.39935705757896],[-99.24158154043177,19.39943458515891],[-99.24142675262348,19.399660831469898],[-99.24133606949214,19.39979750132039],[-99.24120757806713,19.40002705926617],[-99.24101174982681,19.40039697118609],[-99.24094706393984,19.400506648554696],[-99.24090958981945,19.40057899429658],[-99.24086847572553,19.40064158833893],[-99.24082433251243,19.400699010391257],[-99.24078744319532,19.400739786221397],[-99.24076023771696,19.400769361486123],[-99.24071547736125,19.400809572144876],[-99.24069280657844,19.40082880601522],[-99.24066785227816,19.40084934134667],[-99.24063957600796,19.400869020048297],[-99.24058362983041,19.400900900811006],[-99.24051951617022,19.4009319266353],[-99.24048593624663,19.400945142073862],[-99.24044661788496,19.400958648984826],[-99.2403655602019,19.400981076334674],[-99.24004372348,19.401057554176102],[-99.23986103040575,19.4010983892278],[-99.23964505924174,19.401146695808105],[-99.23950410548882,19.40117947720182],[-99.23942818616922,19.401200456476797],[-99.2393459220488,19.401226902560698],[-99.23928664042653,19.401251604887175],[-99.23925457416418,19.401265975176134],[-99.23919983622066,19.401298432875432],[-99.23916324424589,19.401323415648704],[-99.23913481616039,19.401344954126035],[-99.23910881532282,19.401367069614682],[-99.23908523274999,19.401390331502842],[-99.23906164029566,19.401413592540354],[-99.23900360104344,19.401492835777315],[-99.23896279058008,19.40155542099509],[-99.2389307413857,19.40161026353466],[-99.23891688756737,19.401639056580827],[-99.23890105925207,19.401680763360925],[-99.23887499643077,19.401756191913396],[-99.23880717901667,19.401976857213317],[-99.2387821088337,19.40206011468616],[-99.23874373370307,19.4021657628693],[-99.23872076288298,19.40221628482152],[-99.23870021302257,19.402256196873118],[-99.23866786738414,19.402306154495886],[-99.23864580026913,19.402337442714835],[-99.23860044612707,19.402390854750255],[-99.2385442053021,19.40244857019772],[-99.23848553633088,19.402504849454125],[-99.2383809239228,19.40261568874148],[-99.23824061516028,19.402756973030854],[-99.23803378345599,19.402949365251143],[-99.2380023325396,19.402979230736776],[-99.23795758026874,19.40301944084921],[-99.2379116179672,19.403056481219664],[-99.23787864979627,19.403077163699248],[-99.23782935115182,19.40310215128315],[-99.23760281849503,19.403208160584185],[-99.23755321622002,19.403234873239533],[-99.23753840210264,19.403243203838734],[-99.2375139014516,19.403259865035697],[-99.23748638874939,19.4032842654166],[-99.23746370898344,19.40330723810323],[-99.23743831091542,19.403338825224473],[-99.23742500596771,19.40336064727844],[-99.23741186451343,19.403387344657446],[-99.23740294603925,19.40340830670186],[-99.23739576041532,19.403429575463953],[-99.23738451889784,19.403470593782824],[-99.23736067761024,19.40360092353166],[-99.2373187361679,19.40384750327742],[-99.23730093335564,19.403967500862148],[-99.2372927901276,19.40402174694343],[-99.23728373690612,19.40406050708475],[-99.23727225374186,19.40409236942883],[-99.23725563221414,19.404125668770323],[-99.23724050907634,19.40414950472648],[-99.23721813563591,19.404175348755413],[-99.23719696953118,19.404198600074512],[-99.23717459339574,19.40421870879403],[-99.23715221636203,19.404236226500537],[-99.23712318730364,19.404256330131677],[-99.23709899028316,19.404269252138192],[-99.23706632394611,19.4042850489953],[-99.23702035266143,19.40430344279136],[-99.23693625867278,19.40432816329099],[-99.23685731292896,19.404352872771934],[-99.23676627316648,19.40438333872744],[-99.23669398124399,19.404410058815348],[-99.23664891456283,19.404429021127772],[-99.23661262442198,19.404449415354943],[-99.23659417572101,19.40446233565154],[-99.2365216008292,19.404518340537273],[-99.23649317454037,19.404544754732118],[-99.23639762433682,19.404646405495495],[-99.23626118551655,19.40478755076065],[-99.23624884715609,19.4048003151297],[-99.23594643111235,19.40511473685103],[-99.23551527211534,19.40556583906733],[-99.23530055769444,19.405792553870636],[-99.23510376466345,19.405995233564965],[-99.23449044798802,19.406200470094966],[-99.23393495047762,19.4063861427165],[-99.23365223538634,19.406460906515917],[-99.23344098756408,19.406514947571786],[-99.23332865144121,19.406582632312485],[-99.23328539486535,19.40658250352637],[-99.23326421887913,19.406584226887826],[-99.23325105676355,19.406585956180276],[-99.23323350727618,19.40658912330172],[-99.23320916472859,19.40659558887251],[-99.23318496501317,19.406603489730124],[-99.23316741732243,19.406610385717006],[-99.23314775859073,19.406621012263443],[-99.23312901344572,19.40663336301755],[-99.23310753921884,19.406649733251317],[-99.23307230909003,19.40668117907558],[-99.23303541528132,19.406719651356383],[-99.23301152907793,19.406748934918188],[-99.23299202844973,19.406775499566056],[-99.23297086593823,19.40680865601579],[-99.2329589201416,19.40682904147191],[-99.23293624935879,19.406876266921284],[-99.23292234972642,19.406915028924274],[-99.23291069947548,19.406959189754794],[-99.23290725084313,19.406975598083154],[-99.23290090873716,19.407014348200487],[-99.23289699298088,19.407050514968255],[-99.23289620156511,19.407070092094138],[-99.2328968636235,19.40710720525506],[-99.23290066529374,19.40714136396252],[-99.23290703075588,19.40718312525188],[-99.23291399898751,19.407210962434014],[-99.23292414905191,19.40724411625325],[-99.23293928835939,19.4072850166864],[-99.2329507957782,19.407309835863774],[-99.2329632060038,19.407331792101438],[-99.23297743352133,19.407352601128398],[-99.23299075553696,19.407369239028064],[-99.23300649491907,19.407386453071627],[-99.23302252894857,19.407402809673293],[-99.23303796200516,19.407416014418853],[-99.23305279498713,19.407427197570936],[-99.23307609099741,19.407442693339547],[-99.23310150882837,19.407457032579778],[-99.23312541120143,19.407467643820038],[-99.23315385365997,19.407476825711086],[-99.23318955809924,19.40748656510687],[-99.23302706903402,19.408178491128517],[-99.23295240825414,19.408522153976463],[-99.23280378109203,19.409206363800767],[-99.23274061515455,19.409377748145815],[-99.2327276309054,19.409420807713957],[-99.23271161214724,19.409465593143295],[-99.23269922168456,19.40949286820016],[-99.23268259746189,19.409525309854324],[-99.23264238617483,19.409597943890233],[-99.23260944225844,19.40966053276743],[-99.23258888161818,19.40970272890192],[-99.23257256551771,19.409742348506047],[-99.23255806042083,19.409791152402743],[-99.23255111554538,19.409821296227822],[-99.2325477962704,19.409852008558886],[-99.23254630327035,19.40990080733909],[-99.23254843766749,19.409932664302712],[-99.23255420754657,19.4099834736051],[-99.23256269393103,19.410023942941784],[-99.23257208402069,19.410060673314824],[-99.23260359692087,19.41017949625169],[-99.23262238877831,19.410259287630137],[-99.23263410011465,19.41031741798339],[-99.23264037035534,19.410361202555052],[-99.23264180406656,19.41039820651587],[-99.23264000563931,19.41044873014726],[-99.2326354826219,19.410489492518906],[-99.23262551401719,19.410528244340682],[-99.23261116612548,19.410564558596956],[-99.23259634931313,19.410592692587066],[-99.23256792841421,19.410638059758607],[-99.23247178083106,19.410782186398382],[-99.2324409416673,19.410826398708558],[-99.23240255126534,19.41088296736875],[-99.23237805959745,19.410924306611797],[-99.23236143537476,19.410956747980514],[-99.23234571755226,19.410994499083838],[-99.2323360498832,19.411024500347246],[-99.2323272877159,19.411057796574926],[-99.23231460530072,19.411118085444514],[-99.23230495380132,19.41118840492077],[-99.23230012625496,19.411230892960997],[-99.23224158843779,19.411602921250996],[-99.23220524170306,19.411867719980297],[-99.23219513385949,19.4119404961549],[-99.23219333273735,19.411981537744737],[-99.23219303629334,19.412003354402767],[-99.2321957797482,19.412031193301484],[-99.23219910980296,19.412053008258415],[-99.23220425894618,19.412076836274608],[-99.23221214705269,19.412119021615084],[-99.23222214530182,19.412153756245782],[-99.2322429125545,19.41220119196075],[-99.23225462838248,19.412222246066484],[-99.23227149515023,19.412249889213577],[-99.23228601821344,19.412269407253415],[-99.23230751040661,19.412295233894206],[-99.232343226524,19.412333969188],[-99.23239919515943,19.41238904023867],[-99.23292457664996,19.41282947664994],[-99.23301718846419,19.412906946973546],[-99.23306968151783,19.412959545572768],[-99.23309769547996,19.412989009321063],[-99.2331315943055,19.413025739871497],[-99.23318697813772,19.413096044966903],[-99.23320392934713,19.413118712954613],[-99.23322179593983,19.413145118974658],[-99.23323662532856,19.41316979237907],[-99.23326236295975,19.413219728010183],[-99.23332351217945,19.41332993388332],[-99.2333633156314,19.413397797944288],[-99.23338370559166,19.413429340743544],[-99.23339945844853,19.41345443857272],[-99.23341197467539,19.413477171748017],[-99.23342557427043,19.41349819688238],[-99.23343702329878,19.41351888989539],[-99.23344740782346,19.413542806657098],[-99.23345170716037,19.413559428673064],[-99.23345475155088,19.41357978108771],[-99.23345673143778,19.413603529239527],[-99.2334574509883,19.413616767371245],[-99.23345603165018,19.413636615670672],[-99.23342395101476,19.41390498897758],[-99.23324955657708,19.414873497910715],[-99.23324235568174,19.414930353222342],[-99.23323880553977,19.414978537928665],[-99.23323738350663,19.415016194055426],[-99.23323847046812,19.415043680836487],[-99.23324098485263,19.415069803568137],[-99.23324600733336,19.415109831077793],[-99.23325175116128,19.415143728003784],[-99.23326463659573,19.415185821047388],[-99.23327895663971,19.41522313653879],[-99.23329040836292,19.415249598981593],[-99.23334210730583,19.41535981788155],[-99.23339008003695,19.41548069317476],[-99.23342207623077,19.415566917512393],[-99.23344560400636,19.415635355908627],[-99.2334691587314,19.415721592872888],[-99.2334873064968,19.41580865329784],[-99.23350021977897,19.41589415308128],[-99.23351026833379,19.415983030718035],[-99.23353838290721,19.416281750349274],[-99.233551616888,19.4163617683311],[-99.23356763205285,19.41642221874836],[-99.23358874336036,19.416469355841723],[-99.23361911719671,19.416519353154023],[-99.23365039024671,19.416559072764038],[-99.23367377519023,19.416579933138074],[-99.23372329392193,19.416615203956123],[-99.23374620904653,19.41662849606497],[-99.23378016716087,19.416645541377637],[-99.23380019599844,19.41665350783055],[-99.23381987269642,19.41665946890243],[-99.23384990517305,19.41666621196235],[-99.23388097340712,19.416669804194164],[-99.23392149281634,19.416672551743197],[-99.23396144988016,19.41667127328148],[-99.23400158570875,19.4166673752016],[-99.2340382172094,19.416659117304285],[-99.23407154560475,19.416648188107345],[-99.234077788896,19.41664614460157],[-99.23410906823418,19.41663020491718],[-99.23415542848937,19.416602185499848],[-99.23419957888898,19.41656858710115],[-99.23423487279814,19.4165259157608],[-99.23428708288247,19.416463643847138],[-99.23431502408101,19.41643146875904],[-99.23455398942139,19.4161432338402],[-99.23458929500866,19.416104058048585],[-99.23462459071449,19.41606487292801],[-99.23468785187342,19.41600609141695],[-99.23480262063408,19.415915089791174],[-99.23493504847667,19.41580730366208],[-99.23506602554002,19.415714887051777],[-99.23521023568587,19.41560707876198],[-99.23531472232982,19.4155342576311],[-99.23535517706033,19.415496117855724],[-99.2353779825904,19.41547233354932],[-99.23540077734076,19.415448539920064],[-99.23541769171926,19.41542755655235],[-99.23543459621631,19.41540656470952],[-99.23547428917539,19.415345020138957],[-99.23550513013573,19.415282087779325],[-99.23555503963463,19.415161816415246],[-99.23577082933893,19.41463601046597],[-99.23581636224571,19.414543706719442],[-99.23584809074158,19.414487772217974],[-99.2358560417301,19.414473772492105],[-99.23593173736927,19.41435906348517],[-99.23604053143497,19.414210064165573],[-99.23624269100145,19.413937959275756],[-99.23627503035169,19.413887596009488],[-99.23631324827714,19.41382745050312],[-99.23634410001726,19.413770098323475],[-99.23653064596576,19.41339947378804],[-99.23659378405556,19.413256830447864],[-99.23676857465026,19.41290997671842],[-99.23684203168766,19.412771509865742],[-99.23690224216789,19.41263865589649],[-99.23692720365473,19.41258690443923],[-99.23697130015537,19.412521158154973],[-99.23702129948573,19.41245820013228],[-99.23708015620487,19.412410598431798],[-99.23712724499374,19.412375598667857],[-99.23718685090776,19.412342670415214],[-99.2372144561365,19.412329710076886],[-99.23724205238204,19.41231674126496],[-99.2373075737022,19.412294295144203],[-99.23741138032146,19.412262713151364],[-99.23764698416602,19.412195312061183],[-99.2379613558879,19.41210265955706],[-99.23822272431303,19.412035924337886],[-99.23834200890468,19.41200921228099],[-99.23847750449396,19.41198667461476],[-99.23852316136822,19.41198521141596],[-99.23858946422277,19.411989321420307],[-99.23879978139034,19.41201525316456],[-99.23929929858723,19.41210823529792],[-99.23956157520914,19.412158211075802],[-99.23963820060453,19.41217348610914],[-99.23966471797344,19.412176237970314],[-99.23970817667026,19.4121768801842],[-99.23973432303492,19.412177899423405],[-99.23976047838272,19.412178909342963],[-99.23980467010479,19.41217955070951],[-99.23984959395386,19.412178096832218],[-99.23989157582032,19.41217524414855],[-99.23996742776629,19.412165361848714],[-99.23999724554552,19.4121600767159],[-99.24002707140959,19.41215480005528],[-99.24020009591644,19.41211193777281],[-99.24061828773239,19.412000970244637],[-99.24072431319041,19.411972880555137],[-99.24079056663753,19.411951823028094],[-99.24080861019831,19.411945512716883],[-99.24082664297934,19.411939193085797],[-99.24087374703957,19.41191817029171],[-99.24091349299935,19.411896455292055],[-99.24107023733829,19.41180190138903],[-99.24112579634205,19.411766887937993],[-99.24120784486682,19.411715058256146],[-99.24125640958772,19.41168459875777],[-99.24127848478751,19.41167094531595],[-99.24130792527433,19.411654128239316],[-99.2413432470313,19.41163661387361],[-99.2413763724074,19.411622595262667],[-99.24146103952124,19.41159522651835],[-99.24163293484577,19.411541183761674],[-99.24180484005177,19.411487149459635],[-99.24196864694552,19.41143835623903],[-99.24213246372074,19.411389572323472],[-99.24222890415469,19.411360789476007],[-99.24232018197071,19.411324325433956],[-99.24240408012666,19.41128228307305],[-99.24250269628027,19.411224846964732],[-99.24257921208121,19.411168838457737],[-99.24270426475528,19.411062449692356],[-99.24279033773256,19.410989659568603],[-99.24287640172669,19.410916860092566],[-99.24292716103179,19.410878353219985],[-99.2429779302184,19.41083985481086],[-99.24299521919436,19.410829346308407],[-99.24301251715346,19.410818845430637],[-99.24304783891044,19.410800626905935],[-99.24310010019872,19.410778192437423],[-99.24314574898821,19.410762758836224],[-99.24317519396655,19.41075502593732],[-99.24329225792286,19.410725521115875],[-99.24345717872752,19.410679877763414],[-99.24349987924626,19.410667244333283],[-99.24351607587086,19.410661630416374],[-99.24354035912958,19.4106500619855],[-99.24356465316812,19.410638502026185],[-99.24361469112608,19.410604889686216],[-99.24366913172724,19.41056219051559],[-99.24369119435065,19.410543290767922],[-99.24377647052223,19.410436249205386],[-99.24387276542913,19.410304046563684],[-99.24395362817772,19.410203300819255],[-99.24401833023438,19.41012354753996],[-99.2440742323945,19.41007245953321],[-99.24411322197277,19.410042354728564],[-99.24416656034111,19.410005589613803],[-99.24421990859089,19.40996883296337],[-99.24425779593629,19.409941871472373],[-99.2442956922649,19.409914918449683],[-99.24437369657423,19.409868688565766],[-99.24445317861229,19.40982805566931],[-99.24453487948904,19.409790907544433],[-99.24463868251507,19.409757922001997],[-99.24474101230405,19.40972843140309],[-99.24501416662577,19.409660968259498],[-99.24533440434642,19.409553617712955],[-99.24528707121578,19.40945017297386],[-99.24542108458486,19.409340960852006],[-99.24581456195061,19.409020271614136],[-99.24609202549073,19.4087959006104],[-99.2461284162429,19.408766483549087],[-99.24614246858889,19.408755108159866],[-99.24614426881274,19.40875751863085],[-99.2461681936437,19.408772380518055],[-99.2462003784837,19.40878489124187],[-99.24623219860769,19.40878993416645],[-99.24626615672206,19.408789205518115],[-99.24630618654943,19.408785765620024],[-99.24635513125772,19.408775783984087],[-99.24701521782004,19.40858269542424],[-99.24700578101795,19.408572496028345],[-99.24698149596261,19.40854208508266],[-99.2468298064437,19.40839100801585],[-99.24675441892677,19.408335569591372],[-99.24669898119562,19.408281523209627],[-99.24673078604826,19.408275296635615],[-99.24675839127693,19.408264773563918],[-99.24679260720778,19.408246562378476],[-99.24683859196719,19.40821679783771],[-99.24747523699216,19.407701537443216],[-99.24748149106321,19.407607758049107],[-99.24748747743628,19.407451618508485],[-99.24756208521553,19.40745151344665],[-99.24772117954733,19.407449880752477],[-99.24777805637953,19.407448518338292],[-99.24777534167072,19.407348829068837],[-99.24782371055892,19.407350243167546],[-99.24798264678718,19.407354867583827],[-99.2480454920261,19.407318936425607],[-99.24818962940843,19.407211605514792],[-99.24832616345014,19.407105351418842],[-99.24836019432803,19.407079456171772],[-99.24833970375644,19.407042795449165],[-99.24833192614267,19.40701904972817],[-99.24832931563846,19.406994940522853],[-99.24833030827682,19.406981223989007],[-99.24833313797001,19.406968734308204],[-99.24833846138637,19.406955620184828],[-99.24834470827086,19.406943905758844],[-99.24836566506814,19.406921863046644],[-99.24838847059824,19.40690645703962],[-99.24841975802126,19.40689383687268],[-99.24846174258273,19.406899371275657],[-99.2485088807789,19.406895810177186],[-99.24854090122723,19.40688265792038],[-99.24918624553744,19.406370349452605],[-99.24992030297358,19.405791193984395],[-99.24995891795432,19.405758641438705],[-99.24999495117702,19.405721909246886],[-99.25014373913754,19.40563088237776],[-99.25015678267545,19.40562178256884],[-99.25063376024356,19.405232552591876],[-99.25070387644647,19.405179929463923],[-99.25091614924635,19.405005399808786],[-99.25098090610028,19.40498818551335],[-99.2509891014306,19.404971557537408],[-99.25100194194926,19.40495526169585],[-99.25119867299647,19.40480181482651],[-99.25117732633038,19.40474734616902],[-99.25122176059763,19.404705463092302],[-99.25160372245982,19.404374996324613],[-99.25160339906631,19.404374996324613],[-99.25167105298696,19.404309461084573],[-99.2516823349286,19.40429848445658],[-99.25171472997437,19.404294947872476],[-99.25174639199487,19.404290707191198],[-99.25177730751538,19.404278790918553],[-99.2518126256791,19.404258474620594],[-99.25184941528327,19.404231169030822],[-99.2518688961485,19.40421017489544],[-99.25193763703068,19.40413111176028],[-99.2519868970476,19.40407303511677],[-99.25212880660798,19.40391979330698],[-99.25228321532722,19.403753253108764],[-99.25242146694774,19.40361260091751],[-99.2525597374329,19.403490811045856],[-99.25280395432436,19.4032961902351],[-99.25291871320361,19.403203786849275],[-99.25297168685591,19.40316737096868],[-99.25300479606231,19.403147055379275],[-99.25302466320318,19.40313724878724],[-99.25305116440236,19.403128819896583],[-99.25306674208768,19.40312502909852],[-99.25308231078992,19.40312122898013],[-99.2531201981353,19.40311914378698],[-99.25314737127435,19.40312113493043],[-99.25317453453192,19.403123136241348],[-99.25322602865893,19.403134597601266],[-99.25338481486857,19.40318728409074],[-99.2535850843797,19.403252801142486],[-99.25371870249002,19.403297715364605],[-99.25375037978185,19.403303958227752],[-99.25378647229337,19.403308798819058],[-99.25381667095826,19.403309452930063],[-99.2538476008518,19.403306620425923],[-99.25387557798301,19.403299590426485],[-99.25390723641026,19.403289064490917],[-99.25393888315936,19.40327433936439],[-99.25396316462152,19.403261026676184],[-99.253989649651,19.403241427909467],[-99.25400913051628,19.403221128427926],[-99.2540286203647,19.403200838263974],[-99.2541101891891,19.403084718184036],[-99.25426292434696,19.402874364289236],[-99.25429929713283,19.402815633931468],[-99.25431959007511,19.402767105855055],[-99.25433166972076,19.402717570327695],[-99.25433622956909,19.40266601652289],[-99.2543347428573,19.402626673108525],[-99.25432825252936,19.402591071351985],[-99.25431136779531,19.402536484179787],[-99.25424831414719,19.402391276705206],[-99.25429986217318,19.40234172242288],[-99.25466283275193,19.402060163829702],[-99.25479986895188,19.401948387896017],[-99.25497458768136,19.401810514989226],[-99.25513813855528,19.401681207347416],[-99.25519512408364,19.401639723408135],[-99.255210203204,19.40162875337855],[-99.25522249485202,19.40161997955731],[-99.25520920517573,19.401578448153405],[-99.25520164046272,19.401546232838708],[-99.25519334452103,19.40149876605486],[-99.25519108346145,19.401469853514083],[-99.25519043128456,19.401460444206556],[-99.25518821963237,19.401419070360447],[-99.2551904842852,19.40138362678546],[-99.25519455095846,19.401353266181253],[-99.25520587601923,19.401282023127003],[-99.25535546887029,19.400598227346887],[-99.25537179844552,19.400524264101428],[-99.25538311991305,19.40044691667018],[-99.25538768964289,19.40039671614591],[-99.25539189645332,19.40034414229228],[-99.25539127931079,19.40029462212603],[-99.25538902274275,19.400221029017164],[-99.25537884932217,19.400117261448408],[-99.25535435406103,19.399997228825697],[-99.25530583874745,19.399825682080444],[-99.25525946591587,19.399657178703137],[-99.25521388539836,19.399492358425107],[-99.25519902007699,19.39940594000271],[-99.25518561541635,19.399292005828837],[-99.25518261504327,19.399197716586382],[-99.25518676436161,19.39910952711707],[-99.25520016992054,19.398996230765082],[-99.25521997867092,19.398862577538395],[-99.25523631094109,19.39879336356647],[-99.25539096939197,19.39826031179328],[-99.25541655969946,19.398169385816857],[-99.25549833064487,19.397889795958807],[-99.25553922734649,19.39775441582642],[-99.25558011596328,19.397619027955308],[-99.25563417028887,19.397439873964025],[-99.25566617905905,19.397340790329917],[-99.25569608846645,19.39726613333864],[-99.25572743966984,19.3972002901976],[-99.25575881782274,19.39714903798731],[-99.25579912073793,19.39709335763267],[-99.25585799452504,19.39702747374997],[-99.25592366586389,19.396965657858168],[-99.2561817266922,19.396737036975118],[-99.25623527436794,19.396694903568864],[-99.25653012569873,19.396446894552614],[-99.25686993860776,19.396156087305062],[-99.25701986563203,19.396031065211453],[-99.2572597562371,19.395838083539985],[-99.25764819225755,19.395554664808614],[-99.25847852483759,19.395019230729307],[-99.25875012956543,19.394871724496554],[-99.25908440436072,19.394696238153173],[-99.25922653131342,19.394617352572656],[-99.25930341093203,19.394570989545834],[-99.25937009018067,19.394528957259524],[-99.25943676044608,19.394486915641636],[-99.25948179838119,19.394444063955717],[-99.25952139611888,19.394390938254695],[-99.25954478465566,19.394351537762287],[-99.25957273393907,19.394297361328285],[-99.25959328739279,19.394225652536278],[-99.25959759301794,19.394199138374525],[-99.2596014638585,19.39416046993885],[-99.2596013875017,19.39410992938593],[-99.25959773764666,19.39406737247565],[-99.25959377338135,19.394042280128502],[-99.25957794057445,19.39398023432032],[-99.2595193515533,19.393772493726097],[-99.25951762588969,19.393766353873165],[-99.25946076343051,19.39356475201942],[-99.25926676146511,19.392936219214548],[-99.25925312144582,19.39289757759412],[-99.25923159691331,19.392851481839433],[-99.25920203874722,19.39280114593832],[-99.25921323534891,19.39279372655202],[-99.25922739818765,19.392779993568578],[-99.2592383899735,19.392762866951163],[-99.25924520189825,19.392742473801153],[-99.25924645504811,19.39272029528391],[-99.25924183680921,19.392698860736257],[-99.25923078573459,19.392677943916304],[-99.25921911122917,19.39266599374643]]]}},{"type":"Feature","properties":{"colonia":"Cuauhtemoc Pensil","alc":"Miguel Hidalgo","cve_alc":"016","cve_col":"016-021","clasif":"Colonia","entidad":"Ciudad de México","cve_ent":"09"},"geometry":{"type":"Polygon","coordinates":[[[-99.19636071464348,19.443309723163892],[-99.19617305388566,19.44325862610895],[-99.19608805978508,19.443242087604887],[-99.19600305580299,19.443225558417062],[-99.19578527992361,19.443198585503005],[-99.19524219174052,19.443127171892005],[-99.19415238079065,19.442991068754235],[-99.19373984027621,19.44294324474495],[-99.19332729077858,19.442895429192557],[-99.19321350028324,19.442880167212664],[-99.19309971966932,19.442864895913427],[-99.19297652201634,19.442839521394554],[-99.19286773603541,19.442806750098136],[-99.19270027659175,19.44274600200617],[-99.19253234732919,19.44266540744673],[-99.19238405523868,19.442568843518675],[-99.19234408739506,19.44254176884483],[-99.19224450016269,19.442463565519038],[-99.19216329605425,19.442388366785014],[-99.19208210092896,19.442308950351357],[-99.19209415003185,19.442354080799504],[-99.19210620901623,19.442399201917265],[-99.19211890849942,19.442464188130085],[-99.19213541144951,19.442563461112524],[-99.1921449425747,19.442636267585918],[-99.192122115485,19.442703959305238],[-99.19209929827676,19.442771660314172],[-99.1920770640752,19.442856616476515],[-99.19181606575589,19.444722398181383],[-99.1918069451608,19.44478389350327],[-99.19168126995423,19.44568220775425],[-99.19154192238904,19.446646586665505],[-99.19234633587818,19.4467504905494],[-99.19288824547169,19.446820828484746],[-99.19342918398631,19.44689103001195],[-99.1939939610937,19.446963871814948],[-99.19400622219898,19.446965459217463],[-99.1945725138659,19.447040041707808],[-99.19514537491243,19.447116788416793],[-99.1954060255837,19.44715202803884],[-99.19540944726664,19.44712154214916],[-99.195417873464,19.447076264790084],[-99.19543029806265,19.447023799215184],[-99.19554251291306,19.446618491107525],[-99.19588158471194,19.44551579337074],[-99.19589225040933,19.44548320219426],[-99.19589736990817,19.445470722249734],[-99.19590247952549,19.445458232986358],[-99.19591649773551,19.445434744460716],[-99.1959536834967,19.445391340360143],[-99.19599269732946,19.445348513953018],[-99.19603563230848,19.4452971176754],[-99.19605967302208,19.445264100376246],[-99.1960681621015,19.44525060815972],[-99.19607580406964,19.445236638191457],[-99.19608214168397,19.445221773710173],[-99.19608680304198,19.44520484151597],[-99.19634352538053,19.443431964337833],[-99.19636071464348,19.443309723163892]]]}},{"type":"Feature","properties":{"colonia":"Daniel Garza","alc":"Miguel Hidalgo","cve_alc":"016","cve_col":"016-022","clasif":"Colonia","entidad":"Ciudad de México","cve_ent":"09"},"geometry":{"type":"Polygon","coordinates":[[[-99.20079201321023,19.407127358520498],[-99.20072316183523,19.406477294559874],[-99.20070032306745,19.406172121830593],[-99.20067878146696,19.40597191387309],[-99.20067112512578,19.40590555402506],[-99.20066255340134,19.40583113905004],[-99.20062615995424,19.405515575729353],[-99.20061678962752,19.40539842276902],[-99.20061403090128,19.405357201588238],[-99.20061402640967,19.405337895386992],[-99.20061512504925,19.40531153639421],[-99.20061868776773,19.40528101469193],[-99.20062665312935,19.405231953562033],[-99.20063018081342,19.405216719393536],[-99.20076264908018,19.404643823811536],[-99.20076676605912,19.4046219070335],[-99.20076773354472,19.404608335185696],[-99.20076923103625,19.404577813351437],[-99.2007697799069,19.404560846418605],[-99.20076983380584,19.404544709825945],[-99.20077003772343,19.404474221408456],[-99.2007701967252,19.404369699076568],[-99.20077051742375,19.404171085194125],[-99.2007708147661,19.40400063500762],[-99.20077108515903,19.403837256136196],[-99.20077126392374,19.403736092907366],[-99.20076873965785,19.403496825979893],[-99.20076449781304,19.40318665624529],[-99.20076288443876,19.403119798746037],[-99.20075791226373,19.403005525712892],[-99.20075431990087,19.402941593852308],[-99.20074879885514,19.402843754858075],[-99.20074274151514,19.40277539919701],[-99.20073007526966,19.40269033904147],[-99.20071686284847,19.4026334616572],[-99.2006929496956,19.402561235450534],[-99.20068125363065,19.402517930044485],[-99.20053546873808,19.402014265549713],[-99.20050805215564,19.40202463651165],[-99.20032988389544,19.402091942682922],[-99.19983971995731,19.402294629530243],[-99.1995001918142,19.402439270248312],[-99.19948531750974,19.402445611431116],[-99.19915092862834,19.40258706278591],[-99.19903578796512,19.402635285041644],[-99.1989308494686,19.402679559724685],[-99.19870363409215,19.402777485241927],[-99.19842210747201,19.402894472325176],[-99.19829420354526,19.402941414225573],[-99.19818415273643,19.402976804081526],[-99.19809768360214,19.403002003504717],[-99.1979325831344,19.40303541575976],[-99.19772601553481,19.40306480759135],[-99.19759440426084,19.403083476896484],[-99.19760769124218,19.403187246809765],[-99.19762098720669,19.40329100818387],[-99.19763531174222,19.403394326357223],[-99.19764907123745,19.40348355821645],[-99.1976622854553,19.403553998767507],[-99.1976760539336,19.40363697328486],[-99.19768400222725,19.403695079739197],[-99.19785316667337,19.405214840117292],[-99.1977770101985,19.40527715107766],[-99.19770084474052,19.405339452694104],[-99.19747434352483,19.405516289141254],[-99.19724783332592,19.405693116076144],[-99.19713343017949,19.405780374203562],[-99.19713544599905,19.405972567126145],[-99.19743473949887,19.405963026750555],[-99.19759519747322,19.40582437181687],[-99.19785114456569,19.405541798276495],[-99.1978332339555,19.405949982870172],[-99.19783870289898,19.406129191036033],[-99.19784364453132,19.406290817127765],[-99.1978538440031,19.406624680972122],[-99.19785405420885,19.406631660838425],[-99.19786191356927,19.40696799887352],[-99.19786963818241,19.40729854001637],[-99.19788125699232,19.40763885884858],[-99.19789274195323,19.407973390116037],[-99.19789274285154,19.40797847458192],[-99.19789307882141,19.408346273973834],[-99.19789323512829,19.408513988017518],[-99.19789332945139,19.408613127544047],[-99.19783776326116,19.40874744887753],[-99.19820457503612,19.408561079109475],[-99.19860947897232,19.4083451022024],[-99.19905894473649,19.408088779748866],[-99.19930135960753,19.407950523997094],[-99.1995084096024,19.407832446724086],[-99.20002203484086,19.40754843292092],[-99.20038280544546,19.40735106163333],[-99.20074358413491,19.40715369857889],[-99.20079201321023,19.407127358520498]]]}},{"type":"Feature","properties":{"colonia":"Deportivo Pensil","alc":"Miguel Hidalgo","cve_alc":"016","cve_col":"016-023","clasif":"Colonia","entidad":"Ciudad de México","cve_ent":"09"},"geometry":{"type":"Polygon","coordinates":[[[-99.20409726099186,19.44891338018866],[-99.20407908358207,19.448895702969903],[-99.20404845103089,19.448865928935334],[-99.20402000857234,19.44883827592533],[-99.20392173916849,19.448733522085774],[-99.2038983236823,19.448708567777906],[-99.2037766298091,19.448578851056254],[-99.20376396536018,19.44856686179633],[-99.20375130091134,19.44855488185318],[-99.20371944126147,19.448528087707224],[-99.20368759059478,19.44850129270983],[-99.20365205593704,19.448471591449863],[-99.20361661560248,19.448441963031595],[-99.20361653026254,19.448441890184604],[-99.20358532817939,19.448417931125995],[-99.20357832042187,19.448414293855212],[-99.2035713126644,19.4484106565842],[-99.2035602400302,19.448405953713074],[-99.20354916739599,19.44840125168883],[-99.20353763751929,19.448397199358677],[-99.2035261175241,19.44839313855787],[-99.2033064578776,19.448322243091873],[-99.20308855982732,19.448251916819025],[-99.2030868081125,19.44825134844197],[-99.20299319198179,19.448219138991885],[-99.20281982072521,19.448159485633585],[-99.20255283333795,19.448067614302534],[-99.20254782523025,19.448066016746075],[-99.20232239750123,19.44799394795753],[-99.2020919517831,19.44792029089664],[-99.20208059348468,19.447916147918964],[-99.20206924506772,19.447912015105928],[-99.20205599222228,19.447905524920394],[-99.20204273937692,19.447899034734657],[-99.20203361788354,19.4478938447883],[-99.2020244963901,19.447888653994617],[-99.20196999380516,19.448060305015627],[-99.20194009787254,19.448177203591342],[-99.20181745807332,19.448644254935115],[-99.20177265549685,19.448814540548298],[-99.20172786190352,19.448984835300326],[-99.2016416838234,19.449325334480502],[-99.20159077270296,19.44955653689596],[-99.20153710375463,19.449802630150632],[-99.20095297334284,19.449658461049143],[-99.20040815051291,19.449555513655987],[-99.20024040091336,19.449520345708365],[-99.20007260370315,19.449485177753107],[-99.19998274971681,19.449463170459666],[-99.1998168174091,19.450084910713652],[-99.19977741550413,19.450230588878306],[-99.19973800281934,19.45037625759456],[-99.19968829005155,19.45057079744788],[-99.19962804992687,19.450818535822183],[-99.19946454217212,19.45143575953068],[-99.19920579862425,19.452414125267115],[-99.19951940767645,19.45248865612463],[-99.1998159101107,19.4525656187919],[-99.19984904267329,19.4525753563315],[-99.20011919752028,19.452392703674356],[-99.20092965846791,19.451844717363347],[-99.20198274898395,19.451147514735784],[-99.20234328063671,19.4509088292432],[-99.20239028408564,19.450880628542546],[-99.20240628218251,19.45090068066171],[-99.20242766927278,19.45092214988605],[-99.20245637673433,19.450944375519356],[-99.2024892442939,19.450963133345013],[-99.20252170132343,19.450976229516346],[-99.20255412870857,19.45098479229926],[-99.20258897346017,19.45098949001338],[-99.20262637751195,19.450989609446758],[-99.20266395224365,19.45098461780782],[-99.20268785551502,19.450978635125587],[-99.2027137009441,19.450969491269074],[-99.20273668973054,19.450958741413512],[-99.20275942070049,19.450945309810713],[-99.2027807709598,19.450929629300333],[-99.20280034974144,19.450911936207504],[-99.20281658679019,19.450894044056838],[-99.2028410551019,19.45085857908613],[-99.20285881120179,19.450819836885326],[-99.20286823812243,19.450785503552616],[-99.20287244762784,19.450750673843142],[-99.20287162117779,19.450717083355794],[-99.20286620703155,19.450684477130192],[-99.2028558413715,19.450651592219486],[-99.20283891711154,19.45061708351229],[-99.20281875622162,19.450587956937945],[-99.20279829259947,19.450565367872414],[-99.2031776888732,19.45023300042793],[-99.20326428556822,19.450161330715297],[-99.20335089304312,19.450089669441425],[-99.2035216978129,19.449948317039276],[-99.20376875338066,19.449742565707155],[-99.20398427269208,19.449559503275285],[-99.2040341848859,19.449511598190554],[-99.20400758936358,19.44948265353414],[-99.20399389454708,19.44946330514113],[-99.20397771409219,19.449436887236917],[-99.20395767537313,19.449395977086155],[-99.2039453963015,19.44936285728042],[-99.20393131251447,19.449303813374474],[-99.20392744886045,19.449270367433897],[-99.20392643376418,19.449242347718176],[-99.20393349003074,19.449167840780927],[-99.20394072775694,19.449136920730663],[-99.20395338052776,19.44909875750465],[-99.20396388542669,19.449074167486852],[-99.20398415411442,19.449036174504318],[-99.20400391076248,19.44900643437773],[-99.20403717358083,19.448966307645225],[-99.20408598174515,19.44892183465725],[-99.20409726099186,19.44891338018866]]]}},{"type":"Feature","properties":{"colonia":"Dos Lagos","alc":"Miguel Hidalgo","cve_alc":"016","cve_col":"016-024","clasif":"Colonia","entidad":"Ciudad de México","cve_ent":"09"},"geometry":{"type":"Polygon","coordinates":[[[-99.18980605745989,19.442460604092542],[-99.18967222465224,19.442484812227878],[-99.18958933081275,19.44250641386456],[-99.18950644685478,19.44252802396929],[-99.18941452764166,19.442544306725054],[-99.18924687146688,19.442559715282986],[-99.18856914109406,19.44261990097753],[-99.18760790690914,19.442677760543738],[-99.18721973140012,19.4427223309639],[-99.18712617545653,19.442740988089355],[-99.18703262849614,19.44275965453064],[-99.18684804985807,19.44281322269861],[-99.18670788033437,19.442866189416605],[-99.18658500876982,19.442928446126533],[-99.18645474047723,19.44299386414191],[-99.18629909208286,19.444082556427247],[-99.18684411164384,19.444150654142273],[-99.18738757083116,19.44421916689831],[-99.18795392538013,19.444290437719374],[-99.18847488985446,19.444357089381512],[-99.18955253941198,19.4444978604753],[-99.1898346445472,19.44266247397785],[-99.18978509527273,19.442664295219046],[-99.18980605745989,19.442460604092542]]]}},{"type":"Feature","properties":{"colonia":"Escandon I Seccion","alc":"Miguel Hidalgo","cve_alc":"016","cve_col":"016-025","clasif":"Colonia","entidad":"Ciudad de México","cve_ent":"09"},"geometry":{"type":"Polygon","coordinates":[[[-99.18531720383291,19.39595090334812],[-99.18530398512354,19.395955907693295],[-99.18522198151454,19.39598250037077],[-99.18513488535613,19.396006673063457],[-99.18507466409612,19.396016124205683],[-99.18501445181923,19.396025584668006],[-99.1844310463479,19.39611334197501],[-99.18431168809437,19.396136524965083],[-99.18413802758027,19.396174006667348],[-99.18403225993873,19.39620395982436],[-99.18392935792293,19.396239340130517],[-99.18344774504796,19.39642569181685],[-99.18250878998037,19.396752237197152],[-99.18243874654107,19.396771296150245],[-99.1822736918874,19.39683861974648],[-99.18221519090116,19.396941783567208],[-99.18196788739841,19.39698137408105],[-99.18160908410422,19.39703057157682],[-99.18108945542477,19.397107061443062],[-99.18101119868878,19.39711833681506],[-99.18093293207136,19.397129603712877],[-99.18084586825235,19.39742657011902],[-99.1807843417402,19.397661119603413],[-99.18072282510953,19.397895678070288],[-99.18063046212862,19.398221830733277],[-99.1805848322038,19.398389087495183],[-99.1805232562843,19.398602524650414],[-99.18046442561638,19.398759596261506],[-99.18035115883883,19.39904922362856],[-99.18022002457032,19.39940995373107],[-99.1801295660178,19.39965881740671],[-99.18012101136135,19.399682323565184],[-99.18010923175302,19.399714751077152],[-99.18008889838657,19.399770683881094],[-99.17997508184007,19.4000976224794],[-99.179784283267,19.40059043888957],[-99.17974689807981,19.400686981163453],[-99.17970582081682,19.40079310388289],[-99.1796770657446,19.40086735085394],[-99.17959679678238,19.40109175143546],[-99.17948352820817,19.40140172265862],[-99.17938565675799,19.401685613320772],[-99.17913932613067,19.40236714986782],[-99.17907114939047,19.40255813857639],[-99.17905176913654,19.40264137795867],[-99.17902867704382,19.402719651289576],[-99.17899129185669,19.4028313275596],[-99.17894647400882,19.402952134214274],[-99.17890166604244,19.403072949252408],[-99.17883870312421,19.40325219786887],[-99.17877575008738,19.403431456455376],[-99.17863938492899,19.40380405078499],[-99.17854975821643,19.404049843937468],[-99.17847608019343,19.404257538366004],[-99.17842432555501,19.404398183221222],[-99.17842152820123,19.404405759674166],[-99.17837257091652,19.40453881948202],[-99.17829338172928,19.404750423513978],[-99.17821420242353,19.404962037437983],[-99.17813199759189,19.40519634305552],[-99.17804980264172,19.405430657655668],[-99.1780036130664,19.405550154175938],[-99.17799645798519,19.405577813708177],[-99.177993166558,19.405603124569687],[-99.17799234010793,19.405627388186723],[-99.17799042130643,19.405672141616883],[-99.1779884917252,19.405716884867303],[-99.17799008443826,19.40576408437389],[-99.17809228576807,19.405799114368477],[-99.17891650800762,19.406066583006822],[-99.17982765931882,19.40636728908382],[-99.18071949325817,19.406660127641448],[-99.18247867036726,19.40723836241812],[-99.18329941522828,19.407510786926533],[-99.18412150396898,19.407783667657636],[-99.1841355895526,19.407594398268387],[-99.18426003047401,19.406521319097646],[-99.18426551918034,19.40649679295803],[-99.18426999189218,19.406484548103172],[-99.18427445382416,19.406472293927482],[-99.18431831316957,19.40640911581234],[-99.18435350287422,19.406354318949152],[-99.18437164974127,19.406324571855013],[-99.18438209714802,19.40629953138761],[-99.18438841410114,19.406278652749045],[-99.1843973478466,19.406247344953478],[-99.18439996463906,19.406236906478508],[-99.18440738292662,19.40618994095808],[-99.1844893164671,19.405204266010454],[-99.18456889911644,19.40466358000466],[-99.18461076689684,19.404060987498262],[-99.18461304682108,19.404017706215573],[-99.18464938457261,19.40333005234272],[-99.18466859504497,19.40302196579006],[-99.18468781450045,19.402713887974105],[-99.18472500026162,19.402213235389503],[-99.1847263495312,19.402194967604732],[-99.18476545139889,19.401549736437648],[-99.1847778750993,19.401411639504722],[-99.18478494753548,19.40133291562573],[-99.18480445265531,19.401116094524888],[-99.18484847190086,19.400617861171604],[-99.18487420144722,19.40023626958466],[-99.18488627839788,19.400059362154717],[-99.18493487725479,19.399588841191424],[-99.18497252744494,19.39924842586971],[-99.18501207308036,19.3987568475625],[-99.18500874841547,19.398556201735477],[-99.18505820157021,19.398154904255325],[-99.18510710315935,19.39776039792684],[-99.18511250383084,19.397716628604435],[-99.1851417134506,19.397480166788746],[-99.18516766847411,19.39724937578017],[-99.18519153221965,19.39703701549689],[-99.18527054893033,19.396343333020187],[-99.18529444321861,19.396148165604078],[-99.18531720383291,19.39595090334812]]]}},{"type":"Feature","properties":{"colonia":"Escandon Ii Seccion","alc":"Miguel Hidalgo","cve_alc":"016","cve_col":"016-026","clasif":"Colonia","entidad":"Ciudad de México","cve_ent":"09"},"geometry":{"type":"Polygon","coordinates":[[[-99.18093293207136,19.397129603712877],[-99.18073424000188,19.39716541425946],[-99.17946044509866,19.397446141624403],[-99.17884864028785,19.39736263776087],[-99.17769262170495,19.397632364830248],[-99.1767534977541,19.39783605453194],[-99.17670184103197,19.397847263762177],[-99.17611995101852,19.397986654191616],[-99.17552964828239,19.398152736808477],[-99.17440198502139,19.39852690907292],[-99.17364731214782,19.398750124095532],[-99.17224568338641,19.399179611147705],[-99.17207510139882,19.399231872718293],[-99.17191690089076,19.399285650966096],[-99.17065014877934,19.399716187272343],[-99.17055081038029,19.39974681000171],[-99.17053886638026,19.39975053987186],[-99.17023923152064,19.399844106036674],[-99.17037112935716,19.400282354774422],[-99.17043659318522,19.400499867543022],[-99.1705930797077,19.401117000294473],[-99.17075865718085,19.401769321707445],[-99.17091466040971,19.402372972506516],[-99.17097986103138,19.402650155113932],[-99.17100781570467,19.402766812690253],[-99.17118262157076,19.403505794577207],[-99.17125343127303,19.40352416897373],[-99.17128732201377,19.403532953707106],[-99.17132424007698,19.40354253404793],[-99.17138868252052,19.403563797708717],[-99.17152752343588,19.403612158630796],[-99.17166166167077,19.40365884867827],[-99.17166636345293,19.403660519538654],[-99.17256452512518,19.403958219640014],[-99.1735295789467,19.40426439208787],[-99.17439775754964,19.40454303134906],[-99.17531314621404,19.404839264030276],[-99.17619135271053,19.405130093885376],[-99.17710394312286,19.405478357142215],[-99.17795068163493,19.405750577862044],[-99.17799008443826,19.40576408437389],[-99.1779884917252,19.405716884867303],[-99.17799042130643,19.405672141616883],[-99.17799234010793,19.405627388186723],[-99.177993166558,19.405603124569687],[-99.17799645798519,19.405577813708177],[-99.1780036130664,19.405550154175938],[-99.17804980264172,19.405430657655668],[-99.17813199759189,19.40519634305552],[-99.17821420242353,19.404962037437983],[-99.17829338172928,19.404750423513978],[-99.17837257091652,19.40453881948202],[-99.17842152820123,19.404405759674166],[-99.17842432555501,19.404398183221222],[-99.17847608019343,19.404257538366004],[-99.17854975821643,19.404049843937468],[-99.17863938492899,19.40380405078499],[-99.17877575008738,19.403431456455376],[-99.17883870312421,19.40325219786887],[-99.17890166604244,19.403072949252408],[-99.17894647400882,19.402952134214274],[-99.17899129185669,19.4028313275596],[-99.17902867704382,19.402719651289576],[-99.17905176913654,19.40264137795867],[-99.17907114939047,19.40255813857639],[-99.17913932613067,19.40236714986782],[-99.17938565675799,19.401685613320772],[-99.17948352820817,19.40140172265862],[-99.17959679678238,19.40109175143546],[-99.1796770657446,19.40086735085394],[-99.17970582081682,19.40079310388289],[-99.17974689807981,19.400686981163453],[-99.179784283267,19.40059043888957],[-99.17997508184007,19.4000976224794],[-99.18008889838657,19.399770683881094],[-99.18010923175302,19.399714751077152],[-99.18012101136135,19.399682323565184],[-99.1801295660178,19.39965881740671],[-99.18022002457032,19.39940995373107],[-99.18035115883883,19.39904922362856],[-99.18046442561638,19.398759596261506],[-99.1805232562843,19.398602524650414],[-99.1805848322038,19.398389087495183],[-99.18063046212862,19.398221830733277],[-99.18072282510953,19.397895678070288],[-99.1807843417402,19.397661119603413],[-99.18084586825235,19.39742657011902],[-99.18093293207136,19.397129603712877]]]}},{"type":"Feature","properties":{"colonia":"Francisco I Madero","alc":"Miguel Hidalgo","cve_alc":"016","cve_col":"016-027","clasif":"Colonia","entidad":"Ciudad de México","cve_ent":"09"},"geometry":{"type":"Polygon","coordinates":[[[-99.20594767549278,19.44795686700705],[-99.20579137671817,19.447835420397272],[-99.20563720425584,19.447683823349195],[-99.20556487011257,19.447595986310837],[-99.20546461812685,19.44744317689066],[-99.20543733359673,19.447398664520314],[-99.20538276363818,19.4473114295905],[-99.20535547910806,19.447268714655646],[-99.20529646428547,19.447180874851316],[-99.2052412610146,19.447113496719485],[-99.20518669824256,19.447052736686548],[-99.20510676075867,19.446973325923462],[-99.2050560104367,19.446931826440277],[-99.20498939766347,19.44688370203651],[-99.20489867949783,19.44682475548837],[-99.20476370942308,19.446753031752085],[-99.2045391413818,19.44665019178733],[-99.20432882601088,19.446557037140035],[-99.20403212954052,19.446423600064314],[-99.20380232701612,19.446321220696863],[-99.2032939272777,19.446093994905336],[-99.20276215607048,19.445856559881197],[-99.20224225160825,19.44563309952758],[-99.20216210481692,19.44585368915339],[-99.2018254494861,19.446753062246557],[-99.20147431870276,19.447692088139842],[-99.20196038362828,19.44785874170425],[-99.20197623529982,19.447865456362923],[-99.20199209685275,19.44787216255079],[-99.20200829168068,19.447880412931784],[-99.2020244963901,19.447888653994617],[-99.20203361788354,19.4478938447883],[-99.20204273937692,19.447899034734657],[-99.20205599222228,19.447905524920394],[-99.20206924506772,19.447912015105928],[-99.20208059348468,19.447916147918964],[-99.2020919517831,19.44792029089664],[-99.20232239750123,19.44799394795753],[-99.20254782523025,19.448066016746075],[-99.20255283333795,19.448067614302534],[-99.20281982072521,19.448159485633585],[-99.20299319198179,19.448219138991885],[-99.2030868081125,19.44825134844197],[-99.20308855982732,19.448251916819025],[-99.2033064578776,19.448322243091873],[-99.2035261175241,19.44839313855787],[-99.20353763751929,19.448397199358677],[-99.20354916739599,19.44840125168883],[-99.2035602400302,19.448405953713074],[-99.2035713126644,19.4484106565842],[-99.20357832042187,19.448414293855212],[-99.20358532817939,19.448417931125995],[-99.20361653026254,19.448441890184604],[-99.20361661560248,19.448441963031595],[-99.20365205593704,19.448471591449863],[-99.20368759059478,19.44850129270983],[-99.20371944126147,19.448528087707224],[-99.20375130091134,19.44855488185318],[-99.20376396536018,19.44856686179633],[-99.2037766298091,19.448578851056254],[-99.2038983236823,19.448708567777906],[-99.20392173916849,19.448733522085774],[-99.20402000857234,19.44883827592533],[-99.20404845103089,19.448865928935334],[-99.20407908358207,19.448895702969903],[-99.20409726099186,19.44891338018866],[-99.20413082294921,19.4488882251561],[-99.20418747071102,19.44886266776775],[-99.20422849766835,19.448847840889112],[-99.20429385908844,19.448832882715383],[-99.20434854043809,19.44882784188078],[-99.2044113910669,19.448830123004583],[-99.20445369992017,19.44883656148258],[-99.20449822671388,19.448847848512557],[-99.20451141308392,19.44885245057122],[-99.20455334374647,19.44887106209799],[-99.20457534708105,19.448883554486844],[-99.20464691855464,19.448926756901038],[-99.20469088210467,19.448968303309172],[-99.20512667101863,19.448617426921658],[-99.20527531345209,19.448486922362743],[-99.20580859113396,19.448044631002862],[-99.20594767549278,19.44795686700705]]]}},{"type":"Feature","properties":{"colonia":"Granada","alc":"Miguel Hidalgo","cve_alc":"016","cve_col":"016-028","clasif":"Colonia","entidad":"Ciudad de México","cve_ent":"09"},"geometry":{"type":"Polygon","coordinates":[[[-99.20588289528273,19.43857504738],[-99.20537609993538,19.438557059840004],[-99.20467152610523,19.438524114021387],[-99.20463492335068,19.43852262225972],[-99.20390523891336,19.438492766693777],[-99.2031219475115,19.43845057464691],[-99.20311314222508,19.438450115512712],[-99.20236893921616,19.43841193113742],[-99.20146487920579,19.438377737494367],[-99.20090019642157,19.438356199688773],[-99.20030667771672,19.43832806457576],[-99.1995498920056,19.438293004319732],[-99.19878930821748,19.438257949986014],[-99.19803208592512,19.43822645012689],[-99.19727194051484,19.438191398320097],[-99.19635824876805,19.438152666649255],[-99.19591317756218,19.438133739614653],[-99.19546256734432,19.438114587245884],[-99.1949675569952,19.438089841389303],[-99.19470074747439,19.43807931685978],[-99.1937441908171,19.438039178954615],[-99.19374151563417,19.438039062052997],[-99.19299152028833,19.43800984258012],[-99.19214942606628,19.43797525155621],[-99.19162156612387,19.437955169885274],[-99.191331330337,19.437945926182756],[-99.1912942622551,19.437944739376714],[-99.19044184639041,19.43789388799036],[-99.1900599285457,19.437877060073834],[-99.18970719786287,19.437861537558142],[-99.18935638867644,19.43784447922331],[-99.18903380545456,19.437828661908757],[-99.18902633326799,19.437828346782325],[-99.18874251145235,19.437803630531203],[-99.18829128139689,19.437769172460214],[-99.18795494317135,19.437754637669876],[-99.1875191084433,19.437735724989757],[-99.18718300737301,19.437720475231536],[-99.18677777734831,19.43770095262493],[-99.18612350288589,19.43767471070026],[-99.18581910246363,19.437660638426273],[-99.18551609083687,19.43764661951922],[-99.18499511648109,19.43762475632432],[-99.18441949850491,19.437585922017437],[-99.18402572828833,19.437549072493],[-99.18392427076348,19.437540449703096],[-99.18383989021221,19.43752731856296],[-99.18363193651217,19.437479777574993],[-99.18348835967862,19.43741746625433],[-99.18353566765643,19.43794544248088],[-99.18356475061375,19.43832803746817],[-99.18359371948502,19.438623756211847],[-99.18359746545975,19.438667623796853],[-99.18365043192556,19.439222498380147],[-99.18363869813132,19.439445575349573],[-99.18359333320944,19.439764922873543],[-99.18357653201872,19.439867314847646],[-99.18332308403936,19.441617844799197],[-99.18331795645575,19.44165882298415],[-99.1830437295456,19.443586647049646],[-99.18275570091937,19.44551117597006],[-99.18268197169245,19.446005687728746],[-99.18268162853603,19.446008162024505],[-99.18269784941508,19.44599562706058],[-99.18321034277628,19.445573820472234],[-99.18322895227573,19.445558513002254],[-99.18396142508364,19.444951968061098],[-99.18397281033155,19.444942883160355],[-99.18522770198622,19.4439404474304],[-99.1856538492823,19.443604318069934],[-99.18584310185474,19.44345402242719],[-99.18607998579856,19.443268197331328],[-99.18634256066119,19.44306659418448],[-99.18639865506076,19.44303023382627],[-99.18645474047723,19.44299386414191],[-99.18658500876982,19.442928446126533],[-99.18670788033437,19.442866189416605],[-99.18684804985807,19.44281322269861],[-99.18703262849614,19.44275965453064],[-99.18712617545653,19.442740988089355],[-99.18721973140012,19.4427223309639],[-99.18760790690914,19.442677760543738],[-99.18856914109406,19.44261990097753],[-99.18924687146688,19.442559715282986],[-99.18941452764166,19.442544306725054],[-99.18950644685478,19.44252802396929],[-99.18958933081275,19.44250641386456],[-99.18967222465224,19.442484812227878],[-99.18980605745989,19.442460604092542],[-99.18986884700331,19.44245203577717],[-99.1899290476021,19.442443928278486],[-99.19134986347962,19.44230656833205],[-99.1916998264531,19.44226850430366],[-99.19175244077927,19.442265011747516],[-99.19180138099593,19.442264824540363],[-99.1918761864046,19.442270069727766],[-99.19194308124887,19.44227497269013],[-99.19208210092896,19.442308950351357],[-99.19219626781843,19.44230231593628],[-99.19231614709481,19.44229387382925],[-99.19316744994684,19.442210387922863],[-99.19316748857437,19.44221037860483],[-99.19353795559418,19.442174205262067],[-99.19419331162827,19.44211491647243],[-99.19532218851317,19.44200030576192],[-99.19583225013486,19.441969008237038],[-99.19584807216197,19.441968030692284],[-99.19623878630999,19.441931865766385],[-99.19666247491709,19.44189209221658],[-99.19666542678114,19.441891893149723],[-99.1970103726637,19.44186916225617],[-99.19741983105838,19.44183755128151],[-99.19763136184994,19.44182041289047],[-99.1983996648613,19.441761866872852],[-99.1995477603034,19.441573524815794],[-99.19972443017372,19.441554782846666],[-99.19990110812888,19.441536049346375],[-99.20020900209923,19.44150452386347],[-99.20031021079075,19.44149095086036],[-99.20035701661028,19.44148237317581],[-99.20045915685468,19.44146296707357],[-99.20056678041567,19.44144128397689],[-99.2006190686534,19.441430429297498],[-99.20073578316502,19.441407019815824],[-99.20082562457483,19.441388979222715],[-99.20091169755213,19.441377215606124],[-99.20139076819484,19.44133333858814],[-99.20183015036997,19.441284953312923],[-99.20209967010804,19.441252953407194],[-99.2023031618761,19.441222346968907],[-99.20235177600433,19.441213425349076],[-99.2024003811494,19.44120449441056],[-99.20244337901048,19.441196024292296],[-99.20249805586853,19.44118354401798],[-99.2025499344745,19.44116973549512],[-99.20266582702766,19.441136789359668],[-99.20285649085345,19.44108158828206],[-99.20294434968147,19.44105488693002],[-99.20301864394875,19.44102774677719],[-99.20314013031114,19.44097883451606],[-99.20333122532828,19.44089479901379],[-99.20357417559521,19.44078100065664],[-99.20379468864124,19.44067077274323],[-99.20394605835989,19.440589002226197],[-99.20403761375532,19.44053567983026],[-99.20412729257013,19.440477039321035],[-99.20437951973895,19.440304687350963],[-99.20443650257242,19.440263381843092],[-99.20451934610622,19.440201093615308],[-99.20451982311165,19.440042393258206],[-99.20463454695654,19.43994050203247],[-99.20494516641553,19.439653376175578],[-99.20519726871849,19.43936630656691],[-99.20539200999741,19.43913584864261],[-99.2055055866937,19.43897845009638],[-99.2055623692028,19.438896157755128],[-99.20561914183045,19.43881385605394],[-99.20568293389368,19.43870174452746],[-99.20577589425426,19.438638180800154],[-99.20588289528273,19.43857504738]]]}},{"type":"Feature","properties":{"colonia":"Huichapan","alc":"Miguel Hidalgo","cve_alc":"016","cve_col":"016-029","clasif":"Colonia","entidad":"Ciudad de México","cve_ent":"09"},"geometry":{"type":"Polygon","coordinates":[[[-99.1988067957211,19.45856780153616],[-99.19826881895199,19.458663919734626],[-99.19792949203145,19.458732659288245],[-99.19777816902526,19.458763956120617],[-99.19725861580426,19.458872574292624],[-99.19710903463135,19.458904664740817],[-99.1964741107784,19.45901360722089],[-99.1961609535788,19.45908148183601],[-99.19583052806446,19.45915691677006],[-99.1954673724328,19.459245738541416],[-99.19527453198903,19.459293518783188],[-99.19508524348396,19.459345813530575],[-99.19505038076613,19.459354451254846],[-99.1949699833448,19.459375106238664],[-99.1948861004602,19.45939553591742],[-99.19456726051807,19.459474705133378],[-99.19444322204197,19.459500774979364],[-99.19420042179374,19.460200810481627],[-99.19415990328282,19.460324282320048],[-99.19413562361733,19.460425448421606],[-99.19409013921953,19.460627544123973],[-99.19397854510503,19.461123303161234],[-99.19372497405654,19.461084222921244],[-99.19370282070334,19.461202978881904],[-99.19364665174353,19.461281149459186],[-99.19375847133517,19.461278460260484],[-99.19412080680505,19.46126328132111],[-99.19419748609938,19.46125832980703],[-99.19427415551228,19.461253369822842],[-99.19437537857675,19.46124945417947],[-99.19445484714007,19.461248918033682],[-99.19450263212329,19.46125066283685],[-99.19450766807876,19.461251203217657],[-99.19492621472918,19.461296568942466],[-99.19550090564402,19.46136886220241],[-99.1959479495502,19.461527464623767],[-99.19642673902025,19.461654094723798],[-99.19692695151316,19.461779004490086],[-99.19758691320969,19.461957405706965],[-99.19759851046001,19.461960546339093],[-99.19820805690617,19.46211750756716],[-99.19821422204394,19.462094571148498],[-99.1982319520927,19.462010146804857],[-99.19824969202294,19.46192573258112],[-99.19830508304165,19.461627004601112],[-99.19836011473429,19.461243901300676],[-99.1987793467993,19.458705720291523],[-99.19879423188354,19.458630904308755],[-99.1988067957211,19.45856780153616]]]}},{"type":"Feature","properties":{"colonia":"Ignacio Manuel Altamirano","alc":"Miguel Hidalgo","cve_alc":"016","cve_col":"016-030","clasif":"Colonia","entidad":"Ciudad de México","cve_ent":"09"},"geometry":{"type":"Polygon","coordinates":[[[-99.19820805690617,19.46211750756716],[-99.19759851046001,19.461960546339093],[-99.19758691320969,19.461957405706965],[-99.19692695151316,19.461779004490086],[-99.19642673902025,19.461654094723798],[-99.1959479495502,19.461527464623767],[-99.19557394137156,19.46284339780483],[-99.19526026045416,19.463933771955432],[-99.19512344164646,19.46440307746665],[-99.19560320489026,19.464549954791455],[-99.19584632404045,19.46462216359729],[-99.19597080628434,19.46465910352812],[-99.19604725291497,19.46468122310102],[-99.19609529840966,19.46469604260348],[-99.19657219512935,19.46483260522413],[-99.19660409161014,19.464839544475005],[-99.19662661866252,19.464841635651645],[-99.19664534584125,19.464839718104475],[-99.19667566847369,19.464833337855932],[-99.1967077706687,19.464822298407498],[-99.19672960961152,19.464811485947255],[-99.19674965731375,19.464792645872837],[-99.19675855602492,19.464775713180483],[-99.19682276580481,19.46457077850828],[-99.1968892680853,19.464358203857007],[-99.19713307085341,19.46354995925454],[-99.19723349621395,19.463243567391167],[-99.19749404537558,19.463310118945234],[-99.19762387708697,19.463344455555543],[-99.19769258293483,19.463360246667193],[-99.19773808440064,19.463368022798186],[-99.19776261918766,19.463367575592326],[-99.19777732820215,19.46336417835218],[-99.19779472138264,19.463358025883384],[-99.19781343778159,19.463349119032458],[-99.19783215238392,19.4633326003632],[-99.19784506836105,19.463313969321284],[-99.19785842181777,19.46329237638403],[-99.19786953757112,19.463268256051656],[-99.19789596960005,19.463180128467847],[-99.19796082077703,19.462956374359525],[-99.19799923004364,19.462820747769324],[-99.1980831883867,19.46254524915951],[-99.19816715661123,19.462269759398218],[-99.19820805690617,19.46211750756716]]]}},{"type":"Feature","properties":{"colonia":"Irrigacion","alc":"Miguel Hidalgo","cve_alc":"016","cve_col":"016-031","clasif":"Colonia","entidad":"Ciudad de México","cve_ent":"09"},"geometry":{"type":"Polygon","coordinates":[[[-99.21744448338222,19.44474562252177],[-99.21740891548689,19.44449209017066],[-99.21722475815864,19.44418773342127],[-99.21724569070143,19.444027852741474],[-99.2172475978248,19.44400807676874],[-99.21725101860936,19.44398853543534],[-99.21725590634286,19.44396938121615],[-99.21726037546138,19.443955411137583],[-99.21728160354989,19.443890931230076],[-99.217302018663,19.443844529738005],[-99.21733261079002,19.443800762660526],[-99.2173726298376,19.443762536342586],[-99.21739295961078,19.44374963611245],[-99.21734487908186,19.443698693365224],[-99.21711475765551,19.443442361457556],[-99.21666374229746,19.44293331518557],[-99.21646170490186,19.442705744121106],[-99.2162596773877,19.442478164266642],[-99.21593521309359,19.442102137245417],[-99.21584945273007,19.44200989230607],[-99.21572468661857,19.441811755596664],[-99.21544125107843,19.441328025602928],[-99.21482256696919,19.440127344919265],[-99.21420390172459,19.43892665281367],[-99.21379950353992,19.438907902915037],[-99.2131356808843,19.438880306658838],[-99.21247138212158,19.438852698538344],[-99.21206332959026,19.438836339172408],[-99.21165480095188,19.438819969639496],[-99.21083335450665,19.438784051368145],[-99.21046277070583,19.438768798319938],[-99.21000519674789,19.43874815680787],[-99.20944976391613,19.438722787575358],[-99.20930364934189,19.438716718035828],[-99.20930357298514,19.438716708717592],[-99.20892232797853,19.438700643285006],[-99.20858978333845,19.438686181429432],[-99.20786759803714,19.438651969207662],[-99.20734790198401,19.438632780474375],[-99.20618798381444,19.438583912388452],[-99.20607594054233,19.438580956820967],[-99.20588289528273,19.43857504738],[-99.20587182803843,19.43866813968673],[-99.20587479158051,19.43876166227162],[-99.20570177695512,19.43904143765716],[-99.20556550611977,19.439238950888882],[-99.20551364278518,19.43935208026605],[-99.20546176956911,19.43946520024618],[-99.20529883763443,19.44000193817482],[-99.20528813510614,19.440109883601814],[-99.20519227318721,19.440229171648],[-99.20518255970407,19.440291724160463],[-99.20517617807228,19.440358492670377],[-99.205168444476,19.440425252681685],[-99.20515901486047,19.44064347157724],[-99.20511294476108,19.441635681217385],[-99.20509868310764,19.44216092794982],[-99.20508344588382,19.442704921597937],[-99.20498425121521,19.44461855568275],[-99.20490526325057,19.44615739731071],[-99.20488496671504,19.446521199358244],[-99.20488500444426,19.44660162004792],[-99.20488985175356,19.446692242783783],[-99.20489851510617,19.446815625797935],[-99.20489867949783,19.44682475548837],[-99.20498939766347,19.44688370203651],[-99.2050560104367,19.446931826440277],[-99.20510676075867,19.446973325923462],[-99.20518669824256,19.447052736686548],[-99.2052412610146,19.447113496719485],[-99.20529646428547,19.447180874851316],[-99.20535547910806,19.447268714655646],[-99.20538276363818,19.4473114295905],[-99.20543733359673,19.447398664520314],[-99.20546461812685,19.44744317689066],[-99.20556487011257,19.447595986310837],[-99.20563720425584,19.447683823349195],[-99.20579137671817,19.447835420397272],[-99.20594767549278,19.44795686700705],[-99.20609104840878,19.44785097753564],[-99.20682663298084,19.447235347072667],[-99.20709740047883,19.44701639246861],[-99.20720305942429,19.446930937020312],[-99.20724929750857,19.446893551729858],[-99.20730519697373,19.446851748976307],[-99.20728476658923,19.44680961077329],[-99.20727268424865,19.446763055102306],[-99.20726997043818,19.446722240843037],[-99.20727458688044,19.446680268631724],[-99.20728983488408,19.4466318468324],[-99.20732348307969,19.446576205454047],[-99.20736278078007,19.446536889612318],[-99.20740582265857,19.446508743211275],[-99.20744560185598,19.4464918568931],[-99.20748528762863,19.44648186147938],[-99.20752843999995,19.446477805713084],[-99.2075825706823,19.446482308731845],[-99.2076240414074,19.446493334181323],[-99.20766348643151,19.446510870201177],[-99.20769710677934,19.446532624621373],[-99.20772616727878,19.446558407696987],[-99.20774791728849,19.446584084037877],[-99.20781217557739,19.44654370597395],[-99.2102289221694,19.44491740562296],[-99.21026692809245,19.44496242861426],[-99.21031494663761,19.445004722311985],[-99.21035913566477,19.445033960008438],[-99.2104019421847,19.445055603659686],[-99.21044835544046,19.445072939077818],[-99.21048412366011,19.445082456827247],[-99.21052509851522,19.44508959852732],[-99.21056636801765,19.445092938548907],[-99.21060911165551,19.445092404890865],[-99.21065616630842,19.445087102193586],[-99.21071399445654,19.445073506618947],[-99.21077384830559,19.445050312820257],[-99.21079428497829,19.445039968322202],[-99.21082323947654,19.44502286754079],[-99.21115396233323,19.444805427914883],[-99.21120027677435,19.444772646850424],[-99.2112453982527,19.44473026753729],[-99.21127922970464,19.444688378671483],[-99.21130421724261,19.44464826188333],[-99.21131884091707,19.44461861243708],[-99.21133215933953,19.444584448902095],[-99.21134232647191,19.44454896815202],[-99.21134900903928,19.444513686457814],[-99.21135266338585,19.444473150321997],[-99.21455891322994,19.444616589613144],[-99.21744448338222,19.44474562252177]]]}},{"type":"Feature","properties":{"colonia":"Lago Norte","alc":"Miguel Hidalgo","cve_alc":"016","cve_col":"016-032","clasif":"Colonia","entidad":"Ciudad de México","cve_ent":"09"},"geometry":{"type":"Polygon","coordinates":[[[-99.1882061255995,19.446212012183377],[-99.18769567500732,19.446146848739275],[-99.18711546214845,19.446072905377026],[-99.18658001323855,19.446003903796196],[-99.1865784519666,19.446003696263745],[-99.18602758077984,19.445932401630046],[-99.1857555277927,19.44784755032337],[-99.18670587619296,19.44796993885619],[-99.18674706035551,19.44797867544528],[-99.18683355194769,19.448005240975654],[-99.18686299872269,19.448015360813358],[-99.18690537315298,19.4480250452612],[-99.18693682766268,19.44803136264154],[-99.18731804841468,19.4480772369119],[-99.1879222965973,19.448152016256255],[-99.18793713856243,19.448007870252997],[-99.18795197154441,19.44786371480396],[-99.18809308519748,19.446990811914574],[-99.18814960989005,19.446601416751484],[-99.1882061255995,19.446212012183377]]]}},{"type":"Feature","properties":{"colonia":"Lago Sur","alc":"Miguel Hidalgo","cve_alc":"016","cve_col":"016-033","clasif":"Colonia","entidad":"Ciudad de México","cve_ent":"09"},"geometry":{"type":"Polygon","coordinates":[[[-99.18847488985446,19.444357089381512],[-99.18795392538013,19.444290437719374],[-99.18738757083116,19.44421916689831],[-99.18684411164384,19.444150654142273],[-99.18629909208286,19.444082556427247],[-99.18602758077984,19.445932401630046],[-99.1865784519666,19.446003696263745],[-99.18658001323855,19.446003903796196],[-99.18711546214845,19.446072905377026],[-99.18769567500732,19.446146848739275],[-99.1882061255995,19.446212012183377],[-99.18847488985446,19.444357089381512]]]}},{"type":"Feature","properties":{"colonia":"Legaria","alc":"Miguel Hidalgo","cve_alc":"016","cve_col":"016-034","clasif":"Colonia","entidad":"Ciudad de México","cve_ent":"09"},"geometry":{"type":"Polygon","coordinates":[[[-99.19694762803607,19.45449507001669],[-99.19671040003747,19.454435737448286],[-99.19664860133587,19.454420288513695],[-99.19624730593215,19.454334488836608],[-99.19584579133951,19.454243956766298],[-99.19572073686878,19.45421574902209],[-99.19518873299792,19.45409578939845],[-99.19483226173031,19.454015722246485],[-99.19446821227483,19.453933930501833],[-99.19429779288231,19.45389531778411],[-99.19373351613662,19.45376743056111],[-99.19338144571547,19.453696922842873],[-99.19334502711557,19.453729607236816],[-99.1933315874206,19.453749980875674],[-99.19324605253416,19.454071214537475],[-99.19307701295395,19.454615381708013],[-99.19298520872512,19.454914221705742],[-99.19282968250168,19.455496763768604],[-99.19267167782633,19.45546293286281],[-99.19259440474565,19.455789728056295],[-99.19250857880505,19.456152642851954],[-99.1923495132194,19.45682534862449],[-99.19220611604885,19.45743174499479],[-99.192544963269,19.457520416095992],[-99.19287336487899,19.45729894704069],[-99.19320068940895,19.45707819086844],[-99.1932250876521,19.457061743556363],[-99.1937985604514,19.45665780558735],[-99.1939020266092,19.456588765310453],[-99.19484778461839,19.455929953067656],[-99.19488510063526,19.455905051534884],[-99.1950997216314,19.45575832731357],[-99.19668882250434,19.454671999491733],[-99.19694108830075,19.454499315316642],[-99.19694762803607,19.45449507001669]]]}},{"type":"Feature","properties":{"colonia":"Loma Hermosa","alc":"Miguel Hidalgo","cve_alc":"016","cve_col":"016-035","clasif":"Colonia","entidad":"Ciudad de México","cve_ent":"09"},"geometry":{"type":"Polygon","coordinates":[[[-99.21744448338222,19.44474562252177],[-99.21455891322994,19.444616589613144],[-99.21135266338585,19.444473150321997],[-99.21134900903928,19.444513686457814],[-99.21134232647191,19.44454896815202],[-99.21133215933953,19.444584448902095],[-99.21131884091707,19.44461861243708],[-99.21130421724261,19.44464826188333],[-99.21127922970464,19.444688378671483],[-99.2112453982527,19.44473026753729],[-99.21120027677435,19.444772646850424],[-99.21115396233323,19.444805427914883],[-99.21082323947654,19.44502286754079],[-99.21079428497829,19.445039968322202],[-99.21077384830559,19.445050312820257],[-99.21071399445654,19.445073506618947],[-99.21065616630842,19.445087102193586],[-99.21060911165551,19.445092404890865],[-99.21056636801765,19.445092938548907],[-99.21052509851522,19.44508959852732],[-99.21048412366011,19.445082456827247],[-99.21044835544046,19.445072939077818],[-99.2104019421847,19.445055603659686],[-99.21035913566477,19.445033960008438],[-99.21031494663761,19.445004722311985],[-99.21026692809245,19.44496242861426],[-99.2102289221694,19.44491740562296],[-99.20781217557739,19.44654370597395],[-99.20774791728849,19.446584084037877],[-99.20772616727878,19.446558407696987],[-99.20769710677934,19.446532624621373],[-99.20766348643151,19.446510870201177],[-99.2076240414074,19.446493334181323],[-99.2075825706823,19.446482308731845],[-99.20752843999995,19.446477805713084],[-99.20748528762863,19.44648186147938],[-99.20744560185598,19.4464918568931],[-99.20740582265857,19.446508743211275],[-99.20736278078007,19.446536889612318],[-99.20732348307969,19.446576205454047],[-99.20728983488408,19.4466318468324],[-99.20727458688044,19.446680268631724],[-99.20726997043818,19.446722240843037],[-99.20727268424865,19.446763055102306],[-99.20728476658923,19.44680961077329],[-99.20730519697373,19.446851748976307],[-99.20724929750857,19.446893551729858],[-99.20720305942429,19.446930937020312],[-99.20709740047883,19.44701639246861],[-99.20682663298084,19.447235347072667],[-99.20700911405275,19.44732701473233],[-99.20737959544554,19.447506239096388],[-99.20822526406411,19.44791493238577],[-99.20870784083142,19.448147884296272],[-99.20912524662147,19.44835187237908],[-99.20944305260267,19.448504954543402],[-99.20949101096069,19.448529396412322],[-99.20962959046636,19.448594342899924],[-99.20983513308819,19.448692973451195],[-99.21010919111508,19.448827689410614],[-99.21031856056,19.449031010852966],[-99.21051460439602,19.4491699618065],[-99.21064882527591,19.44927385475696],[-99.21079423916423,19.44936531034862],[-99.21093966293398,19.449456757418105],[-99.21119850439828,19.44960542624265],[-99.21144627322836,19.449189627880042],[-99.21209992875158,19.448244773564014],[-99.21225480639143,19.448064769025567],[-99.21229649271218,19.44802741957306],[-99.21234142913762,19.448000544869235],[-99.21238259802878,19.44798236609081],[-99.21249242875035,19.44794954162086],[-99.2126309507638,19.44790781537484],[-99.21279838595298,19.447869124987335],[-99.21303343823188,19.44782377160127],[-99.21307770361581,19.447814522531313],[-99.21360539826826,19.447672392237546],[-99.21367206134718,19.447655605993834],[-99.21392125490529,19.447592883518478],[-99.21407858764081,19.44755013985748],[-99.21434240038185,19.447478454559672],[-99.2144735993291,19.447430435353997],[-99.21454915752597,19.447395361816913],[-99.21468614611521,19.447320720195336],[-99.21487767322199,19.44721236450218],[-99.21521631293128,19.446952339851627],[-99.21564501503602,19.446648963538546],[-99.21613054905717,19.446345255454123],[-99.2163106585767,19.44623258582779],[-99.21644281063645,19.44616257630081],[-99.21662863613612,19.446066257562862],[-99.21681445265267,19.44596992944992],[-99.21702500697548,19.445862768073635],[-99.2171328236742,19.44581942168852],[-99.2172171709878,19.44579472867787],[-99.2172739436154,19.44578207934269],[-99.21733070546325,19.445769422382917],[-99.2173742189573,19.44576310745583],[-99.21738626895855,19.445418549243485],[-99.21746296621922,19.44488535560879],[-99.21746244609466,19.444833144295888],[-99.2174538159797,19.444786083199475],[-99.21744448338222,19.44474562252177]]]}},{"type":"Feature","properties":{"colonia":"Lomas Altas","alc":"Miguel Hidalgo","cve_alc":"016","cve_col":"016-036","clasif":"Colonia","entidad":"Ciudad de México","cve_ent":"09"},"geometry":{"type":"Polygon","coordinates":[[[-99.23936368713184,19.39490503250388],[-99.23936418210354,19.394904481734258],[-99.2393994930807,19.394869494302768],[-99.23944369827753,19.394824877711994],[-99.23947807500684,19.394786215356344],[-99.23951959244431,19.394734809017496],[-99.23954637661285,19.394700403671344],[-99.23956824070854,19.394666423682203],[-99.23958697507382,19.394634143448517],[-99.23960303695111,19.394606965039113],[-99.23963024063279,19.39455409274596],[-99.23964896331994,19.39451736056637],[-99.23966656940125,19.394475968855375],[-99.23967502883625,19.3944513409137],[-99.23968237436031,19.394427354404908],[-99.23968816130737,19.394406980105057],[-99.23969393657634,19.3943834189546],[-99.23970103775869,19.39434394558911],[-99.23970812726293,19.394300653248077],[-99.23971255775386,19.394269669373916],[-99.23971430857038,19.394247807123],[-99.2397154054133,19.39423189574763],[-99.23971627049096,19.394207704149867],[-99.2397157845024,19.394183937913912],[-99.23971441367323,19.394162726409945],[-99.23971303026775,19.394133867642847],[-99.23970850365698,19.394098227592412],[-99.2397035296853,19.394062163862987],[-99.23969090835553,19.393993008857947],[-99.23967201229351,19.39391877146047],[-99.23959488204491,19.393540129871212],[-99.2391865878668,19.39156534485904],[-99.2391350128914,19.391340066837177],[-99.23909938930052,19.390535445697406],[-99.23904528377096,19.390700003044284],[-99.23897708457292,19.390995166140986],[-99.23893458617509,19.391261124551885],[-99.23892191004815,19.391390709933063],[-99.238909224938,19.391520286737506],[-99.23891554458605,19.391932701753994],[-99.23892020504576,19.39218638812911],[-99.23892102700421,19.39225964847303],[-99.23891837787247,19.39233791239307],[-99.23888149125024,19.392533317399756],[-99.2388388455288,19.39270296275432],[-99.23882318250345,19.392749103460627],[-99.2388075293596,19.39279525262731],[-99.2387561879462,19.39288485974278],[-99.23868766984624,19.392955501467046],[-99.23858483789901,19.393032965156358],[-99.23832635396427,19.393230019959685],[-99.23814637470045,19.39334150276914],[-99.23801068597338,19.393431214654928],[-99.23797425389873,19.39344890044995],[-99.23789852412365,19.39348020054019],[-99.23780278078236,19.393513568146453],[-99.23769917538569,19.39354355145025],[-99.23765450845478,19.393553439118136],[-99.23760985050711,19.393563335258918],[-99.2375355203072,19.393576999541274],[-99.23746548225779,19.39358726681752],[-99.23739758309705,19.393594814964203],[-99.23730680564266,19.393602056371613],[-99.23722854172011,19.393605211035702],[-99.23716277156663,19.393605976187924],[-99.2370902146411,19.39360301556575],[-99.2369765328419,19.393594011681415],[-99.23671092796187,19.393567566051633],[-99.2366269300929,19.393559190895154],[-99.2365725865098,19.393553839064896],[-99.23651825370642,19.393548477913654],[-99.23647892905656,19.393545819792575],[-99.23645534558543,19.39354482670432],[-99.2364317531311,19.39354384293689],[-99.23639564624655,19.39354253802567],[-99.2363595492435,19.39354122464092],[-99.23628234982463,19.39354335825557],[-99.23622302418498,19.39354682982785],[-99.23613296089118,19.393554404243993],[-99.23607792830026,19.393561937987254],[-99.2360178911949,19.39357151467844],[-99.23598645015994,19.393577324074286],[-99.23595500014184,19.393583124149146],[-99.23588854187884,19.393598816973068],[-99.2358278031892,19.39361517496095],[-99.23577135664998,19.393632886156247],[-99.23569419765526,19.393660800223266],[-99.23560239522317,19.39369686404161],[-99.23551273347634,19.39373361420057],[-99.23536037830578,19.393797062456468],[-99.23520803122018,19.393860519161137],[-99.23460791079629,19.394107524629295],[-99.23413495947726,19.394302133552866],[-99.23362985475933,19.394509675193472],[-99.23326977945075,19.394658016383353],[-99.23314260854923,19.39470905500157],[-99.23304616182708,19.394748515568434],[-99.23300115443469,19.394766555407763],[-99.23295613716087,19.394784586771884],[-99.23285111781595,19.394828131490907],[-99.2327889624831,19.39484991655612],[-99.23272321927905,19.394870356892913],[-99.23262746066641,19.394893544296743],[-99.2325784917036,19.394903757260426],[-99.2324895333377,19.39491813743072],[-99.23236801733086,19.394927789455163],[-99.23223792420973,19.394932703166646],[-99.23212926039969,19.394930810214188],[-99.23205634145314,19.39492819024601],[-99.23195755282303,19.394919268626722],[-99.23191549639641,19.39491548187412],[-99.23182756749976,19.394907449111447],[-99.23173962872167,19.3948994256692],[-99.23148832861413,19.394878376099946],[-99.23141183077955,19.394875757825577],[-99.2313224771548,19.39487519349841],[-99.23121954549468,19.39488143329544],[-99.23117094573944,19.394886923198168],[-99.23112233520446,19.394892403779934],[-99.23101513654672,19.39491221708143],[-99.23090508394124,19.394938135448665],[-99.23084863740202,19.394955159309344],[-99.23074860999515,19.394990564459732],[-99.23066715795167,19.39502050936123],[-99.23058069959718,19.39505114229491],[-99.23052047564221,19.395072853611914],[-99.23041636629068,19.3951103643687],[-99.23030419815271,19.39515121023362],[-99.23015842763326,19.39519819927671],[-99.23006911443277,19.395228841497634],[-99.22994978672199,19.39526426268798],[-99.22978682693957,19.39530778016394],[-99.22966109334249,19.39533856217462],[-99.22952602265637,19.395368579035598],[-99.22933592836246,19.395406805722402],[-99.228864975795,19.395503723051775],[-99.22862234263337,19.395552865917548],[-99.22837971935327,19.395602017241664],[-99.2279151978249,19.395696888991285],[-99.22759646388398,19.395763086078738],[-99.22745066641505,19.39579107349828],[-99.22735989974045,19.395806111968053],[-99.22727556410494,19.395814357366834],[-99.22717692459517,19.39582058441789],[-99.22707255383385,19.395823427220385],[-99.22696746711533,19.39582016668262],[-99.22684235515246,19.39581218904135],[-99.22673224954634,19.39579875287924],[-99.22667425970151,19.395790274462946],[-99.2266632481528,19.395788671308445],[-99.22659425664061,19.39577858041633],[-99.22644731831127,19.39575807579628],[-99.22630038896513,19.395737562700262],[-99.22601226332091,19.395705365717713],[-99.22585926495663,19.395691988012835],[-99.2258560202418,19.395691709240015],[-99.225731287368,19.39568061594606],[-99.22554541066434,19.395672024828198],[-99.22546998811306,19.39566974634732],[-99.22531665198233,19.395666888290236],[-99.22523872762297,19.3956663087138],[-99.22505293086938,19.395670837713464],[-99.22496494897216,19.395674107574788],[-99.22483699653637,19.39567969319953],[-99.22467402417752,19.395691421146584],[-99.2245103493361,19.395708584738415],[-99.22436096938586,19.395727757356404],[-99.22425376713478,19.39574383805219],[-99.22414655590059,19.395759908578484],[-99.2239828945339,19.39578859420116],[-99.22388212691523,19.395807715969678],[-99.22372704176453,19.395840470477065],[-99.22358841105495,19.395873870645374],[-99.22341404985495,19.395920212965144],[-99.22328756346965,19.39595700414137],[-99.22311678115777,19.396007408547682],[-99.2229581629331,19.39606254952353],[-99.22279953572529,19.396117681159858],[-99.22264877775935,19.39617145620023],[-99.22252945004858,19.396212985595028],[-99.22247034808943,19.396235389026376],[-99.22247195248052,19.396392591716587],[-99.22247339337824,19.39651660859961],[-99.2224764844811,19.396566345137177],[-99.22247720942157,19.396571094417393],[-99.22247792448053,19.396575853017993],[-99.22247985136683,19.39658796135126],[-99.22248320477779,19.396598597873083],[-99.22248745291071,19.39660782528611],[-99.22249313744987,19.39661772039375],[-99.22249719334336,19.396622125656886],[-99.22250162024105,19.3966263055304],[-99.22250651336445,19.396629924472077],[-99.22251214849621,19.396633056199505],[-99.22251928650944,19.396636359087456],[-99.22252932877603,19.396640004296128],[-99.22254160605102,19.396642899618637],[-99.22266787324735,19.396658716704824],[-99.22274601410064,19.39668079809004],[-99.22285866732888,19.396710435947607],[-99.22297132954021,19.396740065326455],[-99.22304054383451,19.396762167036535],[-99.22306155093747,19.396770747928873],[-99.22310261203076,19.396785183010515],[-99.22314940257895,19.396802334624418],[-99.22318283248399,19.39682086314431],[-99.2232086204208,19.39683939335684],[-99.22323537135169,19.39686244829694],[-99.22327694538305,19.396902925134686],[-99.22330465930787,19.39693096404512],[-99.22332665276096,19.39695878772974],[-99.2233366887393,19.396974397190018],[-99.22334937474774,19.396999514504902],[-99.22335847108833,19.39702191528606],[-99.22336870379775,19.397054944082907],[-99.22338318464013,19.397100016771265],[-99.22339753522678,19.397152729787344],[-99.22340187678451,19.39718351144908],[-99.22340335361487,19.397217923896125],[-99.22340245440124,19.397259128498167],[-99.22339488699333,19.397308948693897],[-99.22338587958593,19.397351970785284],[-99.22338066217077,19.397373255590832],[-99.22337259350289,19.39740542343429],[-99.22334932444213,19.397487630022365],[-99.22333365063704,19.397544253313722],[-99.22332036365562,19.397595890931857],[-99.22331229498775,19.397630758304572],[-99.22330519111053,19.39767152134654],[-99.22330231290834,19.397714487418526],[-99.22330053873561,19.397758011865214],[-99.223300588143,19.39779242503804],[-99.22330410235239,19.397826530625647],[-99.22330782227597,19.397851731693848],[-99.22331972495348,19.39789786246714],[-99.22332578409006,19.397916471357917],[-99.2233318342435,19.39793508956712],[-99.2233614849361,19.398005170714175],[-99.22341939213597,19.398130976757628],[-99.22345052235377,19.39821425060304],[-99.22347436992963,19.398290221353026],[-99.22349559981477,19.39839344526044],[-99.2235071737089,19.39856034258269],[-99.22350699584241,19.398681019379925],[-99.22350154756025,19.39888569489337],[-99.22349698501691,19.399041012286318],[-99.22349464670222,19.399076563980714],[-99.22348857948079,19.399173014795508],[-99.22348484159092,19.399233923221335],[-99.22346596529185,19.399387898982972],[-99.2233013014053,19.399583331959064],[-99.22312251690086,19.399786760788153],[-99.2225898644464,19.40040620092558],[-99.2225208361033,19.40048717570512],[-99.22246756960024,19.400546230575316],[-99.22243170346417,19.40058656923269],[-99.22241160096475,19.40060943045569],[-99.22237942690454,19.400645631692633],[-99.2223622627944,19.400661376368515],[-99.2223442524713,19.400678330998478],[-99.22232046687922,19.400698330850485],[-99.22229500503079,19.40071834002032],[-99.22226016207588,19.4007427772167],[-99.22222850544523,19.400762778755453],[-99.22217022364795,19.40079578306829],[-99.22213807024896,19.400812281832977],[-99.22199538454423,19.40088336410464],[-99.22147724616974,19.401155295957203],[-99.22115447879324,19.40132407230954],[-99.22104427976238,19.401384154655936],[-99.22097816735075,19.401423978792096],[-99.22078976907609,19.401550887922816],[-99.22060565576535,19.401687900190325],[-99.22043716236077,19.401802657958488],[-99.22017626016127,19.401988272899697],[-99.2198343137534,19.4022164347935],[-99.2196427156797,19.402346702847044],[-99.2194511274875,19.402476979269323],[-99.21902599618603,19.402761157830565],[-99.21864243532262,19.4029868275908],[-99.2182923097541,19.403216793668882],[-99.21770101797284,19.403614884370867],[-99.21712628034565,19.404002502435848],[-99.21745269578054,19.40393593335073],[-99.2177723666643,19.403881185644604],[-99.21818596808909,19.40380917266216],[-99.21836604526929,19.40377612574871],[-99.21854197043622,19.403737671412138],[-99.21873656708627,19.403694768782945],[-99.21881960016465,19.40367406604685],[-99.21896541200663,19.40363413909186],[-99.21910448468735,19.40359273275421],[-99.21928299430733,19.40353950412864],[-99.21948122913435,19.403476407909032],[-99.21975002752521,19.40338966031103],[-99.21986028494658,19.40335735554182],[-99.21995413463922,19.40332696903986],[-99.21999686390404,19.40331617451393],[-99.2200395832874,19.403305371514335],[-99.22007694601669,19.403297486595093],[-99.22012469147403,19.40328860525761],[-99.22017139937721,19.40327923587794],[-99.22021744342545,19.403276269500743],[-99.22022916913485,19.403276907513423],[-99.22024088496279,19.403277553998844],[-99.22025327632382,19.403278192011484],[-99.22026565870165,19.40327883849702],[-99.22027738530942,19.403281065186217],[-99.22028910113735,19.403283301195735],[-99.22031588530581,19.403290310013418],[-99.22033061049001,19.40329603009644],[-99.22034467002247,19.40330366591129],[-99.22035236139794,19.40330812437296],[-99.22036006265489,19.403312573514114],[-99.2203854993505,19.403331655422924],[-99.22040654777588,19.403348878366785],[-99.22042758631987,19.40336611062896],[-99.22044700789631,19.40338404699033],[-99.22046517362794,19.40340496412864],[-99.22047452419177,19.403417639640423],[-99.22048386397574,19.403430323623997],[-99.2204952914445,19.403448046460433],[-99.22050321458528,19.403462691078467],[-99.22051112784463,19.403477344167985],[-99.22051762356246,19.40349124824914],[-99.22052410939884,19.403505161649317],[-99.22054070038378,19.403571942733848],[-99.22059009155473,19.403820739885113],[-99.22060884478459,19.403919268833917],[-99.22061803814324,19.403975098517396],[-99.22064246513243,19.40410765199818],[-99.22067043867037,19.404259392234703],[-99.22068172690028,19.404318245775407],[-99.22069302411327,19.404377090821953],[-99.22070598770114,19.404436847529237],[-99.22071298288228,19.404493662430973],[-99.22071350839667,19.40452943831248],[-99.22071150335697,19.404567871279692],[-99.2207079711813,19.404594104147044],[-99.22069911738583,19.404643184109716],[-99.22069175120048,19.404671865624405],[-99.22068842384071,19.40468325400858],[-99.22068201525943,19.4047039701729],[-99.22067892595321,19.404713317440894],[-99.22067095699833,19.40473347439215],[-99.22066346235387,19.404749902432687],[-99.22063763758611,19.404794192638604],[-99.22061381695968,19.40482953464343],[-99.22058952022618,19.40486013522798],[-99.22056189164134,19.404890501956043],[-99.22049062649319,19.404953299382566],[-99.22045606830427,19.404982323145916],[-99.22043033067307,19.4050011489786],[-99.2204007662187,19.40502133046548],[-99.22037596912361,19.405037212825363],[-99.22033305300924,19.405058996523685],[-99.22016427034713,19.405145354327736],[-99.22028160289965,19.405121345671546],[-99.22032071644543,19.405113351540656],[-99.22038607696717,19.405096970137407],[-99.2204142175918,19.405088554904765],[-99.22044236719955,19.40508014899185],[-99.22048911193366,19.405064242064853],[-99.22056017945239,19.405038341409085],[-99.22059118210952,19.405024723842576],[-99.22062217578343,19.405011097802113],[-99.22071327213979,19.40496843105419],[-99.22078146415127,19.404937103518805],[-99.22082724409479,19.40491395567414],[-99.22084560925244,19.40490329427745],[-99.22086396542699,19.404892624407047],[-99.2209321430655,19.404849531443173],[-99.22098340093558,19.404813468402157],[-99.22101522016125,19.404791579607494],[-99.22104704837007,19.404769699282696],[-99.22110140093639,19.404735667170105],[-99.22113514345504,19.404716161782577],[-99.22116887609232,19.404696646225336],[-99.2211984414449,19.404681666192776],[-99.22122515284991,19.404669178877324],[-99.22124697202982,19.404658625069942],[-99.22127856577842,19.404644438942007],[-99.22131672531333,19.404629220816926],[-99.22138564226529,19.40460514430154],[-99.22145194242484,19.404582874199487],[-99.22149583231298,19.4045703724725],[-99.22153924699238,19.404560354144564],[-99.22158743082761,19.404550786572944],[-99.22163990591488,19.40454007855146],[-99.22170098596432,19.404532990142595],[-99.22174559270809,19.40452976197628],[-99.22179020933329,19.404526542282955],[-99.22188517383528,19.404524617245187],[-99.22194435304954,19.404525223055906],[-99.22196105632392,19.40452565093617],[-99.22198920952493,19.40452855967509],[-99.22205985034392,19.404537080000328],[-99.22213430810456,19.404547405895244],[-99.22222595602649,19.404560877768276],[-99.22229205586173,19.404566681688046],[-99.22234399375647,19.40457026910344],[-99.22241136830111,19.404572876207116],[-99.22246385686314,19.404573257486515],[-99.2225096727393,19.404572304288045],[-99.2225539282418,19.404569193048335],[-99.22258708595723,19.404566654574836],[-99.22262025265582,19.40456412542148],[-99.22265651405058,19.404562723160556],[-99.22266886768239,19.404563279828473],[-99.22269356506449,19.404564373676735],[-99.22270590971308,19.404564929497383],[-99.22273789063554,19.404571683226298],[-99.22277369927937,19.40458476619239],[-99.22280426625353,19.404604197881632],[-99.22282816233843,19.40462545631977],[-99.22285301243417,19.40465304398994],[-99.22287069217722,19.404672489227682],[-99.22288694539567,19.404692395387084],[-99.22289794346973,19.404707778727136],[-99.2229055998109,19.40471999406062],[-99.22291271446794,19.404736571224873],[-99.22291996477058,19.404757788976035],[-99.22292668327061,19.404783360082206],[-99.22293148925738,19.404810069089677],[-99.22293440518874,19.404847425090033],[-99.22293420576281,19.404876176893424],[-99.22292948960752,19.404916930494377],[-99.22292266420801,19.404940825644445],[-99.22291841427842,19.40495423648037],[-99.22291124302747,19.404969409668844],[-99.22290114057381,19.404984592176042],[-99.22287047837818,19.40501916819371],[-99.22285400866579,19.405035210690578],[-99.2228342268649,19.405048815547005],[-99.22281943969702,19.405056983374475],[-99.22279964621804,19.405066289952618],[-99.2227820042042,19.405073330043002],[-99.22275338837079,19.40508422866841],[-99.22272476355431,19.405092870126335],[-99.22268468791285,19.405099709409107],[-99.22261502176589,19.40510568191942],[-99.22254870813165,19.40511527402959],[-99.22248715287346,19.405124855124587],[-99.22243301230955,19.405136701010644],[-99.22236693852545,19.405155341270227],[-99.22232185926792,19.405169207080146],[-99.22229145488882,19.405179546491425],[-99.22225150590978,19.40519397065953],[-99.2222054861161,19.405213498019144],[-99.22214539331515,19.40524209639935],[-99.22210653039937,19.405262299038455],[-99.22207601462911,19.40528067577846],[-99.2220412067085,19.40530154522498],[-99.22200687579331,19.405325132754623],[-99.22197111745511,19.405350301311906],[-99.22194072744905,19.405375134340964],[-99.22191237392373,19.405399957198963],[-99.22188543793993,19.405423082097755],[-99.22185684725937,19.405451417783482],[-99.22178917267743,19.405520101912934],[-99.22173579837651,19.40557585987527],[-99.22163718761283,19.405686858900843],[-99.2216385305942,19.405717976165867],[-99.2216398825587,19.405749084104958],[-99.22164274728615,19.4057764165529],[-99.22164431484632,19.405797338467288],[-99.22164639444622,19.405811127119904],[-99.22164976851838,19.405825898617184],[-99.22165548629516,19.40584731618462],[-99.22166302226209,19.40586947342525],[-99.22166729824286,19.40587870963246],[-99.2216715841051,19.405887937366433],[-99.2216770413704,19.405898283510346],[-99.22168483156057,19.405912314476563],[-99.2216941713446,19.405923146957885],[-99.22170715828864,19.40593619168755],[-99.2217754167755,19.405992301128574],[-99.22183200075696,19.406028729085897],[-99.22189221123719,19.406064162328562],[-99.22224427267511,19.40629091541216],[-99.22226418563002,19.406269914764327],[-99.22230897832506,19.406222647622176],[-99.22242128749852,19.406118479729457],[-99.22256225831939,19.406001001847855],[-99.22258513032486,19.40597923183215],[-99.2226895172558,19.40586461003359],[-99.22287326764717,19.40582737712262],[-99.2228729810846,19.405825336022644],[-99.22284682843173,19.405634306244302],[-99.22282058055742,19.405385737244263],[-99.22341509190065,19.405236062042487],[-99.22364478303402,19.405173457905946],[-99.22374355190118,19.405520322206407],[-99.2237682986906,19.405607263542983],[-99.22377053998723,19.40562013121612],[-99.2237809299018,19.40566529557991],[-99.22379021399026,19.40570561178585],[-99.22383397901258,19.405689804052052],[-99.22389391281175,19.40566991919674],[-99.22393352132923,19.405659639973617],[-99.22397311996528,19.405649351429712],[-99.2240513749046,19.40563059853824],[-99.22417696566957,19.405598051044226],[-99.22430826702471,19.405567316727744],[-99.22452088747269,19.405513656634234],[-99.22459046288981,19.40549653135721],[-99.22466994672445,19.40547842831396],[-99.22472955802836,19.40546321196153],[-99.22479318659828,19.40544736184],[-99.22484677379987,19.40543405271875],[-99.22486837738415,19.405429278278834],[-99.22488545974761,19.405425155399513],[-99.22491090722295,19.405419927662884],[-99.22494790882953,19.405413459503507],[-99.22497218669844,19.405409659438668],[-99.22501605951854,19.40540267358884],[-99.22504971130739,19.405397949137672],[-99.22506963055052,19.405395893628604],[-99.22508955967513,19.405393845745117],[-99.2251034539176,19.405392261325428],[-99.22512270750907,19.405390999720666],[-99.22514297889177,19.40538972032298],[-99.22519659034798,19.405388745947178],[-99.22526586842267,19.405389319557898],[-99.2252778196092,19.40530156301793],[-99.22528055408091,19.405284928295877],[-99.22528112540944,19.405285027428057],[-99.22529013910501,19.405234095496166],[-99.22550853482191,19.40517917707547],[-99.22590735626534,19.40508160547454],[-99.22626377183752,19.40499570432322],[-99.22629656573528,19.404988307522352],[-99.22628511580866,19.4051167262755],[-99.22628306046329,19.405172369992737],[-99.22628151625932,19.405217673435477],[-99.22628101769429,19.405259329308354],[-99.22628101949094,19.40526465702966],[-99.22628053440067,19.405369837972774],[-99.22628315298974,19.4054269516396],[-99.22629274430204,19.405550939606766],[-99.22635326919263,19.405559154856842],[-99.2265471130545,19.405591833687488],[-99.22666532146447,19.40525694589861],[-99.22670887178944,19.405150558349245],[-99.22675502902537,19.4050402418695],[-99.226783862251,19.404976444679694],[-99.22680856861625,19.404921804929085],[-99.2268127242228,19.404912665257996],[-99.22687314041721,19.404935663133273],[-99.22691511240222,19.404833610089803],[-99.22693629647324,19.404829900671064],[-99.22710885655111,19.404906932522536],[-99.22714098030569,19.404836777245496],[-99.22743228957931,19.404966116270337],[-99.22748999286156,19.405143020906188],[-99.22753993919136,19.405164811368557],[-99.22758783915891,19.405187804124502],[-99.22768567557488,19.40523257801041],[-99.2281710721538,19.405456511648463],[-99.22869479445602,19.40484235916649],[-99.22875044778282,19.404804450734243],[-99.22884057036536,19.40473466313543],[-99.22889863926196,19.404693882375494],[-99.22894853708272,19.404664878895712],[-99.22898906457678,19.4046444846956],[-99.22901720250645,19.40463241932616],[-99.2290377667399,19.40462552240825],[-99.22906589838132,19.404618911873047],[-99.22908858623218,19.404616610640772],[-99.2291145978495,19.40461602431805],[-99.22914908866487,19.40461601245594],[-99.22917964036765,19.40461945159506],[-99.22920294086951,19.404624319260265],[-99.22923500892853,19.404634927296268],[-99.22926465962114,19.404645248101215],[-99.22930671425117,19.404662742037708],[-99.22935482442453,19.404686266960844],[-99.2294880652424,19.40475523694897],[-99.22961858596156,19.40460350649519],[-99.23069140437956,19.403330972504033],[-99.23121632503435,19.40270906431112],[-99.2315052879084,19.402370021364213],[-99.23205448643212,19.401712162696686],[-99.23257273170603,19.401082785246935],[-99.23313211892166,19.400460850666093],[-99.23394016789273,19.399635620514104],[-99.23395277215454,19.399622748130998],[-99.23496914044004,19.398611815498718],[-99.23563463126709,19.39789288699072],[-99.23575505043095,19.39777994820898],[-99.2358644257067,19.397682870396494],[-99.23590373598351,19.397648243674865],[-99.23593805072908,19.39761837805804],[-99.23599378310762,19.397576294872046],[-99.23627548489922,19.397393646465957],[-99.2367780644529,19.397077250803118],[-99.23707475373676,19.396895281393533],[-99.23722345276403,19.39679751078621],[-99.23736000477204,19.396716712109445],[-99.23771424642119,19.39650316825903],[-99.23778466176304,19.396458018298244],[-99.23785686385405,19.396407097160136],[-99.23793477833188,19.396341246892884],[-99.2379919614896,19.396286936395562],[-99.238047719021,19.396238062355486],[-99.23814135581293,19.396152520887306],[-99.23823071033596,19.396064957640537],[-99.23840296947816,19.39587624487189],[-99.23866957957301,19.395604038981144],[-99.23915242044501,19.395135137105267],[-99.23925784582842,19.395021949834575],[-99.23931100902523,19.394963215794956],[-99.23936368713184,19.39490503250388]]]}},{"type":"Feature","properties":{"colonia":"Lomas De Bezares","alc":"Miguel Hidalgo","cve_alc":"016","cve_col":"016-037","clasif":"Colonia","entidad":"Ciudad de México","cve_ent":"09"},"geometry":{"type":"Polygon","coordinates":[[[-99.24769583268328,19.386556462812457],[-99.24740328822615,19.386165169613196],[-99.24740318312327,19.386165016236863],[-99.24702160753665,19.38647597004122],[-99.24664159951021,19.386785658113173],[-99.24659398880016,19.38682293690273],[-99.24654793756542,19.386858950545886],[-99.24636445666864,19.38700503705339],[-99.24628232819379,19.38706009210392],[-99.24619734397464,19.387113117664708],[-99.2461580723254,19.387136576487205],[-99.2461187898963,19.38716002683259],[-99.2460595082741,19.387190636671512],[-99.24600913883779,19.38721206855501],[-99.24595877928293,19.387233509756776],[-99.24589376640925,19.387258695517577],[-99.24582875263721,19.38728320421994],[-99.24575873165571,19.3873043200193],[-99.24568156367786,19.3873261340549],[-99.24564655722955,19.38733466375476],[-99.24561154089979,19.387343185827742],[-99.24554079318125,19.387356851479595],[-99.24546717893867,19.38736712338506],[-99.24537141134289,19.387377431727142],[-99.24529564383859,19.387381599974812],[-99.24523489257248,19.387383712485747],[-99.24511336578591,19.387380486521458],[-99.24498540436699,19.387370482387894],[-99.24486242320792,19.387350298711926],[-99.2447623212409,19.38733076497189],[-99.24469330906749,19.38731254466439],[-99.24462430677558,19.387294325202227],[-99.24442977031258,19.38722946437499],[-99.24394845837328,19.387063914629238],[-99.24370569854922,19.386988924141242],[-99.24360919163992,19.386965658499815],[-99.24348221387616,19.386945159548603],[-99.24335566820213,19.386930403284858],[-99.24320054801714,19.386922468424224],[-99.24311655823303,19.386926313831996],[-99.24304437141342,19.386935563825194],[-99.2429743459404,19.386947874551808],[-99.24285894566407,19.386978886088475],[-99.24280286563753,19.386999146074587],[-99.2427467757295,19.387019396736992],[-99.24263105116131,19.387069073470588],[-99.24256961807401,19.38709899779741],[-99.24250819396981,19.387128930592663],[-99.24238320058451,19.387199641757523],[-99.24221680744108,19.387305686839138],[-99.24208826121887,19.387389963585882],[-99.24199257447145,19.387454197290364],[-99.24194151782399,19.387492586837396],[-99.2418904701596,19.38753098484917],[-99.24177052440793,19.387632892826776],[-99.24158350235233,19.387807474162404],[-99.24141215769504,19.387950146596143],[-99.24131612419788,19.388026931378846],[-99.24125970999806,19.388067698520754],[-99.24119294271452,19.388109850260385],[-99.24109081145326,19.388170013748855],[-99.24088938850532,19.38828084839437],[-99.24069641421262,19.388384998048327],[-99.24054547209208,19.388465814419117],[-99.24042691783073,19.388533804095026],[-99.24038813935655,19.38855813719959],[-99.24034937076388,19.388582480468997],[-99.24030228466994,19.388607222846293],[-99.24025014824747,19.388638153566617],[-99.24022157912644,19.388656171204264],[-99.24019265696762,19.38867554293757],[-99.24015516398255,19.388700688648957],[-99.24011124894162,19.38872889844647],[-99.24008874883867,19.388744185848115],[-99.24005768779108,19.388765599732228],[-99.24001841704013,19.38879549578416],[-99.23997808268389,19.38883048536849],[-99.2399038342307,19.38889298394008],[-99.23988098558144,19.38891540617383],[-99.23985779467407,19.388938496131203],[-99.23983635458318,19.38895952613173],[-99.23982613804347,19.388970537689016],[-99.23982209562469,19.388974910111756],[-99.23978034732016,19.389019318158674],[-99.23973699372624,19.389068729903183],[-99.23971095066784,19.389099288541182],[-99.23968919077667,19.38912950314218],[-99.23967599003358,19.389146980952077],[-99.23965226912023,19.389178559806155],[-99.23963140305281,19.389206732236694],[-99.23962105535907,19.38922082311059],[-99.23959466465261,19.389259861324433],[-99.23957256429998,19.389296522664296],[-99.2395222882885,19.389382056719864],[-99.23948593885888,19.389454013381858],[-99.23945816025532,19.389519844404187],[-99.23943251245562,19.389582287632244],[-99.23939904392307,19.38966983826679],[-99.23936842754159,19.38975195046767],[-99.23924741548966,19.390096701272626],[-99.23919187984217,19.390254152237443],[-99.23911858629813,19.390477076946095],[-99.23909938930052,19.390535445697406],[-99.2391350128914,19.391340066837177],[-99.2391865878668,19.39156534485904],[-99.23959488204491,19.393540129871212],[-99.23967201229351,19.39391877146047],[-99.23969090835553,19.393993008857947],[-99.2397035296853,19.394062163862987],[-99.23970850365698,19.394098227592412],[-99.23971303026775,19.394133867642847],[-99.23971441367323,19.394162726409945],[-99.2397157845024,19.394183937913912],[-99.23971627049096,19.394207704149867],[-99.2397154054133,19.39423189574763],[-99.23971430857038,19.394247807123],[-99.23971255775386,19.394269669373916],[-99.23970812726293,19.394300653248077],[-99.23970103775869,19.39434394558911],[-99.23969393657634,19.3943834189546],[-99.23968816130737,19.394406980105057],[-99.23968237436031,19.394427354404908],[-99.23967502883625,19.3944513409137],[-99.23966656940125,19.394475968855375],[-99.23964896331994,19.39451736056637],[-99.23963024063279,19.39455409274596],[-99.23960303695111,19.394606965039113],[-99.23958697507382,19.394634143448517],[-99.23956824070854,19.394666423682203],[-99.23954637661285,19.394700403671344],[-99.23951959244431,19.394734809017496],[-99.23947807500684,19.394786215356344],[-99.23944369827753,19.394824877711994],[-99.2393994930807,19.394869494302768],[-99.23936418210354,19.394904481734258],[-99.23936368713184,19.39490503250388],[-99.23947784503817,19.39499839300985],[-99.2394829860965,19.395002905928685],[-99.23948339572827,19.395003266894403],[-99.23952467690881,19.395039550722984],[-99.23953295039259,19.395046816638946],[-99.2395388622055,19.39505201589943],[-99.23959347258823,19.39510000652337],[-99.23961988215927,19.39512323033001],[-99.23965931640363,19.395157880466947],[-99.23965987874897,19.395158367685532],[-99.2396625817797,19.395160750395796],[-99.23966838040485,19.39516585051432],[-99.2396684944909,19.395165949652668],[-99.23967635834285,19.39517286307104],[-99.23972036231709,19.395211538892152],[-99.23972607470397,19.39521655766471],[-99.23977556289297,19.39526004380196],[-99.23982287087075,19.395301625964162],[-99.23982620272213,19.395304550967253],[-99.23983854108259,19.395315399406844],[-99.23994696953405,19.395406712515562],[-99.23995659588057,19.39535263726565],[-99.24001980224229,19.3953426700575],[-99.24002085327118,19.395352331377495],[-99.2400382392652,19.395349569911094],[-99.2401414997088,19.395333157020723],[-99.24014187161131,19.39533590238816],[-99.2401503508093,19.395397501133786],[-99.24015052238752,19.39539881026685],[-99.2400956461034,19.395436813250043],[-99.24023356804227,19.395571710635476],[-99.24029380008204,19.395528838899022],[-99.2402938566759,19.395528793143004],[-99.24031498505141,19.395551757603982],[-99.24034397817724,19.395583259802773],[-99.24028996337746,19.395632106924822],[-99.2403505834895,19.39573216179621],[-99.240585919636,19.395907148791018],[-99.24059286900307,19.395912338703344],[-99.24077189425601,19.396045864711457],[-99.24076626810744,19.396063402786634],[-99.24093038851319,19.396150574567223],[-99.24098111637731,19.3961775264813],[-99.24102490834908,19.396041210317165],[-99.24107556794122,19.396064622097143],[-99.24108412080102,19.396037276154935],[-99.24111834122347,19.395927827942838],[-99.24112524028484,19.395905782890818],[-99.24114495920367,19.395799798488436],[-99.241170905244,19.395660356193122],[-99.24117136158816,19.39565793620738],[-99.2411894913872,19.3954907206997],[-99.24121283321155,19.395275562760357],[-99.24126667643304,19.39528932010587],[-99.24132245103243,19.395093382891126],[-99.24139595029067,19.395115476351393],[-99.24141054881235,19.3950738602483],[-99.24146791792133,19.394910302945267],[-99.24153171267955,19.394728440419303],[-99.24163463176336,19.3947595335129],[-99.24166529575558,19.394677907668626],[-99.24166677887413,19.39467395228996],[-99.24169756593555,19.39459200102445],[-99.24171266032724,19.394551829501722],[-99.24172662374004,19.394556872020072],[-99.24178800831835,19.394579041813852],[-99.2418765857986,19.394611052604418],[-99.24198375660863,19.394656095465535],[-99.24204475221643,19.39468139955287],[-99.24207189930432,19.3946926488253],[-99.24212842040365,19.39471608537218],[-99.2421633639699,19.39473058164441],[-99.24220614982858,19.394747458937115],[-99.24231766848455,19.3947909824826],[-99.24246048534341,19.39484720676864],[-99.24249897006848,19.394864835638224],[-99.24255573101799,19.394890836204745],[-99.24256464949217,19.394894932236316],[-99.24259417711552,19.394908455748826],[-99.24262092535147,19.39492076163578],[-99.24269163174748,19.39495331211331],[-99.24269472464694,19.394954728861812],[-99.24271681871137,19.394964896065378],[-99.24277970976446,19.394993847044788],[-99.24292859384465,19.395062385610416],[-99.24293784649208,19.39506664432638],[-99.24291969693007,19.395105227812937],[-99.24290935282957,19.395127228912035],[-99.24288367269061,19.395181808401844],[-99.24285322070078,19.395246566074864],[-99.24281089298286,19.395336549752447],[-99.24276788164711,19.3954279865602],[-99.2427798085791,19.39543338154291],[-99.24274945809891,19.395491791730944],[-99.24274726171807,19.395496027557563],[-99.24269744564396,19.395568071334214],[-99.2426330885404,19.39564117763584],[-99.24262794209213,19.39564702254581],[-99.24262089660537,19.39563933214237],[-99.24254369359319,19.395718276540723],[-99.24250465640425,19.395761311762598],[-99.24247399959849,19.395795105957102],[-99.2423971792687,19.395877563321775],[-99.24230815442742,19.395973119555176],[-99.242274729014,19.39600900068482],[-99.24224885573715,19.3960374464686],[-99.24234434036367,19.396102206343098],[-99.24228238715177,19.396169414979276],[-99.2422652490928,19.39642065444025],[-99.2423380027493,19.396434566750376],[-99.24238707681496,19.39644394669207],[-99.2424946886978,19.396432758548414],[-99.2426864852992,19.396437365481034],[-99.24268637121315,19.39643847633049],[-99.24268213655492,19.39648071995598],[-99.24267607382502,19.39658161485615],[-99.24273509852912,19.396583179025715],[-99.24277918155505,19.39658434410329],[-99.24277659710197,19.396655772237473],[-99.24277371261158,19.396735670234477],[-99.24277068708572,19.396819559954086],[-99.24277045801533,19.39683855958622],[-99.24276877457247,19.397005470365965],[-99.24276866587633,19.39701646866904],[-99.24276767772955,19.39712175916604],[-99.24276837931376,19.397177808097748],[-99.2427699801116,19.39730474172351],[-99.24277249000451,19.39742363837538],[-99.24299218827859,19.39723573214189],[-99.24314197606398,19.39709398889087],[-99.24334029533264,19.396920737651467],[-99.24340766718234,19.396863711662597],[-99.24346342291707,19.396813472750353],[-99.24349808800555,19.396782927423192],[-99.24352703711394,19.3967584887848],[-99.24354670123547,19.396744140975606],[-99.2435627792824,19.396732513089123],[-99.24358530094493,19.396720972476626],[-99.24360416915916,19.396712746612252],[-99.24362896625426,19.396703408205216],[-99.24366027164358,19.396693344484316],[-99.24368340505877,19.396687601291298],[-99.24370503469423,19.396682995213066],[-99.2437340215318,19.396678838218847],[-99.24377299134714,19.396674406690153],[-99.2438030355018,19.396673481407245],[-99.24384128576658,19.396676418248372],[-99.24388813111204,19.3966842001144],[-99.2439185220164,19.39669131259043],[-99.2439507122463,19.39669910038705],[-99.24399647781678,19.396715370788495],[-99.24404985032103,19.396740415273065],[-99.24408344821103,19.396765802921752],[-99.24421320626057,19.396896537980194],[-99.24441299696961,19.396718887201455],[-99.2445474136822,19.396596898131026],[-99.24458315225746,19.396561259467173],[-99.24461102338745,19.39653427457072],[-99.2446392538436,19.396500843186754],[-99.24466033909997,19.396470835855293],[-99.24469463318421,19.396420750188458],[-99.244717853736,19.396379347098968],[-99.24473250435997,19.396349144011857],[-99.24474841711694,19.39630931524419],[-99.24478999024996,19.396196106759554],[-99.2448124687933,19.396095665790096],[-99.24483923230058,19.395979627914475],[-99.24486062298413,19.39585238652043],[-99.24487060686015,19.395794021370552],[-99.24488308176454,19.39571191475969],[-99.2448996646647,19.395639965948142],[-99.24494067724896,19.395489897090233],[-99.2449569610101,19.395431980898053],[-99.2449686840246,19.395388271110196],[-99.24497445210702,19.395368862893005],[-99.24498516541509,19.395343754647026],[-99.245000169077,19.395314572407223],[-99.24501053294041,19.395294720177215],[-99.24502767728761,19.39526519391018],[-99.24503625530029,19.39525059769987],[-99.24506019270765,19.39521615602738],[-99.24508091594294,19.395187982942222],[-99.24509592409639,19.395168805176723],[-99.24510699583223,19.39515557147487],[-99.24511986509704,19.39514063970941],[-99.24514595756278,19.395114504456146],[-99.24517240126981,19.39508769217655],[-99.24522492756108,19.395035079324714],[-99.24526531851117,19.394997063537563],[-99.24531212882232,19.394952597807734],[-99.24537182277129,19.394902013439125],[-99.24543293695669,19.394855852159708],[-99.24550191858738,19.39480425264953],[-99.2456059327175,19.394734992889983],[-99.24573424717435,19.394653504302404],[-99.24598015828843,19.394489873705755],[-99.24614958863586,19.3943764733037],[-99.24619819557755,19.39434727648576],[-99.24623357752162,19.394323511964913],[-99.24627111003251,19.394300424466046],[-99.24630542657471,19.39428038993409],[-99.2463390316512,19.39426307367012],[-99.24638263857003,19.39424540999442],[-99.24642732256886,19.394231483939766],[-99.24647415982949,19.394220943860066],[-99.24652706880306,19.394212775488597],[-99.24657569820268,19.394210045354374],[-99.246637909231,19.39420866334044],[-99.24670584162943,19.394212696685774],[-99.24686531235534,19.394228239469577],[-99.2469416996972,19.394239222708197],[-99.24692946194806,19.394202493846954],[-99.2468992758596,19.39412562639568],[-99.24687124842274,19.394028665878373],[-99.24684018647685,19.393933313560268],[-99.2468267431886,19.393901877134955],[-99.24680163976794,19.39384764462654],[-99.24677364287379,19.39377171501723],[-99.2467499201638,19.39367949348556],[-99.2467333345687,19.39358725919148],[-99.24672958679731,19.393473311622866],[-99.24673145798809,19.393289478258474],[-99.24674162152724,19.393153735023834],[-99.24675179584611,19.393018000996978],[-99.24682288761939,19.392846029151535],[-99.24686469072114,19.3927608765283],[-99.24689107603763,19.39271370121197],[-99.24691745237104,19.392666516561096],[-99.24699554561359,19.39254837904898],[-99.2470554839043,19.392475038336705],[-99.24715969925711,19.392373829065477],[-99.24740565349028,19.39217134932491],[-99.24728638596662,19.392084254216837],[-99.24720468598818,19.39202565893034],[-99.24720512795932,19.392025317447175],[-99.24717838062169,19.392010498092393],[-99.24717829977332,19.39201045318273],[-99.24714551216375,19.391992291019026],[-99.24718660739309,19.39184384486967],[-99.24719711319031,19.391789913333707],[-99.2469513170606,19.39164782470311],[-99.24693185146671,19.39163706160177],[-99.24691303176154,19.391403921909667],[-99.24689123953105,19.39139686851753],[-99.24687170476685,19.391200550390245],[-99.24695255493906,19.391204031333416],[-99.24698994102455,19.391205640464566],[-99.24698110699204,19.39117066833774],[-99.246993187536,19.391061315146647],[-99.2469964061997,19.391032222806214],[-99.24697046465087,19.390879034808872],[-99.24695959952753,19.390814866854864],[-99.24695903987708,19.390812937418005],[-99.24694377750042,19.390760723138005],[-99.24694313879829,19.390758529324383],[-99.2469419170895,19.39075433065832],[-99.24693307317548,19.390698293919666],[-99.24692847919111,19.39065828751836],[-99.24693807948655,19.390629312041657],[-99.24695771126883,19.390581820042094],[-99.24695861856723,19.390579626226167],[-99.24695757562318,19.390579768582658],[-99.246935237217,19.39033187311549],[-99.24678174657602,19.390230019363837],[-99.24679649691299,19.390212446765748],[-99.24682164435103,19.390182483184955],[-99.24693495424768,19.390047473717942],[-99.24698019879531,19.390048343112603],[-99.24698735118157,19.3898835783501],[-99.24699967696564,19.3896991740444],[-99.24707274323588,19.389705088651684],[-99.24707281689774,19.389704641242993],[-99.24711116418058,19.389471937718863],[-99.24715289451882,19.389478859005493],[-99.2471530966397,19.389478496332693],[-99.2471760476969,19.389437334671374],[-99.2472392765165,19.389321205617417],[-99.2472392980761,19.38932116494376],[-99.24729359764176,19.389215096601347],[-99.24733699884641,19.389130286110138],[-99.24735688754679,19.389091431744212],[-99.2474293708104,19.38891423172031],[-99.24742943818406,19.388914066483423],[-99.24745665623888,19.388847525967996],[-99.24745845017446,19.3888260849787],[-99.24748019209927,19.388566430418326],[-99.2474374915806,19.38856461365529],[-99.24743674957216,19.388564586539307],[-99.247445832438,19.388458849026247],[-99.24741476420392,19.388456677213235],[-99.24741694261849,19.388427241221933],[-99.24741874553722,19.388395896944107],[-99.24742122219246,19.388362461346365],[-99.24742476335133,19.388314597536446],[-99.24743409415215,19.38831480853223],[-99.24754443871008,19.38832475668111],[-99.24754447823597,19.388324754986435],[-99.24756061377514,19.38832412284674],[-99.24760605954536,19.388216988707185],[-99.24762144409293,19.388180725389482],[-99.24764241975478,19.388015372354282],[-99.24765564475241,19.3879110885787],[-99.24764597438835,19.387872899958083],[-99.24760042441356,19.387872333064553],[-99.24754549333224,19.38766619638375],[-99.24753560737251,19.38762897371399],[-99.2475351447402,19.387629080483368],[-99.24750152708732,19.387502603674047],[-99.24748515888452,19.38744290430149],[-99.24747337478459,19.38739993551779],[-99.2474593511847,19.387348750553794],[-99.24745020813172,19.387315424900105],[-99.24743845367624,19.387272032394005],[-99.24740081336752,19.387130810925125],[-99.24738942901793,19.387087390406368],[-99.24738072613944,19.38703759419796],[-99.24735234746133,19.38705598231729],[-99.24734222165144,19.386958418491886],[-99.24733284503652,19.38679635204994],[-99.24740409850652,19.386748732672608],[-99.24745055218652,19.386717684654812],[-99.24746035999276,19.38671112423505],[-99.24747996662218,19.38669802203703],[-99.24749631057044,19.38668709760624],[-99.24750109589597,19.386683898744288],[-99.24753507646824,19.386661183009416],[-99.24753694137074,19.386659935664962],[-99.24769583268328,19.386556462812457]]]}},{"type":"Feature","properties":{"colonia":"Lomas De Chapultepec I Seccion","alc":"Miguel Hidalgo","cve_alc":"016","cve_col":"016-038","clasif":"Colonia","entidad":"Ciudad de México","cve_ent":"09"},"geometry":{"type":"Polygon","coordinates":[[[-99.23291069947548,19.406959189754794],[-99.23272559622131,19.406896082999772],[-99.23262865632404,19.406861741229253],[-99.23255491272401,19.406835219806663],[-99.2325010353666,19.406814208214527],[-99.23247594272573,19.406803670644564],[-99.23244687953135,19.406788600994886],[-99.2324251079621,19.406776129092165],[-99.23240664937966,19.406763801225374],[-99.23238425707456,19.406746291416514],[-99.23235944470811,19.406721910195085],[-99.23232886964908,19.406687471798143],[-99.23230919474777,19.40665849239758],[-99.2322816506045,19.40660970450626],[-99.2322580329974,19.406550575582397],[-99.23218927235227,19.40634393131769],[-99.23215323823129,19.406245491107438],[-99.23210145484671,19.406105725631193],[-99.23206511529854,19.406005560214574],[-99.23204269334906,19.405936678026475],[-99.23201755579247,19.405860338891085],[-99.23200544650244,19.405828476045965],[-99.23199969189473,19.405814418806777],[-99.23199091086279,19.405799206722104],[-99.23197184681587,19.405773378202255],[-99.23194763272738,19.405744969706497],[-99.23191979214008,19.405716851823325],[-99.23187953863219,19.405682705525855],[-99.23183293852681,19.4056511442783],[-99.23179178490706,19.405626479900455],[-99.23176001868195,19.40561012905109],[-99.2317282524569,19.405595503266635],[-99.23169981089667,19.4055851740492],[-99.23166002361442,19.40557456861709],[-99.23163324842906,19.405569412904253],[-99.23159633755235,19.40556368358111],[-99.23155187094581,19.405560547789033],[-99.23151284004504,19.405560561345627],[-99.23147048897096,19.40556401741026],[-99.2314341916436,19.405570630448853],[-99.23140333900517,19.40557838986015],[-99.23126753259878,19.405620634501638],[-99.23104309301665,19.405695346968823],[-99.23099137161587,19.405710580245138],[-99.23096504828308,19.40571690181289],[-99.23093601293648,19.40572265485459],[-99.23089638465599,19.405727834286413],[-99.23085796281299,19.405730141433924],[-99.23082256739417,19.405729865220177],[-99.23078203181532,19.405726438813733],[-99.23073362340125,19.40571956566611],[-99.23070155624053,19.405712398511383],[-99.2306655571539,19.40570237008638],[-99.23063106094862,19.405689748978762],[-99.23058791935712,19.405668905000432],[-99.23051705665424,19.40563128398948],[-99.23041713884182,19.40557299436658],[-99.23030881279837,19.40550184890335],[-99.22974192195517,19.40512313005305],[-99.22937854982948,19.40488255271993],[-99.22878110638514,19.40559272926478],[-99.2287295260198,19.405652995589193],[-99.2287120780421,19.40567339051025],[-99.22829612842112,19.406181441053917],[-99.22825674358411,19.406227994799295],[-99.22823542386747,19.406252581136325],[-99.22821272344027,19.40627585927138],[-99.22816129129698,19.4063272390873],[-99.22813581238061,19.4063513848246],[-99.22811438666275,19.406372332930662],[-99.22809020132037,19.406393290354096],[-99.22806660617108,19.406413968173087],[-99.22802759593156,19.406445270005673],[-99.2279840465049,19.406479156028837],[-99.2279501728322,19.406502410407732],[-99.22789754503128,19.406538024017323],[-99.22785248014671,19.406564163366383],[-99.22782193473208,19.406580246380273],[-99.22774389628675,19.4066201675284],[-99.22769520310676,19.406639995500072],[-99.22765739481308,19.40665464576154],[-99.2276129255116,19.406670444928775],[-99.22757723903861,19.406681653550333],[-99.22753276883874,19.40669487021637],[-99.22749011593075,19.40670779796007],[-99.22745049932843,19.406720443559745],[-99.22741388938732,19.40673050666026],[-99.22738122754195,19.40673797624771],[-99.22735762610446,19.4067420025044],[-99.22732268792814,19.406744885785372],[-99.22727383574632,19.406747195460227],[-99.22720122671855,19.406747797026267],[-99.22713528049525,19.406750112632118],[-99.22707659445605,19.406747260700488],[-99.22701003648002,19.406740970522012],[-99.2269595143301,19.406733239973523],[-99.22689567645274,19.406722921842928],[-99.22679039749472,19.406706593980335],[-99.22669842348432,19.406690261879703],[-99.22643431519758,19.406644422520888],[-99.22617019792759,19.40660203156642],[-99.2257769020215,19.406537857103697],[-99.22543927920513,19.406486306204123],[-99.22530858780597,19.406467971964332],[-99.22520209073242,19.40645193299778],[-99.2251016492022,19.406444506608352],[-99.22498064343846,19.406442242682242],[-99.22489352212729,19.406448582861632],[-99.22480579355495,19.406458372308368],[-99.22470778735746,19.406472182934152],[-99.22464799279719,19.406484789577323],[-99.2245451770197,19.406515488134726],[-99.22446181336134,19.406542676416723],[-99.22442522318319,19.40655605238213],[-99.22439928253272,19.40656746605271],[-99.22437936598455,19.406577775720358],[-99.22435018061927,19.40659236837268],[-99.22431312691042,19.406612553051172],[-99.22424456748794,19.40665468981991],[-99.22418712381881,19.406691568380015],[-99.22413801561719,19.406724931582392],[-99.224091686803,19.40675917001408],[-99.22406573986436,19.40678024515908],[-99.22404303853881,19.40680154482936],[-99.2240240382722,19.406820639885233],[-99.22397677341355,19.4068715840295],[-99.22390263275821,19.40695589300731],[-99.22385628328277,19.40701386186467],[-99.22380808148131,19.40708237842123],[-99.22378699263169,19.407114874781936],[-99.22375824744091,19.407164070060404],[-99.22373692233437,19.40720184068428],[-99.22371002677474,19.40725762687745],[-99.22367014247445,19.407350747295055],[-99.22363953148285,19.40742541660373],[-99.22359871203632,19.407539189182984],[-99.22354860221316,19.407678437439195],[-99.22345026184234,19.407939362062773],[-99.22342243742479,19.40800700554172],[-99.22338904794394,19.408086073571017],[-99.22332597632958,19.408228386776294],[-99.22324621042391,19.408397055812106],[-99.22316089203149,19.40858329783085],[-99.22307185910535,19.408762507331275],[-99.22300138627128,19.40888900320177],[-99.2229012537615,19.409061172447846],[-99.22268449477504,19.4094139677655],[-99.22258048244156,19.40957130175539],[-99.22252568700586,19.40964862366616],[-99.22249097340836,19.4096976216138],[-99.22180274891636,19.41062899242558],[-99.22152333423541,19.41099303926515],[-99.22103468845008,19.41169930109436],[-99.22068546838341,19.412213553305257],[-99.2203585651633,19.41269495619675],[-99.21994607225953,19.413344954634013],[-99.22031647549899,19.41353556783175],[-99.2208792817026,19.4138309072394],[-99.22093314378867,19.413859163514015],[-99.22167568221938,19.414249893633396],[-99.22192198499899,19.414383002151332],[-99.2221368269806,19.414501201752913],[-99.22225180415045,19.414558570619455],[-99.22237434693166,19.414612785208984],[-99.22246875178311,19.4146572464118],[-99.22253259774533,19.414681915350673],[-99.22258676166537,19.414701132330173],[-99.22265755340135,19.414721202472666],[-99.2227465063774,19.414741844496117],[-99.2228502887422,19.414765344238507],[-99.22295212805102,19.414783463192546],[-99.22307356410774,19.41479914719338],[-99.2231576670796,19.414807157792776],[-99.22323618163206,19.414807648341377],[-99.22324316783005,19.414807555145643],[-99.22327384350037,19.414807121361786],[-99.22334766435544,19.41480451611665],[-99.22341209961247,19.41479904213639],[-99.2234750203099,19.41479098578586],[-99.22356154244484,19.414775743193356],[-99.22366016039501,19.414752749251356],[-99.22370553789327,19.41474068039585],[-99.22381806445902,19.41470160847608],[-99.22393421662525,19.414657947922485],[-99.22421916582663,19.41455107936313],[-99.2243577120946,19.41450453054236],[-99.22460455296503,19.414428673270315],[-99.22499417116836,19.414323493950214],[-99.22553868857108,19.41420276013266],[-99.2257516584637,19.414165379169795],[-99.22591077974494,19.414140639831814],[-99.22624778631705,19.41409977755421],[-99.22665376912987,19.414060608048125],[-99.22707971430502,19.41403118346695],[-99.22732960226084,19.414016173793627],[-99.2275625506854,19.4140080597922],[-99.22791832126713,19.41400449969661],[-99.2283261375415,19.414009238300807],[-99.22846016977516,19.41400957211258],[-99.2286274576406,19.41401247729288],[-99.2289070034756,19.414023399041824],[-99.22915205849516,19.41403766314477],[-99.22954535889285,19.41406450957939],[-99.22989630911482,19.41409998428033],[-99.23037735155955,19.41416468782387],[-99.23060608149557,19.41419847904232],[-99.23129953238583,19.414323100832394],[-99.23129433922519,19.414187906366973],[-99.23129037316322,19.414121889614016],[-99.23128763869153,19.41409145937258],[-99.23128457453808,19.414068407721683],[-99.23128066147667,19.414042375483607],[-99.23127320366319,19.414004560697727],[-99.23125940015055,19.413948995406866],[-99.23124284689479,19.413897783210665],[-99.23122079954277,19.41383875267493],[-99.23120472868233,19.41380208754559],[-99.23118980137727,19.413770587180643],[-99.23115562676891,19.41370943934616],[-99.23111711509434,19.413655653158838],[-99.23107950892167,19.413605333014512],[-99.2310563018446,19.413574296052058],[-99.23102724853166,19.413537852840147],[-99.23099396056048,19.413503424359284],[-99.23095007696057,19.4134635362489],[-99.23088611691232,19.41341625933623],[-99.23083985726842,19.413385492607834],[-99.23074830187299,19.41333012620726],[-99.23077181347897,19.413286783001016],[-99.23079781521484,19.413235104612852],[-99.2308117184405,19.41320582476077],[-99.23082350164206,19.413181710542005],[-99.23083831845436,19.413150705693916],[-99.23085948186413,19.413114813095103],[-99.23087944153141,19.413092276429488],[-99.2308915346518,19.413080930149277],[-99.23090590230645,19.413069303430603],[-99.23093357221383,19.413049915115003],[-99.23104306696553,19.412978404371813],[-99.23115829835858,19.412903162334242],[-99.23120366867029,19.412875875988036],[-99.23123632692247,19.412856350395852],[-99.23127050781903,19.412837962650517],[-99.23129894129443,19.412823314640537],[-99.23133220950267,19.41280751861278],[-99.23137577599726,19.412790273795153],[-99.23141228173382,19.412778359839745],[-99.23140868757433,19.41276390414892],[-99.23140176605506,19.412735524833405],[-99.23140025059716,19.412728924794934],[-99.23138603475779,19.412667354640394],[-99.23140975207798,19.412663110788422],[-99.23139497479153,19.41257700606677],[-99.23139397317,19.412571127875207],[-99.23163276783038,19.41247795368152],[-99.23163538282618,19.412472606709905],[-99.23168947667767,19.412362340948327],[-99.23174908977823,19.412224765780984],[-99.23184338503528,19.412206997302444],[-99.23186600551244,19.412150362170134],[-99.23197066553128,19.412108191241057],[-99.23210703967287,19.412090343955622],[-99.23220425894618,19.412076836274608],[-99.23219910980296,19.412053008258415],[-99.2321957797482,19.412031193301484],[-99.23219303629334,19.412003354402767],[-99.23219333273735,19.411981537744737],[-99.23219513385949,19.4119404961549],[-99.23220524170306,19.411867719980297],[-99.23224158843779,19.411602921250996],[-99.23230012625496,19.411230892960997],[-99.23230495380132,19.41118840492077],[-99.23231460530072,19.411118085444514],[-99.2323272877159,19.411057796574926],[-99.2323360498832,19.411024500347246],[-99.23234571755226,19.410994499083838],[-99.23236143537476,19.410956747980514],[-99.23237805959745,19.410924306611797],[-99.23240255126534,19.41088296736875],[-99.2324409416673,19.410826398708558],[-99.23247178083106,19.410782186398382],[-99.23256792841421,19.410638059758607],[-99.23259634931313,19.410592692587066],[-99.23261116612548,19.410564558596956],[-99.23262551401719,19.410528244340682],[-99.2326354826219,19.410489492518906],[-99.23264000563931,19.41044873014726],[-99.23264180406656,19.41039820651587],[-99.23264037035534,19.410361202555052],[-99.23263410011465,19.41031741798339],[-99.23262238877831,19.410259287630137],[-99.23260359692087,19.41017949625169],[-99.23257208402069,19.410060673314824],[-99.23256269393103,19.410023942941784],[-99.23255420754657,19.4099834736051],[-99.23254843766749,19.409932664302712],[-99.23254630327035,19.40990080733909],[-99.2325477962704,19.409852008558886],[-99.23255111554538,19.409821296227822],[-99.23255806042083,19.409791152402743],[-99.23257256551771,19.409742348506047],[-99.23258888161818,19.40970272890192],[-99.23260944225844,19.40966053276743],[-99.23264238617483,19.409597943890233],[-99.23268259746189,19.409525309854324],[-99.23269922168456,19.40949286820016],[-99.23271161214724,19.409465593143295],[-99.2327276309054,19.409420807713957],[-99.23274061515455,19.409377748145815],[-99.23280378109203,19.409206363800767],[-99.23295240825414,19.408522153976463],[-99.23302706903402,19.408178491128517],[-99.23318955809924,19.40748656510687],[-99.23315385365997,19.407476825711086],[-99.23312541120143,19.407467643820038],[-99.23310150882837,19.407457032579778],[-99.23307609099741,19.407442693339547],[-99.23305279498713,19.407427197570936],[-99.23303796200516,19.407416014418853],[-99.23302252894857,19.407402809673293],[-99.23300649491907,19.407386453071627],[-99.23299075553696,19.407369239028064],[-99.23297743352133,19.407352601128398],[-99.2329632060038,19.407331792101438],[-99.2329507957782,19.407309835863774],[-99.23293928835939,19.4072850166864],[-99.23292414905191,19.40724411625325],[-99.23291399898751,19.407210962434014],[-99.23290703075588,19.40718312525188],[-99.23290066529374,19.40714136396252],[-99.2328968636235,19.40710720525506],[-99.23289620156511,19.407070092094138],[-99.23289699298088,19.407050514968255],[-99.23290090873716,19.407014348200487],[-99.23290725084313,19.406975598083154],[-99.23291069947548,19.406959189754794]]]}},{"type":"Feature","properties":{"colonia":"Lomas De Chapultepec Ii Seccion","alc":"Miguel Hidalgo","cve_alc":"016","cve_col":"016-039","clasif":"Colonia","entidad":"Ciudad de México","cve_ent":"09"},"geometry":{"type":"Polygon","coordinates":[[[-99.22846016977516,19.41400957211258],[-99.2283261375415,19.414009238300807],[-99.22791832126713,19.41400449969661],[-99.2275625506854,19.4140080597922],[-99.22732960226084,19.414016173793627],[-99.22707971430502,19.41403118346695],[-99.22665376912987,19.414060608048125],[-99.22624778631705,19.41409977755421],[-99.22591077974494,19.414140639831814],[-99.2257516584637,19.414165379169795],[-99.22553868857108,19.41420276013266],[-99.22499417116836,19.414323493950214],[-99.22460455296503,19.414428673270315],[-99.2243577120946,19.41450453054236],[-99.22421916582663,19.41455107936313],[-99.22393421662525,19.414657947922485],[-99.22381806445902,19.41470160847608],[-99.22370553789327,19.41474068039585],[-99.22366016039501,19.414752749251356],[-99.22356154244484,19.414775743193356],[-99.2234750203099,19.41479098578586],[-99.22341209961247,19.41479904213639],[-99.22334766435544,19.41480451611665],[-99.22327384350037,19.414807121361786],[-99.22324316783005,19.414807555145643],[-99.22323618163206,19.414807648341377],[-99.2231576670796,19.414807157792776],[-99.22307356410774,19.41479914719338],[-99.22295212805102,19.414783463192546],[-99.2228502887422,19.414765344238507],[-99.2227465063774,19.414741844496117],[-99.22265755340135,19.414721202472666],[-99.22258676166537,19.414701132330173],[-99.22253259774533,19.414681915350673],[-99.22246875178311,19.4146572464118],[-99.22237434693166,19.414612785208984],[-99.22225180415045,19.414558570619455],[-99.22223188760226,19.414711860016098],[-99.22217576804985,19.414990533057324],[-99.2221196395143,19.41526919630112],[-99.22209413185179,19.415325596511007],[-99.22206861340953,19.415381987381743],[-99.22202306882458,19.415491308974737],[-99.22197025417411,19.415635316088874],[-99.22187925753077,19.415933729662424],[-99.2218065434001,19.416228652113894],[-99.22176314219547,19.41657209291817],[-99.22172588097582,19.416889390228526],[-99.22151048653025,19.416918730417322],[-99.221436058414,19.416929660443152],[-99.22133986232183,19.41694001944002],[-99.22126119685238,19.416945208681224],[-99.22120900922596,19.416946090640437],[-99.22116469263806,19.416945815292973],[-99.22114169666504,19.416944675777913],[-99.22109722646526,19.416938376674405],[-99.22104095150426,19.416926907815235],[-99.22095381582005,19.41690626352765],[-99.22086667115262,19.416885629404124],[-99.22082801305268,19.417072497963456],[-99.22081652988841,19.417117280437978],[-99.22080111839142,19.417169243952884],[-99.22077995677823,19.417219763785635],[-99.22076181709774,19.417254787076164],[-99.2207424673865,19.417286081738418],[-99.22072310779383,19.417314504315037],[-99.2206896769905,19.417363528757758],[-99.2205652558321,19.417535857626557],[-99.22041223950151,19.41773109426725],[-99.22030820920175,19.41785741795243],[-99.22024288281594,19.417934940949202],[-99.2201724180668,19.418017631088354],[-99.2200768516936,19.418121566845326],[-99.22003238778197,19.418166928527114],[-99.21998793375182,19.418212298668184],[-99.21987999128895,19.418311958402054],[-99.21966038554132,19.4185401914333],[-99.2195986928409,19.418613685600253],[-99.21954062574089,19.418682023589707],[-99.21949103694058,19.418744037100517],[-99.21931702698187,19.418958748013285],[-99.21920372157679,19.419104343119177],[-99.21916078390284,19.419162581294593],[-99.21911602354712,19.419232973540147],[-99.21901192228043,19.419411995081873],[-99.21898178649762,19.419468476880787],[-99.21896263172079,19.41951540213551],[-99.21892193534352,19.41961680208515],[-99.2188989618284,19.41968742288039],[-99.21887689920506,19.4197491039018],[-99.21885868047279,19.41980904981766],[-99.21884229250703,19.4198750727328],[-99.2188286444029,19.419937609362552],[-99.21881683335356,19.420001887826082],[-99.21881047867126,19.42004444726981],[-99.21880327148772,19.420126956728],[-99.21877541113753,19.420457126305514],[-99.21877307911102,19.420575555318408],[-99.21877855703764,19.420681754861928],[-99.21879128886015,19.420759255331607],[-99.21881095388004,19.42088022403754],[-99.21882751881388,19.420919617256097],[-99.21884407476455,19.420959018937264],[-99.21887102512139,19.421032785656493],[-99.21888253254018,19.421061769272526],[-99.21889403097585,19.421090760508267],[-99.218910796234,19.42113376529475],[-99.21893649523763,19.421190177024798],[-99.21895549819911,19.421235412464277],[-99.21895991970698,19.421250942499285],[-99.21896198852704,19.42126049553291],[-99.21896406633032,19.421270039246895],[-99.21896591865642,19.421286103014843],[-99.21896412831408,19.421314764649562],[-99.2189576532575,19.421364575781755],[-99.21894588353068,19.421440647547087],[-99.21893802417026,19.421477672707557],[-99.21893017379297,19.42151470717872],[-99.21891112861064,19.421579294245973],[-99.21889964903963,19.421606857012318],[-99.21888724420386,19.42162982372153],[-99.21887515108347,19.42164503347771],[-99.21886607360751,19.421654508545974],[-99.21884399661114,19.421672313268655],[-99.21887487080912,19.421721680359347],[-99.21890090847764,19.4217652966557],[-99.21901583983338,19.42190562476404],[-99.21906548073603,19.421971637508353],[-99.21911746444485,19.422044241414408],[-99.21912396914581,19.42205557266673],[-99.21913078915549,19.422069349774123],[-99.21913593290881,19.422082415235383],[-99.21913911563985,19.42209303314584],[-99.21914259571325,19.42211154353485],[-99.21914365752195,19.422127616538706],[-99.2191436611152,19.422138957951578],[-99.21914065086067,19.422161633150203],[-99.21913717168556,19.42217713005593],[-99.21913370239197,19.4221926354323],[-99.21912644041119,19.422221632396536],[-99.21898792109272,19.422648247317184],[-99.21892043425862,19.422851946350384],[-99.21885295550943,19.4230556544474],[-99.21883608514844,19.4231043035472],[-99.21882422559005,19.42313471092145],[-99.2188128214775,19.423162083653267],[-99.2188059727218,19.423176633304607],[-99.21879913384754,19.423191191426515],[-99.21875622222471,19.423272870735072],[-99.21868957801045,19.4234058193695],[-99.21855168391934,19.423649143834034],[-99.21839638676633,19.423881202890385],[-99.21833791183121,19.423962028735335],[-99.21822005915413,19.424131084706655],[-99.21818168671848,19.424181934471957],[-99.2181277653435,19.42424626124049],[-99.21798941401,19.424399547430472],[-99.2179067600207,19.42447663185411],[-99.2176560411232,19.424689718768136],[-99.2176514255793,19.424693575990762],[-99.21738082606622,19.424920176859796],[-99.21736456206804,19.425085203490443],[-99.21729986989281,19.425813297679227],[-99.21727512400169,19.42600690626974],[-99.21725579495177,19.426140103430942],[-99.2172370695696,19.42622679653107],[-99.21721682333977,19.426318076185947],[-99.21720353546011,19.42637951070442],[-99.2171856994101,19.426449552482683],[-99.21715608644678,19.426571265853205],[-99.21713372378606,19.426651638816967],[-99.21709987436786,19.426772775959197],[-99.21707811717172,19.426842826886745],[-99.21706209302366,19.4268904734961],[-99.21704516337383,19.426935257500894],[-99.21702944016137,19.42697258300201],[-99.21701432421008,19.427001862068355],[-99.2169946681734,19.427034302769535],[-99.21696200632798,19.427086550303976],[-99.21692269425449,19.427147703271455],[-99.2168873078188,19.427191345220674],[-99.21684340265928,19.427239378884263],[-99.2168251417062,19.427257624370192],[-99.2168068906346,19.427275879172818],[-99.21677037681324,19.427307493829396],[-99.21671044211578,19.42735380685883],[-99.21666174444424,19.42738410669462],[-99.2166046035073,19.427414409066216],[-99.21652966335141,19.427448733787244],[-99.21645752054923,19.427478164410825],[-99.21634323059057,19.427515308493355],[-99.21643771000227,19.427690517977364],[-99.21667141211331,19.428123313007056],[-99.21694428616067,19.428587079142186],[-99.21822324458013,19.427937415300086],[-99.21909235473605,19.427494022550363],[-99.21933342482905,19.427371028104933],[-99.21941754846215,19.42733314102231],[-99.21949347856153,19.427301550938584],[-99.21958786275182,19.42726248712171],[-99.21963535578257,19.42724524383778],[-99.21970947847161,19.42721881892943],[-99.21978601134056,19.42719640197614],[-99.21990763065361,19.42716365124328],[-99.22000989127231,19.427137208530972],[-99.2203178391416,19.427046439332816],[-99.22041848908097,19.42701635800408],[-99.22047613756601,19.426996746004892],[-99.22052050805284,19.426979766162773],[-99.22058225734713,19.42695450014098],[-99.22074143342559,19.426883098023552],[-99.22093717902096,19.426777777661464],[-99.2209929760782,19.426745145448233],[-99.2210130947473,19.426732533598926],[-99.22105608093031,19.426703822936545],[-99.22112831895383,19.426649892794515],[-99.22121152810202,19.426582920409814],[-99.22133963504803,19.42648255920582],[-99.22125584738487,19.426355523821965],[-99.22116170304476,19.426196814169987],[-99.22103213723469,19.425972964167634],[-99.22095696172015,19.425837691286617],[-99.22088773844271,19.42571094005013],[-99.2209485193531,19.425637725272914],[-99.22100719730744,19.42556824990689],[-99.2210549795957,19.42550738269118],[-99.22108521598989,19.42546459848153],[-99.22111546136722,19.425421823579594],[-99.22117896417294,19.425321337970278],[-99.22121521838116,19.425256401657883],[-99.22123759182168,19.42521339372667],[-99.22127364121398,19.425134317084606],[-99.22130008851425,19.42506308106171],[-99.22144051675274,19.424666904137148],[-99.22155721329808,19.42432287300771],[-99.22166949731867,19.423991819197486],[-99.22167390984333,19.42397883267804],[-99.22211840792404,19.422691198318315],[-99.22217825458658,19.422535612079617],[-99.22222722983753,19.42240298297281],[-99.2223008216223,19.422221251158625],[-99.222323876884,19.422170297421854],[-99.22234694202729,19.422119352141262],[-99.22240982230055,19.42198442509697],[-99.22253619729467,19.42173006677354],[-99.22262941726838,19.421582010365654],[-99.22272262825886,19.421433944503605],[-99.22285446141666,19.42125063242379],[-99.222980115962,19.421093273307733],[-99.22318516720536,19.420864725313656],[-99.22324021147445,19.420807882244215],[-99.22329343934992,19.42075676540145],[-99.22349002397176,19.420571282868007],[-99.22366907617419,19.420417374607087],[-99.22379066763952,19.420321465895547],[-99.22387384714325,19.4202634585755],[-99.22389571483218,19.4202481995521],[-99.22395702664694,19.4202054419155],[-99.22419114467799,19.42006127703387],[-99.22434026232021,19.419962487607318],[-99.22461218505165,19.419787310455913],[-99.22482935995814,19.41964315028654],[-99.22495397066106,19.419557280550332],[-99.22507859124548,19.41947142008795],[-99.22527156014831,19.419324964544835],[-99.22552470988697,19.419119081214845],[-99.22568078138778,19.41899043545403],[-99.22586466383147,19.418830779896044],[-99.22594783255543,19.4187475149126],[-99.22603981105736,19.41865527958344],[-99.22624452004263,19.418447172312433],[-99.22633887548685,19.418345526787775],[-99.22648101052431,19.418189334017722],[-99.2266213219818,19.418019362800827],[-99.2268959019299,19.417680558496368],[-99.22697754980605,19.417580073183316],[-99.2270440772394,19.417491069336833],[-99.2271378227275,19.417364736894708],[-99.2272406313185,19.417220033202117],[-99.2273088098553,19.417116391701896],[-99.2273832083271,19.417001993796],[-99.22742847623093,19.416923616353227],[-99.22746956786695,19.41685235639784],[-99.22755996084243,19.41669679422224],[-99.22768044468495,19.416451744563844],[-99.22775525997507,19.4162814411115],[-99.22780174240116,19.41616784663648],[-99.22785735530375,19.4160125396686],[-99.22789784776353,19.415892545041533],[-99.2279712634784,19.41562030317481],[-99.22799302875944,19.415536524819583],[-99.22799601296283,19.415524956735478],[-99.22801325432806,19.415459366682647],[-99.22806763833533,19.415276789192177],[-99.2280964365267,19.41519183470152],[-99.22815349212368,19.41502563731531],[-99.22818175851239,19.414944402895628],[-99.22822381583735,19.414809463117063],[-99.22825735264189,19.414697091867673],[-99.22826706073519,19.414670414137245],[-99.22833839056199,19.414424188001977],[-99.22846016977516,19.41400957211258]]]}},{"type":"Feature","properties":{"colonia":"Lomas De Chapultepec Iii Seccion","alc":"Miguel Hidalgo","cve_alc":"016","cve_col":"016-040","clasif":"Colonia","entidad":"Ciudad de México","cve_ent":"09"},"geometry":{"type":"Polygon","coordinates":[[[-99.2231641080002,19.42914230585504],[-99.2231616690742,19.429135579408875],[-99.22307185461374,19.42890227321267],[-99.2230400605409,19.42881496395977],[-99.22301100543137,19.42872193716613],[-99.2229414991846,19.428499452033897],[-99.22279350353816,19.428005730730668],[-99.22279335172287,19.428005180073196],[-99.222770897434,19.427925244916654],[-99.22268647466196,19.427614740563715],[-99.22263793239895,19.427428738072976],[-99.2226220959988,19.427380062311567],[-99.22261188125566,19.427350266540525],[-99.22260021214016,19.42732354175136],[-99.2225827237382,19.427289197518938],[-99.22256142737773,19.42725336395567],[-99.22255190433745,19.42723915353719],[-99.22254305683018,19.427226758601588],[-99.22253095382835,19.4272117094829],[-99.22252109841138,19.42720216781233],[-99.22249893248174,19.42718288623168],[-99.2224230284335,19.427121235141566],[-99.22227479653016,19.427015991179246],[-99.22210957658646,19.427088741933154],[-99.22194921293524,19.427168633448517],[-99.22123106825605,19.4275215953265],[-99.22085291525069,19.42771598720478],[-99.22061779380145,19.427833184230302],[-99.22046894475551,19.42790635311825],[-99.22043273097148,19.427922102778723],[-99.22037573107006,19.427944658566936],[-99.22031872937202,19.427964676244006],[-99.22026775177626,19.427980440300725],[-99.2202094079952,19.427997487811396],[-99.22016737672135,19.428008994858942],[-99.22012131919843,19.428019230310532],[-99.2200752598789,19.42802735293129],[-99.22001532248649,19.428033790540056],[-99.21996948145755,19.428035862706185],[-99.21993280593948,19.428036749688108],[-99.21989433109587,19.4280367971294],[-99.21986570807597,19.428035983850755],[-99.21984311903982,19.428034527573733],[-99.21982656578406,19.428033277157944],[-99.21980933609692,19.428030536578284],[-99.21978685126537,19.4280256848629],[-99.2197636900024,19.428018892291536],[-99.21976118639768,19.428018134925807],[-99.21975869177616,19.428017368241093],[-99.21975772069732,19.428016953130083],[-99.21975186637658,19.428014389607842],[-99.21974013707396,19.428008514516193],[-99.21972839878816,19.428002648743057],[-99.21970336902938,19.427988659500272],[-99.21967855756122,19.42797201608667],[-99.21965858262257,19.427956815394335],[-99.21964073040294,19.427941315651058],[-99.21962938018932,19.427930266068255],[-99.21962075276929,19.427920941314323],[-99.21961045897447,19.427906595407688],[-99.21960274424282,19.427892529064557],[-99.21959501962968,19.427878472038977],[-99.21957033123073,19.427829563441513],[-99.21954563384863,19.42778066499545],[-99.21945184344476,19.42759603849471],[-99.21933342482905,19.427371028104933],[-99.21909235473605,19.427494022550363],[-99.21822324458013,19.427937415300086],[-99.21694428616067,19.428587079142186],[-99.21667141211331,19.428123313007056],[-99.21643771000227,19.427690517977364],[-99.21634323059057,19.427515308493355],[-99.21628512396474,19.427529952637588],[-99.2162307660086,19.42754157069728],[-99.21617776720346,19.427549079992453],[-99.21613178334239,19.427551964598674],[-99.21607188188263,19.427551691810702],[-99.21600742955758,19.427548837702442],[-99.21594601353823,19.42754254239872],[-99.21589004041121,19.427534231682436],[-99.21584465213313,19.42752391402506],[-99.21579472287135,19.427511872380162],[-99.215771580473,19.427504410524616],[-99.21574842909152,19.427496957987582],[-99.21568670225506,19.427473433823963],[-99.21563042100587,19.4274496275498],[-99.2155481092747,19.427408311147474],[-99.2154754867722,19.427360688410648],[-99.2153962068551,19.427300678354452],[-99.2152244849054,19.427157708347114],[-99.21510507095638,19.427054916119445],[-99.21497221461748,19.42694576072621],[-99.21472165562011,19.42682067165765],[-99.21444920557755,19.426733993276255],[-99.21438973081753,19.426726034942252],[-99.21435099815741,19.426721457671576],[-99.21431227448046,19.42671687192897],[-99.21422271154833,19.426709436299383],[-99.21413921224433,19.42670600864082],[-99.21404420731825,19.42670948289376],[-99.21398067307143,19.426718105411585],[-99.21391199956291,19.4267319024557],[-99.21372866419321,19.426777875933464],[-99.21269762192756,19.427021551159427],[-99.21257812263858,19.427052002700655],[-99.21235304076099,19.427108325117498],[-99.2121893677162,19.427147402526145],[-99.21201647256677,19.427188802864556],[-99.21136950140752,19.427351691478385],[-99.21071329736387,19.42751689100298],[-99.20984380991553,19.427734107256416],[-99.20902393642028,19.427931774870498],[-99.20896494225899,19.427944999974688],[-99.20890593911449,19.42795821491193],[-99.20864454284157,19.427988697622734],[-99.20852679886065,19.427999388850534],[-99.2084351724983,19.428004819180757],[-99.20777360461403,19.427869384488588],[-99.20765251081544,19.427844588782374],[-99.20760964500667,19.427832949565186],[-99.2070528278711,19.427681659998814],[-99.20695342569162,19.427649760766727],[-99.20686152264815,19.42761429325932],[-99.20675648174367,19.427568173458383],[-99.20661953896854,19.42750251964557],[-99.20649759626194,19.427431516785234],[-99.20637564187732,19.427349840414593],[-99.20630996065697,19.427301896583533],[-99.20624428931815,19.42725394426669],[-99.2061166638691,19.427140266814302],[-99.2060059150693,19.427026557937033],[-99.20579652136985,19.426821262136166],[-99.20572547541065,19.4268674744908],[-99.20565441957001,19.426913678360656],[-99.20555217601928,19.42697914942252],[-99.20546565388436,19.42703083699515],[-99.20532422402437,19.42710692643966],[-99.20524194463253,19.427147416080906],[-99.20488193579926,19.427301921998644],[-99.20476213287972,19.42734213033115],[-99.20464838280854,19.427375456255596],[-99.20444749256156,19.427427158103914],[-99.20421708277605,19.427470296760198],[-99.20399912004704,19.427497865304506],[-99.2038090868386,19.4275347281228],[-99.2037120310587,19.427565892035876],[-99.2036349556073,19.427597061025942],[-99.20338565155639,19.42772892174842],[-99.20343770443553,19.427876252463868],[-99.20351074375634,19.428010359642332],[-99.20357047812949,19.428116313731714],[-99.20365648822464,19.428275494225982],[-99.20369265799127,19.428313810600756],[-99.20414279749194,19.428757142658853],[-99.20430224845485,19.428890518010313],[-99.2050802128471,19.429466574449435],[-99.20541472659428,19.42972141031733],[-99.20588790878028,19.430081892769692],[-99.2064203213846,19.430486915161865],[-99.20648232041052,19.430534073589904],[-99.20697329283246,19.430912555334675],[-99.20713307707038,19.43102770588185],[-99.20722772267041,19.43109750421823],[-99.20731991047977,19.43116146990446],[-99.20740101307855,19.431205653797665],[-99.20749930673693,19.431248641505068],[-99.20757854982311,19.43127768175202],[-99.20767989416021,19.431303195315802],[-99.20777079648045,19.43132463917636],[-99.2078494062543,19.431334455080744],[-99.20791017638498,19.43134042832135],[-99.20793722016661,19.43134309514314],[-99.20800636439238,19.431338013949528],[-99.20828494364005,19.431291762203546],[-99.20829143576462,19.431292004487972],[-99.20832164880257,19.43128926142191],[-99.20836326595305,19.43129330655477],[-99.20846339217462,19.431315108760234],[-99.20865748756478,19.431367311713352],[-99.2087502511943,19.431410651791467],[-99.20875946611247,19.431414956995614],[-99.20882828963967,19.431456822177473],[-99.20892171892076,19.431534774119296],[-99.20898567627408,19.431606926458226],[-99.20905149583494,19.431700632705013],[-99.2091204029054,19.431808903871847],[-99.20943313789687,19.432459357014224],[-99.20957105714072,19.43274622366072],[-99.2096532386162,19.432903613846726],[-99.20966954303863,19.43293483602947],[-99.20977050828667,19.433139764069633],[-99.20991692020326,19.433355120960943],[-99.21021634485712,19.433364449638635],[-99.21059754854119,19.433306566421948],[-99.21190417776636,19.43311856018906],[-99.21262240868373,19.433013758930695],[-99.21321000389764,19.432927834419978],[-99.21327574979665,19.432919275767286],[-99.21336698629014,19.4329081274077],[-99.21343541635522,19.43290126557513],[-99.21346180257008,19.432899534021313],[-99.21348461977833,19.432899509454188],[-99.2135025160154,19.43290118509684],[-99.21352884743303,19.432905918914265],[-99.21408075707217,19.432495897639697],[-99.21459421432566,19.432112514621245],[-99.21466303066632,19.43206024074752],[-99.21471084259902,19.43202157115008],[-99.21474748218452,19.431990119215527],[-99.2147787615227,19.43196037511886],[-99.21481404734702,19.431924263875356],[-99.2148761415944,19.431863512558664],[-99.21494449709934,19.431799769948285],[-99.21503742512051,19.431715215477553],[-99.2152456357388,19.43152952265521],[-99.21544953534195,19.43135132603263],[-99.21562184748484,19.43119244251329],[-99.21564778005045,19.43116856054079],[-99.2157973405621,19.431038985678647],[-99.21581355694963,19.43102696293158],[-99.21602909782058,19.4308797799365],[-99.2164483029361,19.430636118969737],[-99.21700632022092,19.43032619332147],[-99.21742458300375,19.43008797618639],[-99.21742581998386,19.430087234926138],[-99.21780980754701,19.429860431169878],[-99.21789994540097,19.42981141812188],[-99.21793273121389,19.4297919132018],[-99.21795181322716,19.429781017927347],[-99.21798567522175,19.429762867606374],[-99.21801834874529,19.429746080357834],[-99.21803432887586,19.42973881599238],[-99.21805173642947,19.429732228504605],[-99.2180804807219,19.429722910631323],[-99.21842069158467,19.42962603995957],[-99.21889584916597,19.429493714840394],[-99.21935303325505,19.429358224629937],[-99.2198197197233,19.429291213545262],[-99.21984643831479,19.429287042983077],[-99.22048824955097,19.429186712253188],[-99.22050996183138,19.42918488238919],[-99.22051735766114,19.429184870528978],[-99.22052631566113,19.429185536396194],[-99.22053454961905,19.429187791534037],[-99.22054015690304,19.429189595983186],[-99.22054803961964,19.429193774172226],[-99.2205526955878,19.42919716789201],[-99.22055915177972,19.429202647317364],[-99.22056464587598,19.42920892137777],[-99.22056942670991,19.429215367411228],[-99.2205743315114,19.42922340271483],[-99.22057876110404,19.429234147232517],[-99.22058139047292,19.42924230029028],[-99.22061500273588,19.429389415302214],[-99.22066695320706,19.429640341662196],[-99.22072953883293,19.429667936947347],[-99.2208410512007,19.429633905811503],[-99.22084066941673,19.42963071880724],[-99.22086654808342,19.429621780454575],[-99.22093193465636,19.429600016990964],[-99.22096440156733,19.429679290541166],[-99.22118732658994,19.429602902407932],[-99.22121777408816,19.429592463738373],[-99.22123541071215,19.429586426896762],[-99.22134981296021,19.42954557697442],[-99.22144134769441,19.42954934174172],[-99.22144637107347,19.429541502147593],[-99.22144993828343,19.429535388212695],[-99.22145303028468,19.42953017734746],[-99.22145815876665,19.429522923985402],[-99.22145951881593,19.429521199172772],[-99.22146175562104,19.429518905070232],[-99.22146383971244,19.429517287846572],[-99.22146992040861,19.429513520537206],[-99.2214761834628,19.429510340307832],[-99.22148379668485,19.429506707696245],[-99.2214888218605,19.42950461182853],[-99.2214931813846,19.429503354646688],[-99.22150108116921,19.429501483275615],[-99.22152076505373,19.42949768462094],[-99.22154548399537,19.429493414946542],[-99.22157577159352,19.42948841248079],[-99.22164077189085,19.429477990747014],[-99.22172339174415,19.42946578405119],[-99.22170885251128,19.429426634344757],[-99.22166245362851,19.429330055765934],[-99.22176488313049,19.429291990389764],[-99.22176965138799,19.42929023677131],[-99.22192872955014,19.42923241563957],[-99.22201768072955,19.42919932984207],[-99.22201946298705,19.429206309586263],[-99.22208353712135,19.429185738020063],[-99.22213942580673,19.429167805352616],[-99.22214163476404,19.429170395965738],[-99.22230043355006,19.42935599490915],[-99.22230919032746,19.429439879659032],[-99.22236505385999,19.429431646131174],[-99.22236720532513,19.429431211539114],[-99.22267656624433,19.42937308124483],[-99.22267679441643,19.42937299059888],[-99.22276140673306,19.42934229042816],[-99.22276183522946,19.429342145564046],[-99.22279175721322,19.42932717373281],[-99.22301124258661,19.429217527666903],[-99.22305598317931,19.429195191469592],[-99.22313314846221,19.42915745899545],[-99.2231641080002,19.42914230585504]]]}},{"type":"Feature","properties":{"colonia":"Lomas De Chapultepec Iv Seccion","alc":"Miguel Hidalgo","cve_alc":"016","cve_col":"016-041","clasif":"Colonia","entidad":"Ciudad de México","cve_ent":"09"},"geometry":{"type":"Polygon","coordinates":[[[-99.21848459593728,19.4125550920523],[-99.21831974699782,19.412464911171067],[-99.21764681991684,19.412108309008573],[-99.2174501400736,19.412005313242094],[-99.21711791433542,19.411830884109357],[-99.21656178620766,19.411542276715807],[-99.21648069169366,19.41149981247992],[-99.21646556406428,19.411488339848013],[-99.2164569384409,19.411479872416464],[-99.21644589275618,19.41146394662869],[-99.21643559896138,19.411447009220794],[-99.21642984525194,19.411431225768187],[-99.21639894500282,19.411286276174252],[-99.21637774296548,19.411203043758224],[-99.21635351540225,19.41112612418462],[-99.21633596142333,19.41108249656096],[-99.21631355923671,19.41102968638833],[-99.21628631063925,19.41096869595952],[-99.21626663394126,19.410925935882165],[-99.21624998726074,19.410893648707695],[-99.216234246082,19.410867529541317],[-99.21621215471257,19.410832950530757],[-99.21617977134485,19.410786888664475],[-99.21614193071183,19.41073193314508],[-99.21610319715343,19.410679696450654],[-99.21607020472796,19.410635792501818],[-99.21601452535003,19.410569211728404],[-99.21592434347865,19.410470493633756],[-99.2158175221133,19.41036264119805],[-99.21580171805248,19.41034586804345],[-99.21569353753607,19.410371975431953],[-99.21553427701595,19.41040165485248],[-99.21521701002396,19.410457237453535],[-99.21472783782588,19.41055922511846],[-99.21461344006936,19.410577604648896],[-99.2145509514616,19.4105601121958],[-99.2144712547262,19.410546118062506],[-99.21439913707687,19.410539310357272],[-99.2143027020328,19.410566714864142],[-99.21422622216448,19.41058389128992],[-99.2141664168244,19.41059923086274],[-99.21412932628468,19.410630980935235],[-99.21407317349458,19.410671747497492],[-99.21403771878691,19.410698224237247],[-99.21403546671054,19.410712112450447],[-99.21404814104089,19.41112973602573],[-99.21404594915157,19.411217201354713],[-99.2140416677809,19.41138742623411],[-99.21404097877307,19.41140834827399],[-99.21402944081159,19.41176292196046],[-99.21402916952036,19.411975785771695],[-99.21409692405237,19.412066058427186],[-99.21407506085498,19.412172094080784],[-99.21407284920272,19.412182821933598],[-99.21404389111123,19.4122111869425],[-99.21386792102855,19.412383548384938],[-99.21377072331484,19.412477593601917],[-99.21353140852985,19.412794048270253],[-99.21341393584015,19.412949386271784],[-99.21363230550597,19.413110801399398],[-99.2135058505617,19.413241389456815],[-99.2133473284568,19.413402930533426],[-99.21222096146474,19.414538661431553],[-99.21217720991717,19.414579487167675],[-99.21218510970178,19.414615226093627],[-99.21219205906878,19.41465364735766],[-99.2121960547752,19.41467989638994],[-99.21219691536123,19.414694994114388],[-99.21219776696414,19.414710101156903],[-99.2121977534894,19.4147304813862],[-99.2121973016368,19.414751304716585],[-99.21219589757003,19.414767387767892],[-99.21219376047799,19.414781194299017],[-99.2121904537794,19.414800899273782],[-99.21218309478058,19.414831241270104],[-99.21217334716147,19.414861368063328],[-99.21216903884134,19.414871789887357],[-99.21215764371193,19.414899080981854],[-99.21215003318484,19.41491493950171],[-99.2121434880597,19.41492638223858],[-99.21213508701518,19.41493883657164],[-99.21212669585209,19.4149513002232],[-99.21210013087254,19.414985629271197],[-99.2120505780048,19.415046368259343],[-99.21197194577306,19.415135206539723],[-99.21185426377589,19.41526627843485],[-99.2117437781825,19.415403705304698],[-99.21146621852262,19.415525091445083],[-99.2113369491566,19.415576630159446],[-99.21120768877373,19.415628178177094],[-99.21101261332159,19.41571896730884],[-99.21082372007521,19.415797519861595],[-99.21057211004893,19.41590308625852],[-99.21050939326909,19.415930100983502],[-99.21042354307401,19.41597230989377],[-99.20980739940043,19.416326431374472],[-99.20970486659219,19.416384960296302],[-99.20965288737492,19.416418076661518],[-99.20957182789526,19.416476131104066],[-99.20945072331688,19.416564111211354],[-99.20913791915514,19.416777291528525],[-99.20884376581533,19.41701263576057],[-99.20851100917287,19.417297824224754],[-99.20829320814063,19.417531723193044],[-99.20814040111756,19.417709088600837],[-99.20798300460167,19.417917634828505],[-99.20793539748487,19.418006211443814],[-99.20785042494387,19.41818018407859],[-99.20777711343351,19.418323361080713],[-99.2076418954237,19.418576627593264],[-99.2074995429939,19.41885231690186],[-99.20735719954722,19.419128015909365],[-99.20731446399421,19.419209339737044],[-99.20721627274376,19.419396227652275],[-99.20719669126719,19.419388556163025],[-99.2071771196721,19.41938087620141],[-99.20711360878151,19.419357854953038],[-99.20706299500348,19.419339355264086],[-99.2070166850539,19.419323445496115],[-99.20697717175781,19.419309286063978],[-99.20693766744488,19.419295118158445],[-99.20684371444598,19.419262260778776],[-99.20681375742788,19.419250320186972],[-99.20678379142662,19.419238389760846],[-99.2066825926166,19.419198364114923],[-99.20663230223208,19.419174978539726],[-99.20656167758276,19.419137103948653],[-99.20646862200076,19.419078402339284],[-99.2064001847492,19.41903446846456],[-99.20598774754095,19.418782125281037],[-99.20583717462803,19.418685925857247],[-99.2056866115965,19.418589717057394],[-99.20559168302717,19.418534310915778],[-99.20556601456624,19.41858399920686],[-99.20555789020283,19.41859935242735],[-99.20547180734404,19.418759525860064],[-99.20529987878184,19.418919771995277],[-99.2050522312243,19.419152020802958],[-99.20491384934805,19.419290379708336],[-99.2048544311819,19.419349826786394],[-99.20473603232912,19.41946810834452],[-99.20469930740367,19.4194929934388],[-99.20435056793566,19.41969871447828],[-99.20424497726225,19.4197609699027],[-99.20393798699705,19.419942038563107],[-99.20377976133616,19.42001302859923],[-99.20360132358138,19.42010475483396],[-99.20353659727017,19.420135794785566],[-99.2032907319702,19.42057199113064],[-99.20310406115588,19.42088296643205],[-99.20288757076561,19.421246356602293],[-99.20274533332021,19.421482699141624],[-99.20263653027129,19.421662695872016],[-99.20216560914487,19.421448959422232],[-99.20186841500785,19.422148494836417],[-99.20184445963413,19.42220556024919],[-99.20183860890671,19.422217534511756],[-99.20186897555656,19.422230965949574],[-99.20190861282015,19.42224654333239],[-99.20195539977509,19.422263691413676],[-99.20199121021557,19.422274746465188],[-99.2020181875219,19.422282642324813],[-99.20205494927822,19.42229233339067],[-99.20210029713209,19.422302022761507],[-99.20212559818206,19.422306297708058],[-99.2021497089643,19.42230920951757],[-99.2021809685396,19.422311217369874],[-99.20222774201979,19.422314332506183],[-99.20225255708118,19.422314301159943],[-99.20227738112577,19.422314278285715],[-99.20230650720224,19.422313459895243],[-99.20231623505842,19.42231318709848],[-99.20235149123837,19.42231196120715],[-99.2023714598888,19.422311234313746],[-99.20240201428659,19.42230951281341],[-99.20243135865368,19.422307204206774],[-99.20245707652197,19.422303469770824],[-99.20249398739861,19.42229542650015],[-99.20254178585657,19.42228049044893],[-99.20264826945544,19.422243726407547],[-99.20278834106273,19.422194864404126],[-99.20307595197228,19.422291437058213],[-99.2032597266182,19.42234594135065],[-99.20331641300754,19.422361478904207],[-99.20334110499974,19.422366657806066],[-99.20336782448959,19.422372133225817],[-99.20341240967376,19.422378715928993],[-99.2035144987142,19.422395797915197],[-99.20383411030916,19.422447556415847],[-99.20412845049853,19.422495923581902],[-99.20417209424832,19.42250206404475],[-99.20421522326338,19.422507021824487],[-99.20426120712445,19.422510172539102],[-99.20428281430202,19.422510023432917],[-99.2043029931582,19.42250840359794],[-99.20432867239894,19.422504415855478],[-99.20435666480148,19.42249868458762],[-99.20438464822092,19.422492944847438],[-99.20428634647767,19.4226390518807],[-99.20413814601538,19.422853209514138],[-99.2040492271753,19.422991584753728],[-99.20397544045615,19.423118633781257],[-99.20390887978519,19.42325137836907],[-99.20386968269612,19.423337269874686],[-99.20383331530014,19.4234336630928],[-99.20381653656729,19.42348333124778],[-99.20378735389696,19.42357174047506],[-99.20377495984098,19.423610499344363],[-99.20375500646188,19.423684557987034],[-99.20372720001055,19.42379765499249],[-99.20370483555324,19.423899273385707],[-99.2036854921302,19.423975056768313],[-99.20366977610435,19.42405600456128],[-99.20365950746232,19.424150153158692],[-99.20365105790876,19.42424430085438],[-99.20364502572163,19.424340173363206],[-99.20364262901647,19.424433182333487],[-99.20364568418671,19.4245611994116],[-99.20365028356098,19.424823265200935],[-99.20364546948936,19.42496104573593],[-99.2036397220682,19.42509394046381],[-99.20363250679986,19.425178064624955],[-99.20361589874688,19.425311810590678],[-99.2036122794346,19.425346550026596],[-99.20360865113915,19.425381279288953],[-99.20360291000617,19.42541371607781],[-99.20359354057777,19.425443282618676],[-99.20357842282982,19.42547772551385],[-99.20355180395133,19.425540308276723],[-99.2035372970578,19.425578779482972],[-99.2035167310277,19.425636764573383],[-99.20340929701128,19.425990877702773],[-99.2033818085636,19.42608145348752],[-99.20335774718869,19.42621802742584],[-99.20333924369046,19.426303174391492],[-99.20332215503886,19.426378803314265],[-99.2033131314618,19.42642138141999],[-99.203311581868,19.426430430081428],[-99.20329323467655,19.426537095132208],[-99.2032816634774,19.426638531364382],[-99.20327786360374,19.426671536354778],[-99.20327377626923,19.4266962788683],[-99.20324657079088,19.426819236548898],[-99.20322402307718,19.426916168196477],[-99.20320941826732,19.426986379177464],[-99.20319123726428,19.42706971110161],[-99.20315629459638,19.42720178150296],[-99.20321176736182,19.427232914134603],[-99.20324961877456,19.427255625897764],[-99.20327780790822,19.427275287848683],[-99.203306236892,19.42730287760532],[-99.2033210519077,19.427319842164593],[-99.20333002158578,19.427333077484636],[-99.20333742999193,19.427345745200512],[-99.20334652453587,19.42736588917958],[-99.20335287831986,19.427384326958475],[-99.20336131709367,19.427411207616625],[-99.20336341376152,19.42741964117855],[-99.20336751277418,19.427447931518966],[-99.20336852158225,19.427490723677902],[-99.20336842186926,19.427512793251655],[-99.2033683320377,19.427534871294096],[-99.2033663090317,19.42755649864041],[-99.20338565155639,19.42772892174842],[-99.2036349556073,19.427597061025942],[-99.2037120310587,19.427565892035876],[-99.2038090868386,19.4275347281228],[-99.20399912004704,19.427497865304506],[-99.20421708277605,19.427470296760198],[-99.20444749256156,19.427427158103914],[-99.20464838280854,19.427375456255596],[-99.20476213287972,19.42734213033115],[-99.20488193579926,19.427301921998644],[-99.20524194463253,19.427147416080906],[-99.20532422402437,19.42710692643966],[-99.20546565388436,19.42703083699515],[-99.20555217601928,19.42697914942252],[-99.20565441957001,19.426913678360656],[-99.20572547541065,19.4268674744908],[-99.20579652136985,19.426821262136166],[-99.20568144269036,19.42667198620336],[-99.2055692287383,19.426518880063764],[-99.20545702466775,19.42636576530793],[-99.20536259556174,19.426227428523326],[-99.20532536488476,19.42617290435345],[-99.20530599630894,19.42613874795066],[-99.20528965415728,19.426106894163162],[-99.2052714920189,19.426062118401912],[-99.20524786992011,19.425993233698907],[-99.20520185282143,19.425855464205373],[-99.20517157240982,19.425768205839972],[-99.20515461581051,19.425712530201903],[-99.20513947560472,19.4256465062698],[-99.20512312626651,19.42557934539792],[-99.20510978987784,19.425494385279524],[-99.20510645712811,19.425449895695767],[-99.20510401101562,19.425371245299736],[-99.20510761954812,19.425251263512912],[-99.2051136436504,19.4251674460689],[-99.20512271034656,19.425104298093103],[-99.20514265294588,19.42498717534529],[-99.20516139898923,19.424923456299243],[-99.20518013515111,19.424859727909013],[-99.20520976338582,19.424764996861377],[-99.20524450842437,19.424694763740845],[-99.20527926334435,19.424624539909058],[-99.20531198268195,19.42456135952927],[-99.20534471190105,19.42449818759681],[-99.20541581894568,19.424391393282466],[-99.2055019170758,19.42428279863037],[-99.20558616377804,19.424195560599987],[-99.20573409744071,19.42406288794716],[-99.20633617349695,19.423553450521453],[-99.20635395025813,19.423537834293274],[-99.20670762866361,19.42322728936193],[-99.20717829826175,19.422841407278437],[-99.20727629817104,19.422756422854118],[-99.20732865827404,19.422716336229758],[-99.20738102915676,19.422676258914553],[-99.20749423844215,19.422589599502125],[-99.20773987646832,19.422459802609925],[-99.20788145455043,19.42238629408558],[-99.20805086243992,19.4223058800409],[-99.20810772759404,19.42227773875873],[-99.20817912659118,19.422246144303358],[-99.20824869931326,19.422217711575524],[-99.20829892322253,19.422199043620346],[-99.20834459806315,19.42218238266962],[-99.2083902818869,19.422165729342026],[-99.20866315054434,19.4220692184586],[-99.20889054288882,19.42198655918565],[-99.20889177986899,19.421986198279853],[-99.20916048932665,19.421895158489633],[-99.20975433501826,19.421686057367705],[-99.21027928172418,19.421501152837642],[-99.2108042176504,19.421316237083623],[-99.21100377030591,19.421247606223247],[-99.2112033139783,19.421178966014647],[-99.21155725828508,19.420221000006663],[-99.21158605557814,19.42013217382524],[-99.21160233664433,19.420081918379136],[-99.211618627592,19.420031671389427],[-99.21182691277046,19.419465450647028],[-99.21197081479409,19.419069866678996],[-99.21219754867347,19.418452107340997],[-99.2122362858252,19.418342419200425],[-99.21224791721149,19.418309457420627],[-99.21225717165555,19.418283276751772],[-99.21231678475611,19.418114446834256],[-99.21236396157991,19.417996115999603],[-99.21239948096623,19.4179204806337],[-99.21244061482311,19.41783862326076],[-99.21247116293264,19.417784092887263],[-99.21253558201997,19.417683617804872],[-99.21257518784256,19.417617581291154],[-99.21261480264825,19.417551553222868],[-99.21262677090277,19.41753098018107],[-99.21265912911765,19.41751784234013],[-99.21268956403948,19.417505318732744],[-99.21275226105638,19.417473779266043],[-99.21281489878456,19.417436740485062],[-99.21293305239723,19.417351467721108],[-99.2130329576332,19.417260646459436],[-99.21310948690892,19.41717384860375],[-99.21314981587525,19.41711029509111],[-99.21318779574717,19.417051130166342],[-99.21319013585851,19.417046750026014],[-99.21320813180859,19.417003112129994],[-99.21321962754924,19.41696066880666],[-99.21322157240186,19.416940720940694],[-99.21322352803426,19.41692078239178],[-99.21321904454267,19.41688486266688],[-99.21320581505348,19.416854227067386],[-99.21318396353419,19.41682995072289],[-99.21315414844992,19.41681274784582],[-99.21311745316883,19.416802914119547],[-99.21307532577529,19.41680032415644],[-99.21302933472766,19.416804445052925],[-99.21298110058683,19.41681446262665],[-99.21295731679133,19.416821556430712],[-99.21307276288177,19.416726053959376],[-99.21326695529001,19.41657301893514],[-99.21368980936222,19.416251994057212],[-99.21381623735698,19.41615092496874],[-99.21383018819337,19.416142686531455],[-99.2138441489112,19.416134456565945],[-99.2138628293775,19.41612164733624],[-99.21391653785172,19.416082975639885],[-99.21395156675793,19.41605711401723],[-99.21412539974854,19.415942822116488],[-99.21421412994239,19.415886668664314],[-99.21426809802973,19.41585710800986],[-99.2143171379594,19.415835424036608],[-99.21436618777057,19.415813747685466],[-99.21450578147417,19.41575560320003],[-99.21472322587522,19.415672813631495],[-99.21480055195653,19.415645712446356],[-99.2148778681564,19.415618601937112],[-99.21494520946334,19.415591016127305],[-99.21501254178716,19.415563420993216],[-99.21516510536684,19.415497389548747],[-99.21525799835375,19.41545452645311],[-99.21534725496036,19.415410671238515],[-99.21548425522771,19.415339234395688],[-99.21558960245771,19.41528306717923],[-99.21572846493262,19.415200242633514],[-99.2158048414947,19.415151253122154],[-99.21588122793827,19.415102272068232],[-99.21600753555879,19.41501849344602],[-99.21615544856023,19.414905750405524],[-99.21627345395086,19.414813639981443],[-99.21635704667962,19.414740691409897],[-99.21642883015566,19.41467421144401],[-99.21652617968472,19.414578060423388],[-99.21662135798567,19.414479111772824],[-99.2167285458637,19.41437569812619],[-99.21687540064974,19.414196593091912],[-99.21695705481412,19.41410097978477],[-99.21704475464037,19.413982121587882],[-99.21753012157491,19.41342754713351],[-99.21777178814929,19.413177060027035],[-99.21804277753112,19.412919657328942],[-99.21809661446443,19.41287199052591],[-99.21848459593728,19.4125550920523]]]}},{"type":"Feature","properties":{"colonia":"Lomas De Chapultepec V Seccion","alc":"Miguel Hidalgo","cve_alc":"016","cve_col":"016-042","clasif":"Colonia","entidad":"Ciudad de México","cve_ent":"09"},"geometry":{"type":"Polygon","coordinates":[[[-99.21881095388004,19.42088022403754],[-99.21876514339378,19.420852515429125],[-99.21862481576667,19.420767664669942],[-99.2184892635835,19.420701107531944],[-99.21843902799621,19.420678736275683],[-99.21838880229036,19.420656356544264],[-99.21799786895345,19.42051581640325],[-99.21782117033705,19.420451572878346],[-99.21721737490535,19.420262157267494],[-99.21679302603651,19.420124631146276],[-99.21664658267888,19.42007932253773],[-99.21656735576241,19.42005968597948],[-99.2164390215426,19.420030003238967],[-99.21626837846954,19.42000019680074],[-99.21612398955897,19.419979719803333],[-99.21598667398297,19.41996599589284],[-99.21587951485103,19.41995885478238],[-99.2157285341029,19.419952403298407],[-99.21564524949629,19.419953373350868],[-99.21556195500821,19.41995433493121],[-99.21545578042985,19.419959673184692],[-99.21534777867815,19.419966754143424],[-99.21512630443476,19.419987852992488],[-99.21503295240873,19.420000123093686],[-99.21494280916495,19.42001516356104],[-99.214917653642,19.420019369096767],[-99.21482796764069,19.420036838504558],[-99.21468150901171,19.42006793099596],[-99.21454253245075,19.420098615127717],[-99.21440354600828,19.420129290781805],[-99.21414459045793,19.420192505078557],[-99.21373437388516,19.42030283076354],[-99.21330238574315,19.420438426801358],[-99.21190840074651,19.420923299197398],[-99.2112033139783,19.421178966014647],[-99.21100377030591,19.421247606223247],[-99.2108042176504,19.421316237083623],[-99.21027928172418,19.421501152837642],[-99.20975433501826,19.421686057367705],[-99.20916048932665,19.421895158489633],[-99.20889177986899,19.421986198279853],[-99.20889054288882,19.42198655918565],[-99.20866315054434,19.4220692184586],[-99.2083902818869,19.422165729342026],[-99.20834459806315,19.42218238266962],[-99.20829892322253,19.422199043620346],[-99.20824869931326,19.422217711575524],[-99.20817912659118,19.422246144303358],[-99.20810772759404,19.42227773875873],[-99.20805086243992,19.4223058800409],[-99.20788145455043,19.42238629408558],[-99.20773987646832,19.422459802609925],[-99.20749423844215,19.422589599502125],[-99.20738102915676,19.422676258914553],[-99.20732865827404,19.422716336229758],[-99.20727629817104,19.422756422854118],[-99.20717829826175,19.422841407278437],[-99.20670762866361,19.42322728936193],[-99.20635395025813,19.423537834293274],[-99.20633617349695,19.423553450521453],[-99.20573409744071,19.42406288794716],[-99.20558616377804,19.424195560599987],[-99.2055019170758,19.42428279863037],[-99.20541581894568,19.424391393282466],[-99.20534471190105,19.42449818759681],[-99.20531198268195,19.42456135952927],[-99.20527926334435,19.424624539909058],[-99.20524450842437,19.424694763740845],[-99.20520976338582,19.424764996861377],[-99.20518013515111,19.424859727909013],[-99.20516139898923,19.424923456299243],[-99.20514265294588,19.42498717534529],[-99.20512271034656,19.425104298093103],[-99.2051136436504,19.4251674460689],[-99.20510761954812,19.425251263512912],[-99.20510401101562,19.425371245299736],[-99.20510645712811,19.425449895695767],[-99.20510978987784,19.425494385279524],[-99.20512312626651,19.42557934539792],[-99.20513947560472,19.4256465062698],[-99.20515461581051,19.425712530201903],[-99.20517157240982,19.425768205839972],[-99.20520185282143,19.425855464205373],[-99.20524786992011,19.425993233698907],[-99.2052714920189,19.426062118401912],[-99.20528965415728,19.426106894163162],[-99.20530599630894,19.42613874795066],[-99.20532536488476,19.42617290435345],[-99.20536259556174,19.426227428523326],[-99.20545702466775,19.42636576530793],[-99.2055692287383,19.426518880063764],[-99.20568144269036,19.42667198620336],[-99.20579652136985,19.426821262136166],[-99.2060059150693,19.427026557937033],[-99.2061166638691,19.427140266814302],[-99.20624428931815,19.42725394426669],[-99.20630996065697,19.427301896583533],[-99.20637564187732,19.427349840414593],[-99.20649759626194,19.427431516785234],[-99.20661953896854,19.42750251964557],[-99.20675648174367,19.427568173458383],[-99.20686152264815,19.42761429325932],[-99.20695342569162,19.427649760766727],[-99.2070528278711,19.427681659998814],[-99.20760964500667,19.427832949565186],[-99.20765251081544,19.427844588782374],[-99.20777360461403,19.427869384488588],[-99.2084351724983,19.428004819180757],[-99.20852679886065,19.427999388850534],[-99.20864454284157,19.427988697622734],[-99.20890593911449,19.42795821491193],[-99.20896494225899,19.427944999974688],[-99.20902393642028,19.427931774870498],[-99.20984380991553,19.427734107256416],[-99.21071329736387,19.42751689100298],[-99.21136950140752,19.427351691478385],[-99.21201647256677,19.427188802864556],[-99.2121893677162,19.427147402526145],[-99.21235304076099,19.427108325117498],[-99.21257812263858,19.427052002700655],[-99.21269762192756,19.427021551159427],[-99.21372866419321,19.426777875933464],[-99.21391199956291,19.4267319024557],[-99.21398067307143,19.426718105411585],[-99.21404420731825,19.42670948289376],[-99.21413921224433,19.42670600864082],[-99.21422271154833,19.426709436299383],[-99.21431227448046,19.42671687192897],[-99.21435099815741,19.426721457671576],[-99.21438973081753,19.426726034942252],[-99.21444920557755,19.426733993276255],[-99.21472165562011,19.42682067165765],[-99.21497221461748,19.42694576072621],[-99.21510507095638,19.427054916119445],[-99.2152244849054,19.427157708347114],[-99.2153962068551,19.427300678354452],[-99.2154754867722,19.427360688410648],[-99.2155481092747,19.427408311147474],[-99.21563042100587,19.4274496275498],[-99.21568670225506,19.427473433823963],[-99.21574842909152,19.427496957987582],[-99.215771580473,19.427504410524616],[-99.21579472287135,19.427511872380162],[-99.21584465213313,19.42752391402506],[-99.21589004041121,19.427534231682436],[-99.21594601353823,19.42754254239872],[-99.21600742955758,19.427548837702442],[-99.21607188188263,19.427551691810702],[-99.21613178334239,19.427551964598674],[-99.21617776720346,19.427549079992453],[-99.2162307660086,19.42754157069728],[-99.21628512396474,19.427529952637588],[-99.21634323059057,19.427515308493355],[-99.21645752054923,19.427478164410825],[-99.21652966335141,19.427448733787244],[-99.2166046035073,19.427414409066216],[-99.21666174444424,19.42738410669462],[-99.21671044211578,19.42735380685883],[-99.21677037681324,19.427307493829396],[-99.2168068906346,19.427275879172818],[-99.2168251417062,19.427257624370192],[-99.21684340265928,19.427239378884263],[-99.2168873078188,19.427191345220674],[-99.21692269425449,19.427147703271455],[-99.21696200632798,19.427086550303976],[-99.2169946681734,19.427034302769535],[-99.21701432421008,19.427001862068355],[-99.21702944016137,19.42697258300201],[-99.21704516337383,19.426935257500894],[-99.21706209302366,19.4268904734961],[-99.21707811717172,19.426842826886745],[-99.21709987436786,19.426772775959197],[-99.21713372378606,19.426651638816967],[-99.21715608644678,19.426571265853205],[-99.2171856994101,19.426449552482683],[-99.21720353546011,19.42637951070442],[-99.21721682333977,19.426318076185947],[-99.2172370695696,19.42622679653107],[-99.21725579495177,19.426140103430942],[-99.21727512400169,19.42600690626974],[-99.21729986989281,19.425813297679227],[-99.21736456206804,19.425085203490443],[-99.21738082606622,19.424920176859796],[-99.2176514255793,19.424693575990762],[-99.2176560411232,19.424689718768136],[-99.2179067600207,19.42447663185411],[-99.21798941401,19.424399547430472],[-99.2181277653435,19.42424626124049],[-99.21818168671848,19.424181934471957],[-99.21822005915413,19.424131084706655],[-99.21833791183121,19.423962028735335],[-99.21839638676633,19.423881202890385],[-99.21855168391934,19.423649143834034],[-99.21868957801045,19.4234058193695],[-99.21875622222471,19.423272870735072],[-99.21879913384754,19.423191191426515],[-99.2188059727218,19.423176633304607],[-99.2188128214775,19.423162083653267],[-99.21882422559005,19.42313471092145],[-99.21883608514844,19.4231043035472],[-99.21885295550943,19.4230556544474],[-99.21892043425862,19.422851946350384],[-99.21898792109272,19.422648247317184],[-99.21912644041119,19.422221632396536],[-99.21913370239197,19.4221926354323],[-99.21913717168556,19.42217713005593],[-99.21914065086067,19.422161633150203],[-99.2191436611152,19.422138957951578],[-99.21914365752195,19.422127616538706],[-99.21914259571325,19.42211154353485],[-99.21913911563985,19.42209303314584],[-99.21913593290881,19.422082415235383],[-99.21913078915549,19.422069349774123],[-99.21912396914581,19.42205557266673],[-99.21911746444485,19.422044241414408],[-99.21906548073603,19.421971637508353],[-99.21901583983338,19.42190562476404],[-99.21890090847764,19.4217652966557],[-99.21887487080912,19.421721680359347],[-99.21884399661114,19.421672313268655],[-99.21886607360751,19.421654508545974],[-99.21887515108347,19.42164503347771],[-99.21888724420386,19.42162982372153],[-99.21889964903963,19.421606857012318],[-99.21891112861064,19.421579294245973],[-99.21893017379297,19.42151470717872],[-99.21893802417026,19.421477672707557],[-99.21894588353068,19.421440647547087],[-99.2189576532575,19.421364575781755],[-99.21896412831408,19.421314764649562],[-99.21896591865642,19.421286103014843],[-99.21896406633032,19.421270039246895],[-99.21896198852704,19.42126049553291],[-99.21895991970698,19.421250942499285],[-99.21895549819911,19.421235412464277],[-99.21893649523763,19.421190177024798],[-99.218910796234,19.42113376529475],[-99.21889403097585,19.421090760508267],[-99.21888253254018,19.421061769272526],[-99.21887102512139,19.421032785656493],[-99.21884407476455,19.420959018937264],[-99.21882751881388,19.420919617256097],[-99.21881095388004,19.42088022403754]]]}},{"type":"Feature","properties":{"colonia":"Lomas De Chapultepec Vi Seccion","alc":"Miguel Hidalgo","cve_alc":"016","cve_col":"016-043","clasif":"Colonia","entidad":"Ciudad de México","cve_ent":"09"},"geometry":{"type":"Polygon","coordinates":[[[-99.22225180415045,19.414558570619455],[-99.2221368269806,19.414501201752913],[-99.22192198499899,19.414383002151332],[-99.22167568221938,19.414249893633396],[-99.22093314378867,19.413859163514015],[-99.2208792817026,19.4138309072394],[-99.22031647549899,19.41353556783175],[-99.21994607225953,19.413344954634013],[-99.21942507095434,19.41304785800807],[-99.21909464903325,19.412871426261162],[-99.21890584022854,19.41277244946018],[-99.21882111741917,19.412728271568913],[-99.21848459593728,19.4125550920523],[-99.21809661446443,19.41287199052591],[-99.21804277753112,19.412919657328942],[-99.21777178814929,19.413177060027035],[-99.21753012157491,19.41342754713351],[-99.21704475464037,19.413982121587882],[-99.21695705481412,19.41410097978477],[-99.21687540064974,19.414196593091912],[-99.2167285458637,19.41437569812619],[-99.21662135798567,19.414479111772824],[-99.21652617968472,19.414578060423388],[-99.21642883015566,19.41467421144401],[-99.21635704667962,19.414740691409897],[-99.21627345395086,19.414813639981443],[-99.21615544856023,19.414905750405524],[-99.21600753555879,19.41501849344602],[-99.21588122793827,19.415102272068232],[-99.2158048414947,19.415151253122154],[-99.21572846493262,19.415200242633514],[-99.21558960245771,19.41528306717923],[-99.21548425522771,19.415339234395688],[-99.21534725496036,19.415410671238515],[-99.21525799835375,19.41545452645311],[-99.21516510536684,19.415497389548747],[-99.21501254178716,19.415563420993216],[-99.21494520946334,19.415591016127305],[-99.2148778681564,19.415618601937112],[-99.21480055195653,19.415645712446356],[-99.21472322587522,19.415672813631495],[-99.21450578147417,19.41575560320003],[-99.21436618777057,19.415813747685466],[-99.2143171379594,19.415835424036608],[-99.21426809802973,19.41585710800986],[-99.21421412994239,19.415886668664314],[-99.21412539974854,19.415942822116488],[-99.21395156675793,19.41605711401723],[-99.21391653785172,19.416082975639885],[-99.2138628293775,19.41612164733624],[-99.2138441489112,19.416134456565945],[-99.21383018819337,19.416142686531455],[-99.21381623735698,19.41615092496874],[-99.21368980936222,19.416251994057212],[-99.21326695529001,19.41657301893514],[-99.21307276288177,19.416726053959376],[-99.21295731679133,19.416821556430712],[-99.21298110058683,19.41681446262665],[-99.21302933472766,19.416804445052925],[-99.21307532577529,19.41680032415644],[-99.21311745316883,19.416802914119547],[-99.21315414844992,19.41681274784582],[-99.21318396353419,19.41682995072289],[-99.21320581505348,19.416854227067386],[-99.21321904454267,19.41688486266688],[-99.21322352803426,19.41692078239178],[-99.21322157240186,19.416940720940694],[-99.21321962754924,19.41696066880666],[-99.21320813180859,19.417003112129994],[-99.21319013585851,19.417046750026014],[-99.21318779574717,19.417051130166342],[-99.21314981587525,19.41711029509111],[-99.21310948690892,19.41717384860375],[-99.2130329576332,19.417260646459436],[-99.21293305239723,19.417351467721108],[-99.21281489878456,19.417436740485062],[-99.21275226105638,19.417473779266043],[-99.21268956403948,19.417505318732744],[-99.21265912911765,19.41751784234013],[-99.21262677090277,19.41753098018107],[-99.21261480264825,19.417551553222868],[-99.21257518784256,19.417617581291154],[-99.21253558201997,19.417683617804872],[-99.21247116293264,19.417784092887263],[-99.21244061482311,19.41783862326076],[-99.21239948096623,19.4179204806337],[-99.21236396157991,19.417996115999603],[-99.21231678475611,19.418114446834256],[-99.21225717165555,19.418283276751772],[-99.21224791721149,19.418309457420627],[-99.2122362858252,19.418342419200425],[-99.21219754867347,19.418452107340997],[-99.21197081479409,19.419069866678996],[-99.21182691277046,19.419465450647028],[-99.211618627592,19.420031671389427],[-99.21160233664433,19.420081918379136],[-99.21158605557814,19.42013217382524],[-99.21155725828508,19.420221000006663],[-99.2112033139783,19.421178966014647],[-99.21190840074651,19.420923299197398],[-99.21330238574315,19.420438426801358],[-99.21373437388516,19.42030283076354],[-99.21414459045793,19.420192505078557],[-99.21440354600828,19.420129290781805],[-99.21454253245075,19.420098615127717],[-99.21468150901171,19.42006793099596],[-99.21482796764069,19.420036838504558],[-99.214917653642,19.420019369096767],[-99.21494280916495,19.42001516356104],[-99.21503295240873,19.420000123093686],[-99.21512630443476,19.419987852992488],[-99.21534777867815,19.419966754143424],[-99.21545578042985,19.419959673184692],[-99.21556195500821,19.41995433493121],[-99.21564524949629,19.419953373350868],[-99.2157285341029,19.419952403298407],[-99.21587951485103,19.41995885478238],[-99.21598667398297,19.41996599589284],[-99.21612398955897,19.419979719803333],[-99.21626837846954,19.42000019680074],[-99.2164390215426,19.420030003238967],[-99.21656735576241,19.42005968597948],[-99.21664658267888,19.42007932253773],[-99.21679302603651,19.420124631146276],[-99.21721737490535,19.420262157267494],[-99.21782117033705,19.420451572878346],[-99.21799786895345,19.42051581640325],[-99.21838880229036,19.420656356544264],[-99.21843902799621,19.420678736275683],[-99.2184892635835,19.420701107531944],[-99.21862481576667,19.420767664669942],[-99.21876514339378,19.420852515429125],[-99.21881095388004,19.42088022403754],[-99.21879128886015,19.420759255331607],[-99.21877855703764,19.420681754861928],[-99.21877307911102,19.420575555318408],[-99.21877541113753,19.420457126305514],[-99.21880327148772,19.420126956728],[-99.21881047867126,19.42004444726981],[-99.21881683335356,19.420001887826082],[-99.2188286444029,19.419937609362552],[-99.21884229250703,19.4198750727328],[-99.21885868047279,19.41980904981766],[-99.21887689920506,19.4197491039018],[-99.2188989618284,19.41968742288039],[-99.21892193534352,19.41961680208515],[-99.21896263172079,19.41951540213551],[-99.21898178649762,19.419468476880787],[-99.21901192228043,19.419411995081873],[-99.21911602354712,19.419232973540147],[-99.21916078390284,19.419162581294593],[-99.21920372157679,19.419104343119177],[-99.21931702698187,19.418958748013285],[-99.21949103694058,19.418744037100517],[-99.21954062574089,19.418682023589707],[-99.2195986928409,19.418613685600253],[-99.21966038554132,19.4185401914333],[-99.21987999128895,19.418311958402054],[-99.21998793375182,19.418212298668184],[-99.22003238778197,19.418166928527114],[-99.2200768516936,19.418121566845326],[-99.2201724180668,19.418017631088354],[-99.22024288281594,19.417934940949202],[-99.22030820920175,19.41785741795243],[-99.22041223950151,19.41773109426725],[-99.2205652558321,19.417535857626557],[-99.2206896769905,19.417363528757758],[-99.22072310779383,19.417314504315037],[-99.2207424673865,19.417286081738418],[-99.22076181709774,19.417254787076164],[-99.22077995677823,19.417219763785635],[-99.22080111839142,19.417169243952884],[-99.22081652988841,19.417117280437978],[-99.22082801305268,19.417072497963456],[-99.22086667115262,19.416885629404124],[-99.22095381582005,19.41690626352765],[-99.22104095150426,19.416926907815235],[-99.22109722646526,19.416938376674405],[-99.22114169666504,19.416944675777913],[-99.22116469263806,19.416945815292973],[-99.22120900922596,19.416946090640437],[-99.22126119685238,19.416945208681224],[-99.22133986232183,19.41694001944002],[-99.221436058414,19.416929660443152],[-99.22151048653025,19.416918730417322],[-99.22172588097582,19.416889390228526],[-99.22176314219547,19.41657209291817],[-99.2218065434001,19.416228652113894],[-99.22187925753077,19.415933729662424],[-99.22197025417411,19.415635316088874],[-99.22202306882458,19.415491308974737],[-99.22206861340953,19.415381987381743],[-99.22209413185179,19.415325596511007],[-99.2221196395143,19.41526919630112],[-99.22217576804985,19.414990533057324],[-99.22223188760226,19.414711860016098],[-99.22225180415045,19.414558570619455]]]}},{"type":"Feature","properties":{"colonia":"Lomas De Chapultepec Vii Seccion","alc":"Miguel Hidalgo","cve_alc":"016","cve_col":"016-044","clasif":"Colonia","entidad":"Ciudad de México","cve_ent":"09"},"geometry":{"type":"Polygon","coordinates":[[[-99.2294880652424,19.40475523694897],[-99.22935482442453,19.404686266960844],[-99.22930671425117,19.404662742037708],[-99.22926465962114,19.404645248101215],[-99.22923500892853,19.404634927296268],[-99.22920294086951,19.404624319260265],[-99.22917964036765,19.40461945159506],[-99.22914908866487,19.40461601245594],[-99.2291145978495,19.40461602431805],[-99.22908858623218,19.404616610640772],[-99.22906589838132,19.404618911873047],[-99.2290377667399,19.40462552240825],[-99.22901720250645,19.40463241932616],[-99.22898906457678,19.4046444846956],[-99.22894853708272,19.404664878895712],[-99.22889863926196,19.404693882375494],[-99.22884057036536,19.40473466313543],[-99.22875044778282,19.404804450734243],[-99.22869479445602,19.40484235916649],[-99.2281710721538,19.405456511648463],[-99.22768567557488,19.40523257801041],[-99.22758783915891,19.405187804124502],[-99.22753993919136,19.405164811368557],[-99.22748999286156,19.405143020906188],[-99.22743228957931,19.404966116270337],[-99.22714098030569,19.404836777245496],[-99.22710885655111,19.404906932522536],[-99.22693629647324,19.404829900671064],[-99.22691511240222,19.404833610089803],[-99.22687314041721,19.404935663133273],[-99.2268127242228,19.404912665257996],[-99.22680856861625,19.404921804929085],[-99.226783862251,19.404976444679694],[-99.22675502902537,19.4050402418695],[-99.22670887178944,19.405150558349245],[-99.22666532146447,19.40525694589861],[-99.2265471130545,19.405591833687488],[-99.22635326919263,19.405559154856842],[-99.22629274430204,19.405550939606766],[-99.22628315298974,19.4054269516396],[-99.22628053440067,19.405369837972774],[-99.22628101949094,19.40526465702966],[-99.22628101769429,19.405259329308354],[-99.22628151625932,19.405217673435477],[-99.22628306046329,19.405172369992737],[-99.22628511580866,19.4051167262755],[-99.22629656573528,19.404988307522352],[-99.22626377183752,19.40499570432322],[-99.22590735626534,19.40508160547454],[-99.22550853482191,19.40517917707547],[-99.22529013910501,19.405234095496166],[-99.22528112540944,19.405285027428057],[-99.22528055408091,19.405284928295877],[-99.2252778196092,19.40530156301793],[-99.22526586842267,19.405389319557898],[-99.22519659034798,19.405388745947178],[-99.22514297889177,19.40538972032298],[-99.22512270750907,19.405390999720666],[-99.2251034539176,19.405392261325428],[-99.22508955967513,19.405393845745117],[-99.22506963055052,19.405395893628604],[-99.22504971130739,19.405397949137672],[-99.22501605951854,19.40540267358884],[-99.22497218669844,19.405409659438668],[-99.22494790882953,19.405413459503507],[-99.22491090722295,19.405419927662884],[-99.22488545974761,19.405425155399513],[-99.22486837738415,19.405429278278834],[-99.22484677379987,19.40543405271875],[-99.22479318659828,19.40544736184],[-99.22472955802836,19.40546321196153],[-99.22466994672445,19.40547842831396],[-99.22459046288981,19.40549653135721],[-99.22452088747269,19.405513656634234],[-99.22430826702471,19.405567316727744],[-99.22417696566957,19.405598051044226],[-99.2240513749046,19.40563059853824],[-99.22397311996528,19.405649351429712],[-99.22393352132923,19.405659639973617],[-99.22389391281175,19.40566991919674],[-99.22383397901258,19.405689804052052],[-99.22379021399026,19.40570561178585],[-99.2237809299018,19.40566529557991],[-99.22377053998723,19.40562013121612],[-99.2237682986906,19.405607263542983],[-99.22374355190118,19.405520322206407],[-99.22364478303402,19.405173457905946],[-99.22341509190065,19.405236062042487],[-99.22282058055742,19.405385737244263],[-99.22284682843173,19.405634306244302],[-99.2228729810846,19.405825336022644],[-99.22287326764717,19.40582737712262],[-99.2226895172558,19.40586461003359],[-99.22258513032486,19.40597923183215],[-99.22256225831939,19.406001001847855],[-99.22242128749852,19.406118479729457],[-99.22230897832506,19.406222647622176],[-99.22226418563002,19.406269914764327],[-99.22224427267511,19.40629091541216],[-99.22189221123719,19.406064162328562],[-99.22183200075696,19.406028729085897],[-99.2217754167755,19.405992301128574],[-99.22170715828864,19.40593619168755],[-99.2216941713446,19.405923146957885],[-99.22168483156057,19.405912314476563],[-99.2216770413704,19.405898283510346],[-99.2216715841051,19.405887937366433],[-99.22166729824286,19.40587870963246],[-99.22166302226209,19.40586947342525],[-99.22165548629516,19.40584731618462],[-99.22164976851838,19.405825898617184],[-99.22164639444622,19.405811127119904],[-99.22164431484632,19.405797338467288],[-99.22164274728615,19.4057764165529],[-99.2216398825587,19.405749084104958],[-99.2216385305942,19.405717976165867],[-99.22163718761283,19.405686858900843],[-99.221614468321,19.405712429860824],[-99.22145797730693,19.405866898538914],[-99.22140507731648,19.405919486706146],[-99.22137601052886,19.405946016750928],[-99.22134693385972,19.40597253747128],[-99.22126446941493,19.406044629987523],[-99.22119057579629,19.40610087326121],[-99.22105135579189,19.406192957271585],[-99.22090509389398,19.406287318714632],[-99.22083537654309,19.406339017950838],[-99.22078341439375,19.406379388215537],[-99.22074387145328,19.40641527637024],[-99.22069190301582,19.40646417107673],[-99.22065370395494,19.406505593628978],[-99.22060184241695,19.406561179256332],[-99.22055085673642,19.406617613836005],[-99.22050988098303,19.406667922586298],[-99.22047891515683,19.40670871132398],[-99.22043986539144,19.406767174231426],[-99.2203977272181,19.406842839357],[-99.22036869905804,19.406901741104978],[-99.22034443735885,19.406954294199252],[-99.22032160398096,19.40701001523708],[-99.22026119587132,19.407156346310323],[-99.22022123521425,19.40725510962775],[-99.22017984533751,19.40734842830872],[-99.22015938800354,19.407393737923517],[-99.22013367732183,19.407440403161736],[-99.22009535339518,19.40750769692475],[-99.22005583830244,19.40757407814815],[-99.22003036477591,19.40761621975142],[-99.21999892374102,19.407662444344755],[-99.21997326605987,19.407696097962013],[-99.21994759849721,19.40772974140501],[-99.21991246448817,19.407774387500503],[-99.21985051756445,19.40784328585554],[-99.21981239306382,19.407881367269926],[-99.21975615403545,19.407939401037293],[-99.21970754350048,19.407986551604502],[-99.21967035863759,19.40801828524185],[-99.21959813858037,19.40807542932753],[-99.21965108887647,19.40805725455347],[-99.21968996526701,19.408047924422977],[-99.21973982535854,19.408040622655164],[-99.2197944644874,19.408036705728374],[-99.2198102065644,19.408036683699372],[-99.21983168887614,19.408039377169036],[-99.21985174376482,19.408044103237984],[-99.21986367069688,19.408047603307956],[-99.21987560661208,19.40805109405786],[-99.21990568580102,19.408061587488987],[-99.21991792804172,19.408067625130112],[-99.21993015950262,19.40807367124379],[-99.21994431515488,19.408081685563683],[-99.21995846092562,19.408089709203164],[-99.22003200689629,19.40813173120787],[-99.22008812465205,19.40816449340117],[-99.22015296145605,19.408204143034492],[-99.22017457043015,19.408217365507614],[-99.2201787026805,19.40821985732431],[-99.22014606598792,19.408247435064897],[-99.22010763516171,19.40828219339872],[-99.21985386648389,19.40813260474207],[-99.21970302138132,19.408307081052644],[-99.21992146111575,19.408455849394084],[-99.21990627599413,19.408471186625786],[-99.21985834728049,19.408537218381902],[-99.21981482659992,19.408606969611252],[-99.21978635180206,19.408700808585014],[-99.21976204878037,19.408834215646884],[-99.21972750676102,19.408943081577725],[-99.21968240774055,19.409046587642482],[-99.21963648945649,19.40911857881897],[-99.21962918794986,19.409114110349417],[-99.21959993431261,19.40909625765175],[-99.21959549124522,19.409102806154685],[-99.2195897420274,19.409099295092982],[-99.21957689881377,19.4091182255099],[-99.21958230577344,19.409121528991506],[-99.21945213988882,19.409289858195763],[-99.21926529390298,19.409455404817255],[-99.21920277744738,19.409411653892196],[-99.21913909677525,19.40938739083985],[-99.21907951242072,19.409406542358724],[-99.21907457348333,19.40940812419743],[-99.21901765982018,19.409444170121628],[-99.21896194361132,19.409504759520235],[-99.21892897274543,19.409588756188008],[-99.21892932847827,19.409660337050063],[-99.21895655821116,19.40971850913324],[-99.21899341518898,19.409762330298264],[-99.21901188365291,19.4097768176046],[-99.21904671133646,19.409783462667804],[-99.21909177083111,19.40979200135754],[-99.21911482519455,19.409799669910534],[-99.2191701353649,19.409836893439568],[-99.2189420189783,19.41011864953795],[-99.21888951065333,19.410093001323034],[-99.21877069812635,19.410037428340907],[-99.21863562519444,19.40997046478491],[-99.21847848739336,19.409938434987758],[-99.21822426326963,19.40991869553326],[-99.2179881231309,19.409900349818802],[-99.21779707392784,19.409897143787777],[-99.21755501299312,19.40996811533469],[-99.21753675024335,19.409973475097487],[-99.21753392414351,19.40997429693918],[-99.21741504559037,19.409998322671452],[-99.21681238383253,19.410120087335862],[-99.21673855938421,19.410134988919673],[-99.21639263254133,19.410210547418362],[-99.21633048529335,19.410224109478797],[-99.21607625577974,19.41027962181813],[-99.21588160343408,19.410326603949972],[-99.21580171805248,19.41034586804345],[-99.2158175221133,19.41036264119805],[-99.21592434347865,19.410470493633756],[-99.21601452535003,19.410569211728404],[-99.21607020472796,19.410635792501818],[-99.21610319715343,19.410679696450654],[-99.21614193071183,19.41073193314508],[-99.21617977134485,19.410786888664475],[-99.21621215471257,19.410832950530757],[-99.216234246082,19.410867529541317],[-99.21624998726074,19.410893648707695],[-99.21626663394126,19.410925935882165],[-99.21628631063925,19.41096869595952],[-99.21631355923671,19.41102968638833],[-99.21633596142333,19.41108249656096],[-99.21635351540225,19.41112612418462],[-99.21637774296548,19.411203043758224],[-99.21639894500282,19.411286276174252],[-99.21642984525194,19.411431225768187],[-99.21643559896138,19.411447009220794],[-99.21644589275618,19.41146394662869],[-99.2164569384409,19.411479872416464],[-99.21646556406428,19.411488339848013],[-99.21648069169366,19.41149981247992],[-99.21656178620766,19.411542276715807],[-99.21711791433542,19.411830884109357],[-99.2174501400736,19.412005313242094],[-99.21764681991684,19.412108309008573],[-99.21831974699782,19.412464911171067],[-99.21848459593728,19.4125550920523],[-99.21882111741917,19.412728271568913],[-99.21890584022854,19.41277244946018],[-99.21909464903325,19.412871426261162],[-99.21942507095434,19.41304785800807],[-99.21994607225953,19.413344954634013],[-99.2203585651633,19.41269495619675],[-99.22068546838341,19.412213553305257],[-99.22103468845008,19.41169930109436],[-99.22152333423541,19.41099303926515],[-99.22180274891636,19.41062899242558],[-99.22249097340836,19.4096976216138],[-99.22252568700586,19.40964862366616],[-99.22258048244156,19.40957130175539],[-99.22268449477504,19.4094139677655],[-99.2229012537615,19.409061172447846],[-99.22300138627128,19.40888900320177],[-99.22307185910535,19.408762507331275],[-99.22316089203149,19.40858329783085],[-99.22324621042391,19.408397055812106],[-99.22332597632958,19.408228386776294],[-99.22338904794394,19.408086073571017],[-99.22342243742479,19.40800700554172],[-99.22345026184234,19.407939362062773],[-99.22354860221316,19.407678437439195],[-99.22359871203632,19.407539189182984],[-99.22363953148285,19.40742541660373],[-99.22367014247445,19.407350747295055],[-99.22371002677474,19.40725762687745],[-99.22373692233437,19.40720184068428],[-99.22375824744091,19.407164070060404],[-99.22378699263169,19.407114874781936],[-99.22380808148131,19.40708237842123],[-99.22385628328277,19.40701386186467],[-99.22390263275821,19.40695589300731],[-99.22397677341355,19.4068715840295],[-99.2240240382722,19.406820639885233],[-99.22404303853881,19.40680154482936],[-99.22406573986436,19.40678024515908],[-99.224091686803,19.40675917001408],[-99.22413801561719,19.406724931582392],[-99.22418712381881,19.406691568380015],[-99.22424456748794,19.40665468981991],[-99.22431312691042,19.406612553051172],[-99.22435018061927,19.40659236837268],[-99.22437936598455,19.406577775720358],[-99.22439928253272,19.40656746605271],[-99.22442522318319,19.40655605238213],[-99.22446181336134,19.406542676416723],[-99.2245451770197,19.406515488134726],[-99.22464799279719,19.406484789577323],[-99.22470778735746,19.406472182934152],[-99.22480579355495,19.406458372308368],[-99.22489352212729,19.406448582861632],[-99.22498064343846,19.406442242682242],[-99.2251016492022,19.406444506608352],[-99.22520209073242,19.40645193299778],[-99.22530858780597,19.406467971964332],[-99.22543927920513,19.406486306204123],[-99.2257769020215,19.406537857103697],[-99.22617019792759,19.40660203156642],[-99.22643431519758,19.406644422520888],[-99.22669842348432,19.406690261879703],[-99.22679039749472,19.406706593980335],[-99.22689567645274,19.406722921842928],[-99.2269595143301,19.406733239973523],[-99.22701003648002,19.406740970522012],[-99.22707659445605,19.406747260700488],[-99.22713528049525,19.406750112632118],[-99.22720122671855,19.406747797026267],[-99.22727383574632,19.406747195460227],[-99.22732268792814,19.406744885785372],[-99.22735762610446,19.4067420025044],[-99.22738122754195,19.40673797624771],[-99.22741388938732,19.40673050666026],[-99.22745049932843,19.406720443559745],[-99.22749011593075,19.40670779796007],[-99.22753276883874,19.40669487021637],[-99.22757723903861,19.406681653550333],[-99.2276129255116,19.406670444928775],[-99.22765739481308,19.40665464576154],[-99.22769520310676,19.406639995500072],[-99.22774389628675,19.4066201675284],[-99.22782193473208,19.406580246380273],[-99.22785248014671,19.406564163366383],[-99.22789754503128,19.406538024017323],[-99.2279501728322,19.406502410407732],[-99.2279840465049,19.406479156028837],[-99.22802759593156,19.406445270005673],[-99.22806660617108,19.406413968173087],[-99.22809020132037,19.406393290354096],[-99.22811438666275,19.406372332930662],[-99.22813581238061,19.4063513848246],[-99.22816129129698,19.4063272390873],[-99.22821272344027,19.40627585927138],[-99.22823542386747,19.406252581136325],[-99.22825674358411,19.406227994799295],[-99.22829612842112,19.406181441053917],[-99.2287120780421,19.40567339051025],[-99.2287295260198,19.405652995589193],[-99.22878110638514,19.40559272926478],[-99.22937854982948,19.40488255271993],[-99.2294880652424,19.40475523694897]]]}},{"type":"Feature","properties":{"colonia":"Lomas De Chapultepec Viii Seccion","alc":"Miguel Hidalgo","cve_alc":"016","cve_col":"016-045","clasif":"Colonia","entidad":"Ciudad de México","cve_ent":"09"},"geometry":{"type":"Polygon","coordinates":[[[-99.23407154560475,19.416648188107345],[-99.2340382172094,19.416659117304285],[-99.23400158570875,19.4166673752016],[-99.23396144988016,19.41667127328148],[-99.23392149281634,19.416672551743197],[-99.23388097340712,19.416669804194164],[-99.23384990517305,19.41666621196235],[-99.23381987269642,19.41665946890243],[-99.23380019599844,19.41665350783055],[-99.23378016716087,19.416645541377637],[-99.23374620904653,19.41662849606497],[-99.23372329392193,19.416615203956123],[-99.23367377519023,19.416579933138074],[-99.23365039024671,19.416559072764038],[-99.23361911719671,19.416519353154023],[-99.23358874336036,19.416469355841723],[-99.23356763205285,19.41642221874836],[-99.233551616888,19.4163617683311],[-99.23353838290721,19.416281750349274],[-99.23351026833379,19.415983030718035],[-99.23350021977897,19.41589415308128],[-99.2334873064968,19.41580865329784],[-99.2334691587314,19.415721592872888],[-99.23344560400636,19.415635355908627],[-99.23342207623077,19.415566917512393],[-99.23339008003695,19.41548069317476],[-99.23334210730583,19.41535981788155],[-99.23329040836292,19.415249598981593],[-99.23327895663971,19.41522313653879],[-99.23326463659573,19.415185821047388],[-99.23325175116128,19.415143728003784],[-99.23324600733336,19.415109831077793],[-99.23324098485263,19.415069803568137],[-99.23323847046812,19.415043680836487],[-99.23323738350663,19.415016194055426],[-99.23323880553977,19.414978537928665],[-99.23324235568174,19.414930353222342],[-99.23324955657708,19.414873497910715],[-99.23342395101476,19.41390498897758],[-99.23345603165018,19.413636615670672],[-99.2334574509883,19.413616767371245],[-99.23345673143778,19.413603529239527],[-99.23345475155088,19.41357978108771],[-99.23345170716037,19.413559428673064],[-99.23344740782346,19.413542806657098],[-99.23343702329878,19.41351888989539],[-99.23342557427043,19.41349819688238],[-99.23341197467539,19.413477171748017],[-99.23339945844853,19.41345443857272],[-99.23338370559166,19.413429340743544],[-99.2333633156314,19.413397797944288],[-99.23332351217945,19.41332993388332],[-99.23326236295975,19.413219728010183],[-99.23323662532856,19.41316979237907],[-99.23322179593983,19.413145118974658],[-99.23320392934713,19.413118712954613],[-99.23318697813772,19.413096044966903],[-99.2331315943055,19.413025739871497],[-99.23309769547996,19.412989009321063],[-99.23306968151783,19.412959545572768],[-99.23301718846419,19.412906946973546],[-99.23292457664996,19.41282947664994],[-99.23239919515943,19.41238904023867],[-99.232343226524,19.412333969188],[-99.23230751040661,19.412295233894206],[-99.23228601821344,19.412269407253415],[-99.23227149515023,19.412249889213577],[-99.23225462838248,19.412222246066484],[-99.2322429125545,19.41220119196075],[-99.23222214530182,19.412153756245782],[-99.23221214705269,19.412119021615084],[-99.23220425894618,19.412076836274608],[-99.23210703967287,19.412090343955622],[-99.23197066553128,19.412108191241057],[-99.23186600551244,19.412150362170134],[-99.23184338503528,19.412206997302444],[-99.23174908977823,19.412224765780984],[-99.23168947667767,19.412362340948327],[-99.23163538282618,19.412472606709905],[-99.23163276783038,19.41247795368152],[-99.23139397317,19.412571127875207],[-99.23139497479153,19.41257700606677],[-99.23140975207798,19.412663110788422],[-99.23138603475779,19.412667354640394],[-99.23140025059716,19.412728924794934],[-99.23140176605506,19.412735524833405],[-99.23140868757433,19.41276390414892],[-99.23141228173382,19.412778359839745],[-99.23137577599726,19.412790273795153],[-99.23133220950267,19.41280751861278],[-99.23129894129443,19.412823314640537],[-99.23127050781903,19.412837962650517],[-99.23123632692247,19.412856350395852],[-99.23120366867029,19.412875875988036],[-99.23115829835858,19.412903162334242],[-99.23104306696553,19.412978404371813],[-99.23093357221383,19.413049915115003],[-99.23090590230645,19.413069303430603],[-99.2308915346518,19.413080930149277],[-99.23087944153141,19.413092276429488],[-99.23085948186413,19.413114813095103],[-99.23083831845436,19.413150705693916],[-99.23082350164206,19.413181710542005],[-99.2308117184405,19.41320582476077],[-99.23079781521484,19.413235104612852],[-99.23077181347897,19.413286783001016],[-99.23074830187299,19.41333012620726],[-99.23083985726842,19.413385492607834],[-99.23088611691232,19.41341625933623],[-99.23095007696057,19.4134635362489],[-99.23099396056048,19.413503424359284],[-99.23102724853166,19.413537852840147],[-99.2310563018446,19.413574296052058],[-99.23107950892167,19.413605333014512],[-99.23111711509434,19.413655653158838],[-99.23115562676891,19.41370943934616],[-99.23118980137727,19.413770587180643],[-99.23120472868233,19.41380208754559],[-99.23122079954277,19.41383875267493],[-99.23124284689479,19.413897783210665],[-99.23125940015055,19.413948995406866],[-99.23127320366319,19.414004560697727],[-99.23128066147667,19.414042375483607],[-99.23128457453808,19.414068407721683],[-99.23128763869153,19.41409145937258],[-99.23129037316322,19.414121889614016],[-99.23129433922519,19.414187906366973],[-99.23129953238583,19.414323100832394],[-99.23060608149557,19.41419847904232],[-99.23037735155955,19.41416468782387],[-99.22989630911482,19.41409998428033],[-99.22954535889285,19.41406450957939],[-99.22915205849516,19.41403766314477],[-99.2289070034756,19.414023399041824],[-99.2286274576406,19.41401247729288],[-99.22846016977516,19.41400957211258],[-99.22833839056199,19.414424188001977],[-99.22826706073519,19.414670414137245],[-99.22825735264189,19.414697091867673],[-99.22822381583735,19.414809463117063],[-99.22818175851239,19.414944402895628],[-99.22815349212368,19.41502563731531],[-99.2280964365267,19.41519183470152],[-99.22806763833533,19.415276789192177],[-99.22801325432806,19.415459366682647],[-99.22799601296283,19.415524956735478],[-99.22799302875944,19.415536524819583],[-99.2279712634784,19.41562030317481],[-99.22789784776353,19.415892545041533],[-99.22785735530375,19.4160125396686],[-99.22780174240116,19.41616784663648],[-99.22775525997507,19.4162814411115],[-99.22768044468495,19.416451744563844],[-99.22755996084243,19.41669679422224],[-99.22746956786695,19.41685235639784],[-99.22742847623093,19.416923616353227],[-99.2273832083271,19.417001993796],[-99.2273088098553,19.417116391701896],[-99.2272406313185,19.417220033202117],[-99.2271378227275,19.417364736894708],[-99.2270440772394,19.417491069336833],[-99.22697754980605,19.417580073183316],[-99.2268959019299,19.417680558496368],[-99.2266213219818,19.418019362800827],[-99.22648101052431,19.418189334017722],[-99.22633887548685,19.418345526787775],[-99.22624452004263,19.418447172312433],[-99.22603981105736,19.41865527958344],[-99.22594783255543,19.4187475149126],[-99.22586466383147,19.418830779896044],[-99.22568078138778,19.41899043545403],[-99.22552470988697,19.419119081214845],[-99.22527156014831,19.419324964544835],[-99.22507859124548,19.41947142008795],[-99.22495397066106,19.419557280550332],[-99.22482935995814,19.41964315028654],[-99.22461218505165,19.419787310455913],[-99.22434026232021,19.419962487607318],[-99.22419114467799,19.42006127703387],[-99.22395702664694,19.4202054419155],[-99.22389571483218,19.4202481995521],[-99.22387384714325,19.4202634585755],[-99.22379066763952,19.420321465895547],[-99.22366907617419,19.420417374607087],[-99.22349002397176,19.420571282868007],[-99.22329343934992,19.42075676540145],[-99.22324021147445,19.420807882244215],[-99.22318516720536,19.420864725313656],[-99.222980115962,19.421093273307733],[-99.22285446141666,19.42125063242379],[-99.22272262825886,19.421433944503605],[-99.22262941726838,19.421582010365654],[-99.22253619729467,19.42173006677354],[-99.22240982230055,19.42198442509697],[-99.22234694202729,19.422119352141262],[-99.222323876884,19.422170297421854],[-99.2223008216223,19.422221251158625],[-99.22222722983753,19.42240298297281],[-99.22217825458658,19.422535612079617],[-99.22211840792404,19.422691198318315],[-99.22167390984333,19.42397883267804],[-99.22166949731867,19.423991819197486],[-99.22155721329808,19.42432287300771],[-99.22144051675274,19.424666904137148],[-99.22130008851425,19.42506308106171],[-99.22127364121398,19.425134317084606],[-99.22123759182168,19.42521339372667],[-99.22121521838116,19.425256401657883],[-99.22117896417294,19.425321337970278],[-99.22111546136722,19.425421823579594],[-99.22108521598989,19.42546459848153],[-99.2210549795957,19.42550738269118],[-99.22100719730744,19.42556824990689],[-99.2209485193531,19.425637725272914],[-99.22088773844271,19.42571094005013],[-99.22095696172015,19.425837691286617],[-99.22103213723469,19.425972964167634],[-99.22116170304476,19.426196814169987],[-99.22125584738487,19.426355523821965],[-99.22133963504803,19.42648255920582],[-99.22121152810202,19.426582920409814],[-99.22112831895383,19.426649892794515],[-99.22105608093031,19.426703822936545],[-99.2210130947473,19.426732533598926],[-99.2209929760782,19.426745145448233],[-99.22093717902096,19.426777777661464],[-99.22074143342559,19.426883098023552],[-99.22058225734713,19.42695450014098],[-99.22052050805284,19.426979766162773],[-99.22047613756601,19.426996746004892],[-99.22041848908097,19.42701635800408],[-99.2203178391416,19.427046439332816],[-99.22000989127231,19.427137208530972],[-99.21990763065361,19.42716365124328],[-99.21978601134056,19.42719640197614],[-99.21970947847161,19.42721881892943],[-99.21963535578257,19.42724524383778],[-99.21958786275182,19.42726248712171],[-99.21949347856153,19.427301550938584],[-99.21941754846215,19.42733314102231],[-99.21933342482905,19.427371028104933],[-99.21945184344476,19.42759603849471],[-99.21954563384863,19.42778066499545],[-99.21957033123073,19.427829563441513],[-99.21959501962968,19.427878472038977],[-99.21960274424282,19.427892529064557],[-99.21961045897447,19.427906595407688],[-99.21962075276929,19.427920941314323],[-99.21962938018932,19.427930266068255],[-99.21964073040294,19.427941315651058],[-99.21965858262257,19.427956815394335],[-99.21967855756122,19.42797201608667],[-99.21970336902938,19.427988659500272],[-99.21972839878816,19.428002648743057],[-99.21974013707396,19.428008514516193],[-99.21975186637658,19.428014389607842],[-99.21975772069732,19.428016953130083],[-99.21975869177616,19.428017368241093],[-99.21976118639768,19.428018134925807],[-99.2197636900024,19.428018892291536],[-99.21978685126537,19.4280256848629],[-99.21980933609692,19.428030536578284],[-99.21982656578406,19.428033277157944],[-99.21984311903982,19.428034527573733],[-99.21986570807597,19.428035983850755],[-99.21989433109587,19.4280367971294],[-99.21993280593948,19.428036749688108],[-99.21996948145755,19.428035862706185],[-99.22001532248649,19.428033790540056],[-99.2200752598789,19.42802735293129],[-99.22012131919843,19.428019230310532],[-99.22016737672135,19.428008994858942],[-99.2202094079952,19.427997487811396],[-99.22026775177626,19.427980440300725],[-99.22031872937202,19.427964676244006],[-99.22037573107006,19.427944658566936],[-99.22043273097148,19.427922102778723],[-99.22046894475551,19.42790635311825],[-99.22061779380145,19.427833184230302],[-99.22085291525069,19.42771598720478],[-99.22123106825605,19.4275215953265],[-99.22194921293524,19.427168633448517],[-99.22210957658646,19.427088741933154],[-99.22227479653016,19.427015991179246],[-99.2224230284335,19.427121235141566],[-99.22249893248174,19.42718288623168],[-99.22252109841138,19.42720216781233],[-99.22253095382835,19.4272117094829],[-99.22254305683018,19.427226758601588],[-99.22255190433745,19.42723915353719],[-99.22256142737773,19.42725336395567],[-99.2225827237382,19.427289197518938],[-99.22260021214016,19.42732354175136],[-99.22261188125566,19.427350266540525],[-99.2226220959988,19.427380062311567],[-99.22263793239895,19.427428738072976],[-99.22268647466196,19.427614740563715],[-99.222770897434,19.427925244916654],[-99.22279335172287,19.428005180073196],[-99.222842817454,19.427997001538454],[-99.22300643659985,19.4285564016964],[-99.22320325029204,19.428565939898704],[-99.22341114560163,19.42789059752604],[-99.223518052307,19.427868142543026],[-99.2236289547187,19.427841027295468],[-99.22378063525441,19.427810575902136],[-99.22385950284479,19.427715944846423],[-99.22396831577517,19.427537622895294],[-99.22403477583482,19.42740246907344],[-99.22408906731559,19.427229961749227],[-99.22410929647752,19.427207660859647],[-99.22413672383979,19.427191823024412],[-99.22421761353787,19.42716458058847],[-99.22426718077858,19.42714805823566],[-99.22427651786766,19.42714493980342],[-99.22429713240679,19.427136526559234],[-99.2243265666054,19.427114827147633],[-99.22455838854255,19.426963592825587],[-99.22482338885642,19.42682908830677],[-99.22523863599481,19.426680422345235],[-99.22534316216465,19.426632764661022],[-99.22544769821593,19.4265851154345],[-99.22553598464206,19.426506734142006],[-99.22573890777653,19.426229747240356],[-99.22581611617856,19.426131115749897],[-99.22594921236772,19.425963927341165],[-99.22616361147998,19.425468880969454],[-99.22622708194635,19.425288505530165],[-99.22624724822614,19.425225577868222],[-99.22633981961619,19.425050059893376],[-99.22636769793274,19.424967562254103],[-99.22637794232024,19.424922824301873],[-99.22643088812475,19.424854269516725],[-99.22654193067365,19.424718558558116],[-99.22665296244277,19.424582837319964],[-99.22688548237092,19.424403652037874],[-99.22698114576215,19.424332247104957],[-99.22702677838195,19.424308429357108],[-99.22708125581404,19.42428878907396],[-99.22713281551806,19.42428313750431],[-99.22729190445995,19.424273855747472],[-99.2274009177146,19.424266730922838],[-99.22746720350112,19.42426245602786],[-99.22752463100062,19.424244214441533],[-99.22756143228288,19.42422599742157],[-99.22761811418063,19.42419727276141],[-99.22768803185586,19.42415665022407],[-99.22771525619886,19.42413565612006],[-99.22774100191486,19.42410487278263],[-99.22775422421756,19.424082492675893],[-99.22776743035055,19.42404124827532],[-99.22777620958578,19.423997901995108],[-99.22777832781324,19.42393431218051],[-99.22777671982891,19.423835777570368],[-99.22777664347208,19.42378195915214],[-99.22777956838665,19.423764485063835],[-99.22778837546973,19.423747009279175],[-99.22780969608469,19.423718322657802],[-99.22782589270926,19.423707129612986],[-99.22784207945234,19.423695927248396],[-99.22789212639343,19.423667908202056],[-99.2279318777431,19.42364829071552],[-99.22802022525465,19.423614633623135],[-99.22810269508928,19.423593565743783],[-99.22820284287045,19.423578063889877],[-99.22824260769481,19.4235682348089],[-99.22829120475504,19.42355559475581],[-99.22832212566544,19.423544368659435],[-99.22836039928642,19.423517772016968],[-99.22838687892607,19.42349117875894],[-99.22847512402973,19.42338763868474],[-99.22854276806888,19.42330229194879],[-99.22861042198959,19.42321695364003],[-99.22872653013839,19.4230211356387],[-99.22875881289475,19.422934437439277],[-99.22889848565008,19.422731595021524],[-99.22893375799967,19.422672852350864],[-99.22901469890174,19.422612649097356],[-99.22914718603313,19.422538404430718],[-99.22919869543148,19.42250059585743],[-99.22925899574325,19.42242923922546],[-99.22932811481618,19.422343900458173],[-99.22945169694815,19.42223053133834],[-99.22953997888268,19.422153548359866],[-99.22964002964572,19.42206257305047],[-99.22974452437451,19.421991155228014],[-99.2298166456171,19.421943541916963],[-99.22990939487357,19.421898703162828],[-99.22998743511556,19.421870647377176],[-99.2300963971663,19.421835564083057],[-99.230258394853,19.421796227001522],[-99.23035115938086,19.421766757224802],[-99.23037472308904,19.421757646458236],[-99.23039827781416,19.42174852721918],[-99.23041153515112,19.421745714521816],[-99.23042626033525,19.421746395669],[-99.2305360434461,19.421765121285663],[-99.23058687461646,19.42177204797579],[-99.23063549503289,19.421772690151762],[-99.23067157766287,19.42176845077352],[-99.23069808335369,19.421761425808327],[-99.23073195343314,19.421746008499483],[-99.23074445528698,19.421733416594797],[-99.2307547365054,19.42171313128263],[-99.23076280786822,19.421687618754273],[-99.23077086934954,19.421662097749877],[-99.23078921115108,19.421612453607146],[-99.23080756193566,19.42156281792118],[-99.23085591016257,19.42137965594114],[-99.23088371930879,19.42124824247091],[-99.2309232865038,19.421101436940457],[-99.23095852920906,19.421018927129865],[-99.23099235167786,19.420979752513453],[-99.23101663403824,19.42095875799896],[-99.23104090741553,19.420937755009806],[-99.23108801327244,19.420912535491702],[-99.23117047861551,19.42088447784133],[-99.23128385498751,19.420845202375432],[-99.2313324376747,19.420823476707476],[-99.23138539785225,19.420774488890878],[-99.23143244801363,19.42070594336929],[-99.2314456559432,19.42067307865007],[-99.23145887375429,19.420640223243325],[-99.23149111339153,19.420524168144244],[-99.23150716628567,19.420415134597132],[-99.23153505358538,19.42033962489614],[-99.23156293100357,19.420264106687878],[-99.23161873524734,19.42013824490646],[-99.23165401927506,19.420090681037685],[-99.23173934754894,19.420009507606704],[-99.23186886754496,19.419925482434774],[-99.23198962088203,19.41988898557828],[-99.23204263316192,19.41987913255242],[-99.23210448486418,19.419858088757703],[-99.23214865233177,19.419842658560206],[-99.23219868400152,19.419803459938358],[-99.23221337954126,19.419778287688015],[-99.23223393838482,19.41972933852792],[-99.2322412264167,19.419673421907977],[-99.23224844887159,19.419572780246078],[-99.23226603069836,19.41950707237011],[-99.23228362510147,19.419446944192693],[-99.23232628878932,19.41940495815385],[-99.23235500074243,19.41939444596908],[-99.23238370371239,19.419383924464313],[-99.23245441280334,19.41937963673276],[-99.2325722816501,19.41939066486948],[-99.23269309068272,19.41939890144787],[-99.23274023337055,19.419396049738115],[-99.23278736707516,19.419393187861758],[-99.23282271488333,19.419387549677232],[-99.23285657418297,19.419370741023712],[-99.23288600388997,19.419345545831586],[-99.23289886686653,19.419331201709394],[-99.23290768383106,19.419315116568043],[-99.23291429183827,19.41929693627281],[-99.2329172176512,19.419282957294236],[-99.23291866753208,19.41926688316173],[-99.23292009226009,19.419235078859835],[-99.23292152597125,19.41920328387096],[-99.23291967993337,19.41894611183762],[-99.23292982820114,19.418831490707944],[-99.2329385256897,19.418732239649692],[-99.23295462978783,19.418660942362585],[-99.23298104205382,19.41858822341827],[-99.2329928090857,19.41857074622976],[-99.23300456713447,19.418553259720078],[-99.23302295834326,19.418535057311924],[-99.2330420852723,19.418523853743633],[-99.23306858826814,19.418511942750047],[-99.2330928841033,19.418500727319167],[-99.23311495031993,19.418484627692948],[-99.23312671914846,19.418473083540608],[-99.23314584338254,19.41845348999623],[-99.2331649649217,19.41842900293388],[-99.23317194662809,19.418417469791386],[-99.23317891845305,19.418405926481586],[-99.23318993000179,19.418378661392275],[-99.2331935870433,19.41836117740365],[-99.23319502344941,19.418335324615533],[-99.23320377393861,19.418273113547407],[-99.23324732516188,19.417817419077526],[-99.23326753456087,19.417518872559704],[-99.23363177356077,19.41751556924861],[-99.23362277783153,19.41742069497556],[-99.23362347222927,19.41739552828674],[-99.23362712657583,19.417371064787236],[-99.23363593096391,19.41734729431075],[-99.23365393859207,19.417321769235983],[-99.23368410132437,19.417298316460244],[-99.23370732007955,19.417286316418686],[-99.2337566061476,19.417264472511302],[-99.23380673842864,19.417243432614203],[-99.23380783347497,19.41724291750346],[-99.23380430848584,19.4172361456619],[-99.23376278655677,19.417156516985337],[-99.23393110928143,19.41709769689674],[-99.23398746059925,19.416990933302596],[-99.23411742885452,19.416824661505554],[-99.23407947683039,19.4166786703981],[-99.23407154560475,19.416648188107345]]]}},{"type":"Feature","properties":{"colonia":"Lomas De Reforma","alc":"Miguel Hidalgo","cve_alc":"016","cve_col":"016-046","clasif":"Colonia","entidad":"Ciudad de México","cve_ent":"09"},"geometry":{"type":"Polygon","coordinates":[[[-99.23626118551655,19.40478755076065],[-99.2361409549989,19.404679742851474],[-99.23619598579324,19.404549708823048],[-99.23624944543411,19.404392539433015],[-99.23627415449431,19.404330430635703],[-99.23630706337643,19.404280085576225],[-99.2363784497971,19.40418238041145],[-99.23645300008418,19.404094400383052],[-99.23670462807674,19.403934093882352],[-99.23680259744334,19.403863505219938],[-99.23684842679418,19.403804657445757],[-99.23686406017508,19.40375161783566],[-99.23688856980927,19.403510833429113],[-99.23688913664625,19.40348082654312],[-99.23688969539833,19.403450828971852],[-99.23689105185439,19.40339600738786],[-99.23689239842899,19.4033411857853],[-99.23687484534835,19.403089157163855],[-99.23684375285974,19.40291149535344],[-99.2366914066724,19.402169424899945],[-99.23668170756231,19.402122780179283],[-99.23666031418378,19.402079850857973],[-99.23663489904777,19.402048409227998],[-99.2365956920772,19.402012782773227],[-99.23652954822454,19.40197139635801],[-99.23646810345909,19.401945305414348],[-99.2363790858043,19.40191629042947],[-99.23630670315198,19.40188380065593],[-99.23623379139192,19.40183895891144],[-99.23616559129559,19.401771656872064],[-99.23615761425586,19.40174568112944],[-99.23614609695562,19.40169779922555],[-99.23615203032804,19.40166347415087],[-99.23618319108864,19.40162096751244],[-99.2362258116573,19.40158240166968],[-99.2362741275448,19.401530001048954],[-99.2363245409986,19.401487224085844],[-99.23640688057753,19.401389352866648],[-99.23642218158173,19.40136045132151],[-99.23643462684169,19.401330313554],[-99.23643876538024,19.401303853929978],[-99.23640287229473,19.40078105009021],[-99.23634556516947,19.400390535024705],[-99.23630240381503,19.400208669303062],[-99.23626172001416,19.400144535530906],[-99.23620544145992,19.400091289678194],[-99.23615699172336,19.400051847353122],[-99.23609760499824,19.40000650264803],[-99.23602156171111,19.399958212675525],[-99.23592990839933,19.399905991161848],[-99.23587470782343,19.39987989734494],[-99.2358242117247,19.39986218174569],[-99.23576357184972,19.39984695300548],[-99.23569070590378,19.399838907776587],[-99.23566417236525,19.399839676288785],[-99.23561551332125,19.399844155180798],[-99.23554235721944,19.3998489060599],[-99.23551192499257,19.399856637782857],[-99.2352469965439,19.399993695537347],[-99.23513957061235,19.400045920412133],[-99.23506035896722,19.400067585307998],[-99.23498934444906,19.400074348544113],[-99.2349003735067,19.400085073805606],[-99.23484220489712,19.400085465263263],[-99.23471147397214,19.4000771709368],[-99.23463548368564,19.400064186743545],[-99.23458785411094,19.400049928193567],[-99.23454138156634,19.40002543835982],[-99.2344642090969,19.399984082789686],[-99.2341273076277,19.399786983631312],[-99.23394016789273,19.399635620514104],[-99.23313211892166,19.400460850666093],[-99.23257273170603,19.401082785246935],[-99.23205448643212,19.401712162696686],[-99.2315052879084,19.402370021364213],[-99.23121632503435,19.40270906431112],[-99.23069140437956,19.403330972504033],[-99.22961858596156,19.40460350649519],[-99.2294880652424,19.40475523694897],[-99.22937854982948,19.40488255271993],[-99.22974192195517,19.40512313005305],[-99.23030881279837,19.40550184890335],[-99.23041713884182,19.40557299436658],[-99.23051705665424,19.40563128398948],[-99.23058791935712,19.405668905000432],[-99.23063106094862,19.405689748978762],[-99.2306655571539,19.40570237008638],[-99.23070155624053,19.405712398511383],[-99.23073362340125,19.40571956566611],[-99.23078203181532,19.405726438813733],[-99.23082256739417,19.405729865220177],[-99.23085796281299,19.405730141433924],[-99.23089638465599,19.405727834286413],[-99.23093601293648,19.40572265485459],[-99.23096504828308,19.40571690181289],[-99.23099137161587,19.405710580245138],[-99.23104309301665,19.405695346968823],[-99.23126753259878,19.405620634501638],[-99.23140333900517,19.40557838986015],[-99.2314341916436,19.405570630448853],[-99.23147048897096,19.40556401741026],[-99.23151284004504,19.405560561345627],[-99.23155187094581,19.405560547789033],[-99.23159633755235,19.40556368358111],[-99.23163324842906,19.405569412904253],[-99.23166002361442,19.40557456861709],[-99.23169981089667,19.4055851740492],[-99.2317282524569,19.405595503266635],[-99.23176001868195,19.40561012905109],[-99.23179178490706,19.405626479900455],[-99.23183293852681,19.4056511442783],[-99.23187953863219,19.405682705525855],[-99.23191979214008,19.405716851823325],[-99.23194763272738,19.405744969706497],[-99.23197184681587,19.405773378202255],[-99.23199091086279,19.405799206722104],[-99.23199969189473,19.405814418806777],[-99.23200544650244,19.405828476045965],[-99.23201755579247,19.405860338891085],[-99.23204269334906,19.405936678026475],[-99.23206511529854,19.406005560214574],[-99.23210145484671,19.406105725631193],[-99.23215323823129,19.406245491107438],[-99.23218927235227,19.40634393131769],[-99.2322580329974,19.406550575582397],[-99.2322816506045,19.40660970450626],[-99.23230919474777,19.40665849239758],[-99.23232886964908,19.406687471798143],[-99.23235944470811,19.406721910195085],[-99.23238425707456,19.406746291416514],[-99.23240664937966,19.406763801225374],[-99.2324251079621,19.406776129092165],[-99.23244687953135,19.406788600994886],[-99.23247594272573,19.406803670644564],[-99.2325010353666,19.406814208214527],[-99.23255491272401,19.406835219806663],[-99.23262865632404,19.406861741229253],[-99.23272559622131,19.406896082999772],[-99.23291069947548,19.406959189754794],[-99.23292234972642,19.406915028924274],[-99.23293624935879,19.406876266921284],[-99.2329589201416,19.40682904147191],[-99.23297086593823,19.40680865601579],[-99.23299202844973,19.406775499566056],[-99.23301152907793,19.406748934918188],[-99.23303541528132,19.406719651356383],[-99.23307230909003,19.40668117907558],[-99.23310753921884,19.406649733251317],[-99.23312901344572,19.40663336301755],[-99.23314775859073,19.406621012263443],[-99.23316741732243,19.406610385717006],[-99.23318496501317,19.406603489730124],[-99.23320916472859,19.40659558887251],[-99.23323350727618,19.40658912330172],[-99.23325105676355,19.406585956180276],[-99.23326421887913,19.406584226887826],[-99.23328539486535,19.40658250352637],[-99.23332865144121,19.406582632312485],[-99.23344098756408,19.406514947571786],[-99.23365223538634,19.406460906515917],[-99.23393495047762,19.4063861427165],[-99.23449044798802,19.406200470094966],[-99.23510376466345,19.405995233564965],[-99.23530055769444,19.405792553870636],[-99.23551527211534,19.40556583906733],[-99.23594643111235,19.40511473685103],[-99.23624884715609,19.4048003151297],[-99.23626118551655,19.40478755076065]]]}},{"type":"Feature","properties":{"colonia":"Lomas De Sotelo","alc":"Miguel Hidalgo","cve_alc":"016","cve_col":"016-047","clasif":"Colonia","entidad":"Ciudad de México","cve_ent":"09"},"geometry":{"type":"Polygon","coordinates":[[[-99.21829735379443,19.452603509303593],[-99.21815518012937,19.452332489416932],[-99.21806599538797,19.45214990255525],[-99.21747519318853,19.451072988344265],[-99.2168843891925,19.44999608138464],[-99.21679585213637,19.449838154645725],[-99.21693544583994,19.449781299694656],[-99.2170826833083,19.448574455672087],[-99.21708338579081,19.44856788165424],[-99.21715999052498,19.447912992614896],[-99.2172372977417,19.44725152940257],[-99.2172860861431,19.44684644210118],[-99.21733604594763,19.446445481556665],[-99.21739370431418,19.445912014303467],[-99.21739357855003,19.445906632008178],[-99.2173923739092,19.44588812094306],[-99.21739129413426,19.44587500149014],[-99.21738761104162,19.445849393649844],[-99.2173742189573,19.44576310745583],[-99.21733070546325,19.445769422382917],[-99.2172739436154,19.44578207934269],[-99.2172171709878,19.44579472867787],[-99.2171328236742,19.44581942168852],[-99.21702500697548,19.445862768073635],[-99.21681445265267,19.44596992944992],[-99.21662863613612,19.446066257562862],[-99.21644281063645,19.44616257630081],[-99.2163106585767,19.44623258582779],[-99.21613054905717,19.446345255454123],[-99.21564501503602,19.446648963538546],[-99.21521631293128,19.446952339851627],[-99.21487767322199,19.44721236450218],[-99.21468614611521,19.447320720195336],[-99.21454915752597,19.447395361816913],[-99.2144735993291,19.447430435353997],[-99.21434240038185,19.447478454559672],[-99.21407858764081,19.44755013985748],[-99.21392125490529,19.447592883518478],[-99.21367206134718,19.447655605993834],[-99.21360539826826,19.447672392237546],[-99.21307770361581,19.447814522531313],[-99.21303343823188,19.44782377160127],[-99.21279838595298,19.447869124987335],[-99.2126309507638,19.44790781537484],[-99.21249242875035,19.44794954162086],[-99.21238259802878,19.44798236609081],[-99.21234142913762,19.448000544869235],[-99.21229649271218,19.44802741957306],[-99.21225480639143,19.448064769025567],[-99.21209992875158,19.448244773564014],[-99.21144627322836,19.449189627880042],[-99.21119850439828,19.44960542624265],[-99.21095077239907,19.45005510386236],[-99.21121338229597,19.450089932027],[-99.2114366729329,19.450116353213026],[-99.21162190374787,19.450151207623044],[-99.21172974649772,19.450183670804464],[-99.21185788937638,19.450230577019518],[-99.2119660519265,19.45028319402648],[-99.21209071563005,19.450347248716763],[-99.2122210863306,19.45042994776446],[-99.21232640122126,19.450510550326406],[-99.21296096574807,19.450966834087094],[-99.21379336175833,19.451556879875472],[-99.21479190926517,19.452309921770286],[-99.21480151764547,19.452317160561588],[-99.21581221845986,19.45308676353481],[-99.21623061958323,19.453426193621045],[-99.21648433256553,19.453393192375536],[-99.21653928161315,19.453386901462135],[-99.21663613437383,19.4533672435206],[-99.21679165700401,19.453335605139564],[-99.21687206879832,19.453319166765343],[-99.21698214476002,19.45329913527393],[-99.21709221173847,19.45327909446264],[-99.21722999893007,19.453250919585034],[-99.21758981282888,19.45318123495917],[-99.21765862108468,19.45316858281178],[-99.21776066161615,19.453148309049972],[-99.21780443382501,19.453141867354883],[-99.21774605860287,19.453089672251313],[-99.21769349548067,19.45305386555855],[-99.2176011971785,19.45299096221041],[-99.21753881726684,19.452948430883396],[-99.21733504163117,19.45280953483514],[-99.21718674325246,19.452709407531874],[-99.21703843589067,19.452609288637117],[-99.21829735379443,19.452603509303593]]]}},{"type":"Feature","properties":{"colonia":"Los Manzanos","alc":"Miguel Hidalgo","cve_alc":"016","cve_col":"016-048","clasif":"Colonia","entidad":"Ciudad de México","cve_ent":"09"},"geometry":{"type":"Polygon","coordinates":[[[-99.18645474047723,19.44299386414191],[-99.18639865506076,19.44303023382627],[-99.18634256066119,19.44306659418448],[-99.18607998579856,19.443268197331328],[-99.18584310185474,19.44345402242719],[-99.1856538492823,19.443604318069934],[-99.18522770198622,19.4439404474304],[-99.18397281033155,19.444942883160355],[-99.18396142508364,19.444951968061098],[-99.18322895227573,19.445558513002254],[-99.18321034277628,19.445573820472234],[-99.18269784941508,19.44599562706058],[-99.18268162853603,19.446008162024505],[-99.1824837449503,19.44743108759331],[-99.18241092032686,19.44795468497712],[-99.18233949168533,19.4482466286249],[-99.18328898309287,19.449393497759726],[-99.18338775555334,19.449519636724826],[-99.18344374125675,19.44959667449418],[-99.18427196099924,19.450558716006945],[-99.18427856900652,19.450566679949205],[-99.18520709912517,19.451669394184265],[-99.18523135723115,19.45150978769444],[-99.1852462360272,19.45141196524063],[-99.18526139060602,19.45131212845783],[-99.185375199966,19.45053103787397],[-99.18547789447096,19.449798998840247],[-99.1857555277927,19.44784755032337],[-99.18602758077984,19.445932401630046],[-99.18629909208286,19.444082556427247],[-99.18645474047723,19.44299386414191]]]}},{"type":"Feature","properties":{"colonia":"Manuel Avila Camacho","alc":"Miguel Hidalgo","cve_alc":"016","cve_col":"016-049","clasif":"Colonia","entidad":"Ciudad de México","cve_ent":"09"},"geometry":{"type":"Polygon","coordinates":[[[-99.22263037127918,19.43412256216859],[-99.22190535448811,19.434996435602837],[-99.22157787095632,19.4353904661279],[-99.2212118595803,19.435849293107463],[-99.22070749956578,19.436462230553516],[-99.22027669270832,19.436999863648698],[-99.21960946723439,19.437796682499734],[-99.21907358533647,19.438437639262997],[-99.21835207017841,19.43929224829757],[-99.21813841846446,19.439563692337597],[-99.21797204957552,19.439752827074567],[-99.21775139190076,19.439999752649598],[-99.21753511261458,19.440267694436457],[-99.2173030723868,19.440549645120527],[-99.21720719160326,19.440666103531864],[-99.21713714187575,19.440748849867994],[-99.21700667325887,19.440905585961122],[-99.21689415567626,19.44104130795967],[-99.21680615581269,19.441148572476788],[-99.216636721872,19.44134996538477],[-99.21650844334776,19.441503856352607],[-99.21631668178064,19.441739837354802],[-99.21616519887431,19.441918026811823],[-99.21612754688749,19.4419622458972],[-99.21594454119953,19.442103221522956],[-99.2160294769096,19.44220479373204],[-99.21638716898775,19.442611083626446],[-99.21688977818587,19.44315747302016],[-99.21743791849413,19.44376515637085],[-99.21760253566825,19.443908758927503],[-99.2180858804951,19.444188959147365],[-99.21814192099575,19.444027844270614],[-99.21835907524101,19.443975306555323],[-99.2187583602151,19.443915764298875],[-99.21912086816148,19.443892998111348],[-99.21944309834544,19.443859723860434],[-99.2197898453502,19.443828201370035],[-99.22013484153844,19.443791425264703],[-99.22036425509232,19.443728380251223],[-99.22058491276712,19.44365482798686],[-99.22091940136148,19.44343241922237],[-99.22138348181707,19.44308742320068],[-99.22240796278787,19.442355401413643],[-99.22448319236675,19.44090711836153],[-99.22623093841386,19.43967774229095],[-99.22706628449153,19.43909632769289],[-99.22794541086284,19.438472883310823],[-99.22819058535842,19.438281996949748],[-99.22825363092164,19.43826886248107],[-99.22826588933204,19.438263608693397],[-99.22853076567843,19.438088484314598],[-99.22866298511177,19.437996980859985],[-99.22896332425063,19.437801716900033],[-99.22958326600126,19.43737879030849],[-99.22848348195511,19.436807883618872],[-99.2286305873711,19.436688798061912],[-99.22816037681203,19.436072358616244],[-99.2280623068341,19.436209831422115],[-99.22769979798943,19.436043463237727],[-99.22736268272118,19.435886726686242],[-99.2272786228685,19.435876218956384],[-99.22723133914519,19.435854328415225],[-99.22728913046237,19.435731740990963],[-99.22747126029294,19.435227381418283],[-99.22743973751133,19.435094286587457],[-99.22728913046237,19.434782564212732],[-99.22713151835083,19.434638962054606],[-99.22630843158186,19.434232671693305],[-99.22613330591551,19.434113586789202],[-99.22604924606279,19.43386140765061],[-99.22625939614373,19.433006797987254],[-99.22648355634986,19.432460408317656],[-99.22673573590801,19.431878994137563],[-99.2268127906981,19.431500723890267],[-99.22674274097058,19.43132559899517],[-99.22658863139033,19.43123453394107],[-99.22646254116212,19.431185499281863],[-99.22527169220065,19.432012089062074],[-99.22400378755074,19.432908728029894],[-99.2237603638717,19.43309085790365],[-99.22377087146558,19.433160907800648],[-99.22332430366646,19.433477883842414],[-99.22295829229049,19.43375282949496],[-99.22272800287918,19.433990999745024],[-99.22263037127918,19.43412256216859]]]}},{"type":"Feature","properties":{"colonia":"Mariano Escobedo","alc":"Miguel Hidalgo","cve_alc":"016","cve_col":"016-050","clasif":"Colonia","entidad":"Ciudad de México","cve_ent":"09"},"geometry":{"type":"Polygon","coordinates":[[[-99.1830437295456,19.443586647049646],[-99.1819795906499,19.44344621569359],[-99.18089912667057,19.4433019240471],[-99.17981867436932,19.443159413694936],[-99.17981739876163,19.443159251054382],[-99.179216951351,19.443080145878625],[-99.17874201295857,19.443020490631316],[-99.17872895235264,19.44301876680914],[-99.17792836388999,19.442912707239447],[-99.17861734027188,19.443747488756415],[-99.17884622292145,19.444023563966265],[-99.17907511545248,19.44429962938868],[-99.17933761755154,19.44462080552375],[-99.1795882870417,19.44493536365758],[-99.17964937158266,19.44501175220121],[-99.17971372149972,19.445092249875884],[-99.18045771250627,19.44592899809535],[-99.1813594898975,19.447052863746386],[-99.18147303605105,19.447197270647134],[-99.18233949168533,19.4482466286249],[-99.18241092032686,19.44795468497712],[-99.1824837449503,19.44743108759331],[-99.18268162853603,19.446008162024505],[-99.18268197169245,19.446005687728746],[-99.18275570091937,19.44551117597006],[-99.1830437295456,19.443586647049646]]]}},{"type":"Feature","properties":{"colonia":"Mexico Nuevo","alc":"Miguel Hidalgo","cve_alc":"016","cve_col":"016-051","clasif":"Colonia","entidad":"Ciudad de México","cve_ent":"09"},"geometry":{"type":"Polygon","coordinates":[[[-99.20471203473464,19.453932857314737],[-99.20488582280953,19.45387455114149],[-99.2062588555005,19.4534139311278],[-99.20673724522017,19.453249265328317],[-99.20692676728726,19.453185472670256],[-99.20737643607069,19.453034275339395],[-99.20740821217724,19.453024930851484],[-99.20746664399321,19.45301333240322],[-99.20749117698365,19.453010193291956],[-99.20751571895723,19.45300706349791],[-99.20752904726106,19.45300616648798],[-99.20754236568345,19.453005261007625],[-99.20758374118716,19.453006325730595],[-99.20762512567394,19.45300738198303],[-99.20824276953407,19.453051019522004],[-99.20841956516851,19.45311024248248],[-99.20842849532075,19.45311333754604],[-99.20843741738817,19.453116441926994],[-99.20845057052054,19.453101765362213],[-99.20846373263612,19.453087098113425],[-99.20854994036067,19.45283316544223],[-99.20855754100627,19.45280909014122],[-99.20856800727768,19.452785926247437],[-99.20857442124877,19.452776442831297],[-99.20858084510138,19.452766969579034],[-99.20859542565671,19.452750116099452],[-99.20861461367123,19.45273386740215],[-99.20866029390176,19.45270375102214],[-99.20856226704299,19.452641331196396],[-99.20853980646594,19.45262938120033],[-99.20852016390393,19.452619651287385],[-99.20849676997732,19.452610365221148],[-99.20802787994172,19.452449477241696],[-99.2068770635026,19.452103780406883],[-99.20647580762471,19.451982831572558],[-99.20607491376798,19.451861511644104],[-99.20566704179802,19.45173797068213],[-99.20566523259102,19.45173742942251],[-99.20548884119849,19.451684118313],[-99.20531243992444,19.451630815656284],[-99.2052241813461,19.45160433203573],[-99.20490553094854,19.451508564564698],[-99.20458234855032,19.451413809253744],[-99.20457481707498,19.451411571365522],[-99.20399654637376,19.45124037451743],[-99.20338262064062,19.451056858065208],[-99.20338046917554,19.45105620838166],[-99.20298867255758,19.450942681427996],[-99.20288364063629,19.450913002638153],[-99.20281658679019,19.450894044056838],[-99.20280034974144,19.450911936207504],[-99.2027807709598,19.450929629300333],[-99.20275942070049,19.450945309810713],[-99.20273668973054,19.450958741413512],[-99.2027137009441,19.450969491269074],[-99.20268785551502,19.450978635125587],[-99.20266395224365,19.45098461780782],[-99.20262637751195,19.450989609446758],[-99.20258897346017,19.45098949001338],[-99.20255412870857,19.45098479229926],[-99.20252170132343,19.450976229516346],[-99.2024892442939,19.450963133345013],[-99.20245637673433,19.450944375519356],[-99.20242766927278,19.45092214988605],[-99.20240628218251,19.45090068066171],[-99.20239028408564,19.450880628542546],[-99.20234328063671,19.4509088292432],[-99.20198274898395,19.451147514735784],[-99.20092965846791,19.451844717363347],[-99.20011919752028,19.452392703674356],[-99.19984904267329,19.4525753563315],[-99.20011796503172,19.452654454337424],[-99.20068744032794,19.452822711325876],[-99.20187452175516,19.453173424458495],[-99.20214603754972,19.453257034320806],[-99.20218627309131,19.453274038519577],[-99.20220758112988,19.45328334487663],[-99.20222796659863,19.45329223533975],[-99.20222889904989,19.453292650386132],[-99.20227287787125,19.45331477405074],[-99.20230813405121,19.453328420603842],[-99.20275587055845,19.45346050267807],[-99.20286090517476,19.453491544724056],[-99.20326640918557,19.45361836151639],[-99.20361390089367,19.453717755576616],[-99.20361641437984,19.453718414566872],[-99.20372810281742,19.453747305951655],[-99.20387262827191,19.453780767909873],[-99.20391894630627,19.453791504025872],[-99.20392547795674,19.453793010893726],[-99.20395608715167,19.45379982271536],[-99.20400471834789,19.45381040467055],[-99.20406831637507,19.45382008961951],[-99.20417765032832,19.453837151357398],[-99.20424889301859,19.453847395344937],[-99.20464138133926,19.453917675146805],[-99.20467671297767,19.453925261995785],[-99.20471203473464,19.453932857314737]]]}},{"type":"Feature","properties":{"colonia":"Modelo Pensil","alc":"Miguel Hidalgo","cve_alc":"016","cve_col":"016-052","clasif":"Colonia","entidad":"Ciudad de México","cve_ent":"09"},"geometry":{"type":"Polygon","coordinates":[[[-99.19208210092896,19.442308950351357],[-99.19194308124887,19.44227497269013],[-99.1918761864046,19.442270069727766],[-99.19180138099593,19.442264824540363],[-99.19175244077927,19.442265011747516],[-99.1916998264531,19.44226850430366],[-99.19134986347962,19.44230656833205],[-99.1899290476021,19.442443928278486],[-99.18986884700331,19.44245203577717],[-99.18980605745989,19.442460604092542],[-99.18978509527273,19.442664295219046],[-99.1898346445472,19.44266247397785],[-99.18955253941198,19.4444978604753],[-99.18847488985446,19.444357089381512],[-99.1882061255995,19.446212012183377],[-99.18814960989005,19.446601416751484],[-99.18809308519748,19.446990811914574],[-99.18795197154441,19.44786371480396],[-99.18793713856243,19.448007870252997],[-99.1879222965973,19.448152016256255],[-99.18824770052923,19.44817870627594],[-99.18848041808668,19.448201940286577],[-99.18855937730524,19.448209795920732],[-99.18863198723135,19.44821702896565],[-99.18871954242881,19.448224648269484],[-99.18872340787948,19.44822499132868],[-99.18886248684841,19.44823971153468],[-99.18900155593583,19.448254440209965],[-99.18936692591471,19.448292302928383],[-99.18943670794432,19.4483001856642],[-99.18949566617303,19.448305695786132],[-99.18959845410279,19.448315444593163],[-99.18995059998237,19.448342336186037],[-99.18997781534223,19.44819676983208],[-99.19013064302654,19.448223696174143],[-99.19105236661039,19.44838205902565],[-99.19120570813104,19.448407538560357],[-99.19121269522734,19.448408793054647],[-99.19122005871769,19.44837366551728],[-99.19138858625827,19.44746701157472],[-99.19154192238904,19.446646586665505],[-99.19168126995423,19.44568220775425],[-99.1918069451608,19.44478389350327],[-99.19181606575589,19.444722398181383],[-99.1920770640752,19.442856616476515],[-99.19209929827676,19.442771660314172],[-99.192122115485,19.442703959305238],[-99.1921449425747,19.442636267585918],[-99.19213541144951,19.442563461112524],[-99.19211890849942,19.442464188130085],[-99.19210620901623,19.442399201917265],[-99.19209415003185,19.442354080799504],[-99.19208210092896,19.442308950351357]]]}},{"type":"Feature","properties":{"colonia":"Molino Del Rey","alc":"Miguel Hidalgo","cve_alc":"016","cve_col":"016-053","clasif":"Colonia","entidad":"Ciudad de México","cve_ent":"09"},"geometry":{"type":"Polygon","coordinates":[[[-99.2033818085636,19.42608145348752],[-99.20340929701128,19.425990877702773],[-99.2035167310277,19.425636764573383],[-99.2035372970578,19.425578779482972],[-99.20355180395133,19.425540308276723],[-99.20357842282982,19.42547772551385],[-99.20359354057777,19.425443282618676],[-99.20360291000617,19.42541371607781],[-99.20360865113915,19.425381279288953],[-99.2036122794346,19.425346550026596],[-99.20361589874688,19.425311810590678],[-99.20363250679986,19.425178064624955],[-99.2036397220682,19.42509394046381],[-99.20364546948936,19.42496104573593],[-99.20365028356098,19.424823265200935],[-99.20364568418671,19.4245611994116],[-99.20364262901647,19.424433182333487],[-99.20364502572163,19.424340173363206],[-99.20365105790876,19.42424430085438],[-99.20365950746232,19.424150153158692],[-99.20366977610435,19.42405600456128],[-99.2036854921302,19.423975056768313],[-99.20370483555324,19.423899273385707],[-99.20372720001055,19.42379765499249],[-99.20375500646188,19.423684557987034],[-99.20377495984098,19.423610499344363],[-99.20378735389696,19.42357174047506],[-99.20381653656729,19.42348333124778],[-99.20383331530014,19.4234336630928],[-99.20386968269612,19.423337269874686],[-99.20390887978519,19.42325137836907],[-99.20397544045615,19.423118633781257],[-99.2040492271753,19.422991584753728],[-99.20413814601538,19.422853209514138],[-99.20428634647767,19.4226390518807],[-99.20438464822092,19.422492944847438],[-99.20435666480148,19.42249868458762],[-99.20432867239894,19.422504415855478],[-99.2043029931582,19.42250840359794],[-99.20428281430202,19.422510023432917],[-99.20426120712445,19.422510172539102],[-99.20421522326338,19.422507021824487],[-99.20417209424832,19.42250206404475],[-99.20412845049853,19.422495923581902],[-99.20383411030916,19.422447556415847],[-99.2035144987142,19.422395797915197],[-99.20341240967376,19.422378715928993],[-99.20336782448959,19.422372133225817],[-99.20334110499974,19.422366657806066],[-99.20331641300754,19.422361478904207],[-99.2032597266182,19.42234594135065],[-99.20307595197228,19.422291437058213],[-99.20293977186681,19.422547165262518],[-99.20285169834143,19.422724847129984],[-99.20276363469749,19.42290253812241],[-99.20273312431719,19.42296873345501],[-99.20272934690136,19.42297825165287],[-99.2027066024567,19.423040951443618],[-99.2026616390818,19.423181050556135],[-99.20261961499452,19.423308507781076],[-99.20259663608955,19.423391181631008],[-99.20255944493846,19.42350887653455],[-99.20252936395285,19.423627292309963],[-99.20257662162497,19.423707540499013],[-99.20261980723396,19.423795890301204],[-99.20266497542477,19.42389609558807],[-99.20271013463244,19.423996310132082],[-99.2027674031301,19.42415277011472],[-99.20289605086191,19.424559616026],[-99.20291768229396,19.42462855555641],[-99.20293503774523,19.424683905400542],[-99.20302664883626,19.425005461748764],[-99.2031140028111,19.425313420231657],[-99.203154056893,19.425484005648467],[-99.20317516909878,19.425570832952886],[-99.20320167029799,19.425663782763426],[-99.20324706576258,19.425797579159845],[-99.20331503589018,19.42599875304959],[-99.20333185684393,19.42604881096834],[-99.2033818085636,19.42608145348752]]]}},{"type":"Feature","properties":{"colonia":"Nextitla","alc":"Miguel Hidalgo","cve_alc":"016","cve_col":"016-054","clasif":"Colonia","entidad":"Ciudad de México","cve_ent":"09"},"geometry":{"type":"Polygon","coordinates":[[[-99.17474748875773,19.452371808936462],[-99.17418702895367,19.452827844363078],[-99.17369168173636,19.453232782899633],[-99.17369166287172,19.453232810004703],[-99.17369163412563,19.45323282863942],[-99.17160224530126,19.454907810573722],[-99.17158179964538,19.455035051465075],[-99.17097366355421,19.45697071835194],[-99.17082069124112,19.45740606359468],[-99.17255842376771,19.457722820342376],[-99.17388496055791,19.457961767698386],[-99.17435673418558,19.457257740724092],[-99.17486446108582,19.4565308556486],[-99.17535794070572,19.45579669225778],[-99.1757506257574,19.455249496707328],[-99.17586887818479,19.455092198492277],[-99.17602048685528,19.454884186198054],[-99.17602087762245,19.454883662736396],[-99.176707317162,19.453894092131307],[-99.17679043917352,19.453759090694295],[-99.17613238370203,19.453310510931995],[-99.17509926093815,19.452605568450583],[-99.17474748875773,19.452371808936462]]]}},{"type":"Feature","properties":{"colonia":"Observatorio","alc":"Miguel Hidalgo","cve_alc":"016","cve_col":"016-055","clasif":"Colonia","entidad":"Ciudad de México","cve_ent":"09"},"geometry":{"type":"Polygon","coordinates":[[[-99.19759440426084,19.403083476896484],[-99.19735933311729,19.403115401284545],[-99.19716241522048,19.403140718460282],[-99.19696548834051,19.403166026311826],[-99.19673604065063,19.403194959733494],[-99.1966329886162,19.40320587627793],[-99.19637150700332,19.40324196678876],[-99.196206384976,19.403258428024376],[-99.19589760167351,19.40329335179952],[-99.19547158732809,19.403343327744306],[-99.19514206641725,19.403383030237933],[-99.19495766474728,19.403417138042666],[-99.19475895830477,19.40344991135315],[-99.19468569620176,19.403464398374417],[-99.19465604101762,19.403469016970107],[-99.19457241415289,19.403480641833248],[-99.1944230234228,19.403499790658422],[-99.1940813375264,19.403528647764393],[-99.19384827142254,19.40355069771466],[-99.19372090289168,19.403564812765417],[-99.19371321331288,19.40356567192023],[-99.19298126781598,19.403651915285494],[-99.19222238903026,19.40374255774426],[-99.19134753235147,19.403848763199477],[-99.19123621940965,19.40386023721774],[-99.191085200034,19.403875147847938],[-99.19098510794839,19.403884813745044],[-99.19083606756129,19.403893710301357],[-99.19058584004227,19.403913049718497],[-99.19041700348124,19.403925072776588],[-99.19038070525559,19.403928733920484],[-99.190325705004,19.40393291360618],[-99.1902289151254,19.403942316839775],[-99.1901244248882,19.403952245393054],[-99.19006447581769,19.403954862674112],[-99.19001113116116,19.403958002733525],[-99.1899753845011,19.403960617472656],[-99.18993854279465,19.403960621709153],[-99.18957462808653,19.40396201380775],[-99.1892651620644,19.403961835029417],[-99.18895988129317,19.403952264880658],[-99.18841926707036,19.403947110811057],[-99.18835601399627,19.403945032406714],[-99.1883482669253,19.403944771441182],[-99.18829277080363,19.403942954002446],[-99.1882139858583,19.403940480760646],[-99.18814001678113,19.403939188642124],[-99.1880975318581,19.40393840828723],[-99.18805160998075,19.403938675183923],[-99.18800349082424,19.40393868111492],[-99.18796251866416,19.40393842438579],[-99.18785500020608,19.403932567064253],[-99.18775043181547,19.4039255091314],[-99.18795954254561,19.404328365793052],[-99.18820628190639,19.404917488008348],[-99.18822828254602,19.404964324261467],[-99.18825029306709,19.405011151180982],[-99.18830227318274,19.40512412815434],[-99.18835948778147,19.405242575962124],[-99.18841284770934,19.405351634088756],[-99.18852892441711,19.405580701246233],[-99.18855423804345,19.405628565908682],[-99.18856798406397,19.405654535100457],[-99.18860703472772,19.4057283773939],[-99.18880618224303,19.40611346298758],[-99.18886532103312,19.406229039494182],[-99.18890491427926,19.406306440096493],[-99.18892445892492,19.406344625238653],[-99.18927246536767,19.407027482653792],[-99.18964070726047,19.407767433948546],[-99.18973038877023,19.407954650201535],[-99.18978884484075,19.40807935557324],[-99.19000244894397,19.40855887367412],[-99.19021925015122,19.408483300851792],[-99.19132369555541,19.408118290132236],[-99.19176530914572,19.407973949314012],[-99.19260238807357,19.407718382888696],[-99.19262518192556,19.407712347776354],[-99.19266395500983,19.40770206614046],[-99.19272552104783,19.407685757863327],[-99.19307143800928,19.407571948954],[-99.19334504328522,19.407478593121304],[-99.19341460432928,19.407462834701608],[-99.19348389947196,19.40744716693857],[-99.1936114889884,19.407427462767252],[-99.19373906772502,19.40740774927351],[-99.19391746236066,19.40739168582868],[-99.19424783487443,19.407386696238923],[-99.19428575276255,19.40738547192965],[-99.19466743614703,19.407391671424993],[-99.19495782554571,19.407386407318814],[-99.19506010053746,19.407270545256388],[-99.1950897898576,19.4072413202503],[-99.19510672849057,19.407227681686354],[-99.19542000875943,19.40701140137865],[-99.19574838970819,19.4067844078261],[-99.19595809152979,19.406635849774865],[-99.19622643896638,19.406434383333323],[-99.19642724117847,19.406285085288157],[-99.19661721330148,19.406147708326355],[-99.19713343017949,19.405780374203562],[-99.19724783332592,19.405693116076144],[-99.19747434352483,19.405516289141254],[-99.19770084474052,19.405339452694104],[-99.1977770101985,19.40527715107766],[-99.19785316667337,19.405214840117292],[-99.19768400222725,19.403695079739197],[-99.1976760539336,19.40363697328486],[-99.1976622854553,19.403553998767507],[-99.19764907123745,19.40348355821645],[-99.19763531174222,19.403394326357223],[-99.19762098720669,19.40329100818387],[-99.19760769124218,19.403187246809765],[-99.19759440426084,19.403083476896484]]]}},{"type":"Feature","properties":{"colonia":"Panteon Civil De Dolores","alc":"Miguel Hidalgo","cve_alc":"016","cve_col":"016-056","clasif":"Colonia","entidad":"Ciudad de México","cve_ent":"09"},"geometry":{"type":"Polygon","coordinates":[[[-99.22202788918442,19.396410308541036],[-99.22194251419816,19.396440692945422],[-99.22188819666619,19.39645728874733],[-99.22180566574607,19.396483500044493],[-99.221683482291,19.396524696359137],[-99.22157237596173,19.39656382941679],[-99.22147590318842,19.39659345882233],[-99.22141660000662,19.396613198199145],[-99.22088245724709,19.396771563058564],[-99.22054516051915,19.39686489707389],[-99.22020787187608,19.39695824035631],[-99.22006280922905,19.396999794122706],[-99.21989060847733,19.3970556312648],[-99.21971839874239,19.39711145991438],[-99.2196873763224,19.397121564281015],[-99.21947022207715,19.397192304997997],[-99.21915425225237,19.397290199925074],[-99.21899704797599,19.397339909959086],[-99.21885556421705,19.39738535369687],[-99.21871408944128,19.397430805895247],[-99.2184582708079,19.397513196339855],[-99.21812812197467,19.39762136911072],[-99.21700781681422,19.3979796129472],[-99.21645607336333,19.398155252504296],[-99.21591970008694,19.398332124722472],[-99.21560574518338,19.398435096949346],[-99.21533562087912,19.39852492719383],[-99.21513521302745,19.398595359724023],[-99.21493765103858,19.398667832566264],[-99.21480332325916,19.398718869926828],[-99.21466077409833,19.39877483018725],[-99.2145264570987,19.398831970741647],[-99.21433461737823,19.39891325472812],[-99.21411170852531,19.399010863921365],[-99.21401203954623,19.399057439207006],[-99.21391238134694,19.399104023799794],[-99.21388326245699,19.399118470536934],[-99.21385415434682,19.3991329257459],[-99.21379592734675,19.399161818366277],[-99.2136694724025,19.399221665957402],[-99.21349087205266,19.399312770129338],[-99.2131986941082,19.39946844976493],[-99.21301568931855,19.39956601117562],[-99.21283269351198,19.399663581000883],[-99.21270446978497,19.39973293695113],[-99.21201071167084,19.40015244517488],[-99.2111300698416,19.400740902125357],[-99.21061226384388,19.401075208639263],[-99.2102384335316,19.401309292777665],[-99.20999955442956,19.401463066611537],[-99.20853644317351,19.402385748079823],[-99.2081330511019,19.40263978165003],[-99.20703920941139,19.40332883393395],[-99.20635460962151,19.40376102362143],[-99.20566999635702,19.404193201145965],[-99.20558214561377,19.40424877231223],[-99.20553881986767,19.404276169406266],[-99.2054942849891,19.404304343459483],[-99.20549089744216,19.404306520144726],[-99.20512830146086,19.40454005821667],[-99.20476569559813,19.404773586632988],[-99.20446815920296,19.404962735601273],[-99.20432713088992,19.405051872551386],[-99.2038840260962,19.405331866117276],[-99.20358195680215,19.40552272171067],[-99.20321741417169,19.40575541583863],[-99.20310856800364,19.405821753718616],[-99.2029997317171,19.405888100891662],[-99.20291856893114,19.406072175052948],[-99.20289496839203,19.40612556468009],[-99.20288680719764,19.40614698559712],[-99.20287865498645,19.406168415831434],[-99.20287205506408,19.406189176712314],[-99.20286754821626,19.406210596773608],[-99.20286477511702,19.40623894248949],[-99.20286443016394,19.406269914764327],[-99.2028686154148,19.406345053114133],[-99.20287976799906,19.40651048835077],[-99.20288152151055,19.406562563707208],[-99.20288048305802,19.406602765308364],[-99.20286245926017,19.40678336906568],[-99.2028603967283,19.40683939094496],[-99.20286390285283,19.407030537079123],[-99.20287506801351,19.407249357487654],[-99.20290159077229,19.40779707402276],[-99.20293576538064,19.40843145910898],[-99.20297867071523,19.409245448055533],[-99.20299402382174,19.409554567493146],[-99.20301075045232,19.409830737247706],[-99.20302121492708,19.41002319057572],[-99.20303098230919,19.410205106326448],[-99.20303379942591,19.41037515857767],[-99.20303416414188,19.410474027541763],[-99.20303453784106,19.41057288712611],[-99.20303490615034,19.410688235940658],[-99.20303895575562,19.410792097588875],[-99.20305825965278,19.411016795420174],[-99.20306906189406,19.411188164300842],[-99.20309414914503,19.411563851118963],[-99.20311506102651,19.411870007553947],[-99.20311958134903,19.411909548683116],[-99.20312341535866,19.41194646248312],[-99.20312828692245,19.41198138947623],[-99.20314254408429,19.412063775939803],[-99.20315094962042,19.41211490229441],[-99.20317039455306,19.412200556524933],[-99.20318983050255,19.41228622003017],[-99.20321107476067,19.412373698293067],[-99.20321576127157,19.412392967227497],[-99.20324168395568,19.412499722827242],[-99.20348465129058,19.413498920426168],[-99.20351385013062,19.413618218694005],[-99.20358478020712,19.41392435601036],[-99.20366267043049,19.41432837742261],[-99.20375100716223,19.414835210561634],[-99.20379692095473,19.415085006313177],[-99.20381639104022,19.41519359694449],[-99.20383587100713,19.41530217818382],[-99.20384196068643,19.415336445309887],[-99.20384804048426,19.41537072174816],[-99.20385951286879,19.41542641617939],[-99.20386716382006,19.415461343272106],[-99.20387481297468,19.4154873837552],[-99.20388020376467,19.41550303125716],[-99.20388558467329,19.415518688077295],[-99.2038942803652,19.4155430671325],[-99.203915822864,19.415599418955246],[-99.20392903169194,19.41562973877454],[-99.20394744805364,19.415669611103265],[-99.20396830154459,19.415709483422205],[-99.20398810670166,19.415740786007095],[-99.20400965279376,19.415772413921825],[-99.20403432232811,19.415808329656354],[-99.20406489469221,19.41585182977483],[-99.2040923427157,19.415885434252264],[-99.20411597289925,19.415913448709777],[-99.20416808686382,19.415966164100862],[-99.2045097736585,19.41629037765644],[-99.20453061457313,19.416312288625655],[-99.2045816918819,19.41636846311146],[-99.20464944192231,19.416451497173938],[-99.20468662139523,19.41650223750826],[-99.20470555967806,19.416531563364078],[-99.20473735195431,19.416582313840134],[-99.20476792701332,19.41663437410979],[-99.20478564718063,19.416665018223046],[-99.2048124070946,19.4167236800372],[-99.20493040619706,19.417023215877247],[-99.20504839541807,19.417322759637454],[-99.20506929023156,19.41737231189625],[-99.20509757548491,19.417443064138677],[-99.20510196645006,19.417457240677898],[-99.20510731142596,19.417477800173447],[-99.20511235187303,19.417502514434094],[-99.20511600262635,19.41752542241789],[-99.20511809480266,19.41755738802613],[-99.20511809929418,19.4175778144956],[-99.20511532709327,19.417608137334692],[-99.20511012854267,19.41764010462116],[-99.20510492729719,19.417663836082646],[-99.20509520662749,19.41769250852293],[-99.20508340186639,19.417721514762338],[-99.20506951121712,19.417746558554057],[-99.20505562865274,19.417765352409166],[-99.20498027527174,19.417856318263052],[-99.20493512414892,19.417907744405547],[-99.20490456885284,19.417940042048038],[-99.2047943815001,19.41804486658561],[-99.20559168302717,19.418534310915778],[-99.2056866115965,19.418589717057394],[-99.20583717462803,19.418685925857247],[-99.20598774754095,19.418782125281037],[-99.2064001847492,19.41903446846456],[-99.20646862200076,19.419078402339284],[-99.20656167758276,19.419137103948653],[-99.20663230223208,19.419174978539726],[-99.2066825926166,19.419198364114923],[-99.20678379142662,19.419238389760846],[-99.20681375742788,19.419250320186972],[-99.20684371444598,19.419262260778776],[-99.20693766744488,19.419295118158445],[-99.20697717175781,19.419309286063978],[-99.2070166850539,19.419323445496115],[-99.20706299500348,19.419339355264086],[-99.20711360878151,19.419357854953038],[-99.2071771196721,19.41938087620141],[-99.20719669126719,19.419388556163025],[-99.20721627274376,19.419396227652275],[-99.20731446399421,19.419209339737044],[-99.20735719954722,19.419128015909365],[-99.2074995429939,19.41885231690186],[-99.2076418954237,19.418576627593264],[-99.20777711343351,19.418323361080713],[-99.20785042494387,19.41818018407859],[-99.20793539748487,19.418006211443814],[-99.20798300460167,19.417917634828505],[-99.20814040111756,19.417709088600837],[-99.20829320814063,19.417531723193044],[-99.20851100917287,19.417297824224754],[-99.20884376581533,19.41701263576057],[-99.20913791915514,19.416777291528525],[-99.20945072331688,19.416564111211354],[-99.20957182789526,19.416476131104066],[-99.20965288737492,19.416418076661518],[-99.20970486659219,19.416384960296302],[-99.20980739940043,19.416326431374472],[-99.21042354307401,19.41597230989377],[-99.21050939326909,19.415930100983502],[-99.21057211004893,19.41590308625852],[-99.21082372007521,19.415797519861595],[-99.21101261332159,19.41571896730884],[-99.21120768877373,19.415628178177094],[-99.2113369491566,19.415576630159446],[-99.21146621852262,19.415525091445083],[-99.2117437781825,19.415403705304698],[-99.21185426377589,19.41526627843485],[-99.21197194577306,19.415135206539723],[-99.2120505780048,19.415046368259343],[-99.21210013087254,19.414985629271197],[-99.21212669585209,19.4149513002232],[-99.21213508701518,19.41493883657164],[-99.2121434880597,19.41492638223858],[-99.21215003318484,19.41491493950171],[-99.21215764371193,19.414899080981854],[-99.21216903884134,19.414871789887357],[-99.21217334716147,19.414861368063328],[-99.21218309478058,19.414831241270104],[-99.2121904537794,19.414800899273782],[-99.21219376047799,19.414781194299017],[-99.21219589757003,19.414767387767892],[-99.2121973016368,19.414751304716585],[-99.2121977534894,19.4147304813862],[-99.21219776696414,19.414710101156903],[-99.21219691536123,19.414694994114388],[-99.2121960547752,19.41467989638994],[-99.21219205906878,19.41465364735766],[-99.21218510970178,19.414615226093627],[-99.21217720991717,19.414579487167675],[-99.2121140305049,19.41444765644266],[-99.21206140989052,19.414358977914276],[-99.21202440469071,19.414293637325873],[-99.21200673213413,19.414266217349677],[-99.21199029835431,19.41424366474618],[-99.21197262669602,19.41422150017417],[-99.2119475681912,19.41419467833544],[-99.21193771457082,19.414184956286174],[-99.21192785106905,19.41417524186151],[-99.21190567885121,19.414156772083324],[-99.21189335935539,19.41414667046937],[-99.21188185912307,19.414137733806594],[-99.2118715967693,19.41413073816497],[-99.21185682217778,19.41412102543151],[-99.21184183917718,19.41411180070652],[-99.21182161989675,19.414100437552563],[-99.21180714983417,19.414093063193896],[-99.21178005844185,19.414081033262423],[-99.21173409164872,19.414061232462494],[-99.21168935195432,19.41404454695509],[-99.21166268097356,19.414036797267293],[-99.21165099209509,19.414033693833762],[-99.21163929333512,19.414030599719748],[-99.21160646440308,19.414023238913884],[-99.21159333822014,19.41402053368199],[-99.21158225929774,19.41401898323586],[-99.21156733468762,19.414017044754686],[-99.21156162319902,19.414016278851253],[-99.21154693664249,19.41401474789159],[-99.21152981385485,19.414013993002253],[-99.21147476150095,19.414013284711046],[-99.21121022202283,19.414018622312465],[-99.21112639842703,19.414022489955098],[-99.21104258471273,19.414026366070196],[-99.21094674794662,19.41402685916295],[-99.21092798753021,19.414024949487906],[-99.21091412922034,19.41402264076363],[-99.21089862340021,19.414019177253433],[-99.21088027171727,19.414013393157553],[-99.21086558336408,19.414007997096494],[-99.21084803028344,19.41399989241418],[-99.21083971996872,19.413995262256336],[-99.21083171418293,19.41399043299733],[-99.21082441267627,19.41398541395668],[-99.21081891049518,19.413981352295416],[-99.21081257916903,19.41397643238142],[-99.21080941889589,19.413973868637584],[-99.21080624874122,19.413971313366137],[-99.21079992729658,19.413965707188616],[-99.21079722336755,19.413963143444743],[-99.21079451045544,19.413960589020316],[-99.21078879806855,19.41395518109623],[-99.21078548508176,19.413951841281534],[-99.21078216221355,19.413948509939136],[-99.21077522182962,19.413940583173957],[-99.21075734984703,19.413918454991983],[-99.21073466918278,19.413882593910504],[-99.21071118722126,19.413842117909144],[-99.21067916946788,19.41377498774301],[-99.21062723336972,19.413678515086534],[-99.21060677783242,19.41363871597938],[-99.21058062607786,19.41358221266816],[-99.21055892008563,19.413526051622565],[-99.21055251599599,19.41349737421128],[-99.2105471791049,19.413469544883306],[-99.2105446808901,19.41345470037021],[-99.21054263183291,19.413442645821462],[-99.21054059175893,19.413430581952134],[-99.21053506262834,19.413399213684947],[-99.21053132384012,19.41336834104795],[-99.21052918584972,19.413347093919608],[-99.21052668943156,19.41330222483503],[-99.21052276020052,19.413235430801226],[-99.21052130672635,19.413138269016066],[-99.21052056561626,19.41303841548058],[-99.21052031229138,19.412802209778025],[-99.21051731820656,19.412710366738835],[-99.21051433400316,19.412618515175403],[-99.21050997986896,19.412425473541052],[-99.21051231369206,19.412324671498315],[-99.21051631927992,19.41224993835391],[-99.21052116838581,19.412195829729573],[-99.2105252332625,19.412163528404115],[-99.21052969968608,19.41213433393102],[-99.2105350033395,19.41210941890379],[-99.21054112715483,19.412086832958433],[-99.2105689156398,19.412003904267262],[-99.21061100889742,19.41188242314756],[-99.21062163237393,19.411850887673488],[-99.21063061822173,19.41181895568035],[-99.21063754782585,19.411786256919775],[-99.21064243196604,19.411757449572374],[-99.21064690557616,19.411722809749097],[-99.21065137020308,19.411688549486552],[-99.21065460593476,19.411653909648724],[-99.21065497873558,19.411625112444746],[-99.21066958264717,19.411494318901553],[-99.21068582328924,19.41136664059923],[-99.21070365125432,19.41119225822764],[-99.21073213952694,19.410951467891916],[-99.21074440871706,19.41084769191815],[-99.21074644609617,19.410812113989724],[-99.21074713151074,19.410779704787995],[-99.21074927129771,19.41070031272226],[-99.2107481987093,19.41067636588853],[-99.21074357418216,19.41064515976306],[-99.21073574087293,19.410608897207453],[-99.21072987307745,19.41059185888707],[-99.21072399629888,19.4105748298847],[-99.21071083328503,19.41053839701488],[-99.21068308073264,19.410474643497537],[-99.21066315699797,19.41042674382914],[-99.2106403856038,19.410372090659],[-99.21059548511097,19.410282064462333],[-99.21058278113624,19.41025346019032],[-99.21057809552372,19.410241388458978],[-99.21057341889431,19.410229307407],[-99.21057075089794,19.410220088391984],[-99.2105680748167,19.410210878696223],[-99.21056340537385,19.410191808608896],[-99.21055740013621,19.410156854966452],[-99.21054805855553,19.41010474517617],[-99.21054408620537,19.410054548479884],[-99.2105447743149,19.410030402445145],[-99.21054880325894,19.410004982128928],[-99.21071623305822,19.409453797561095],[-99.21086970303799,19.40898483393182],[-99.21092796417403,19.408820862744964],[-99.2109975907951,19.40859347096085],[-99.21106367535893,19.40839643900121],[-99.21130592404164,19.407546578242453],[-99.21132516415837,19.407703785253776],[-99.2113387089562,19.40781375847688],[-99.21135188454653,19.40789506085158],[-99.21136968646049,19.40797871944295],[-99.21138711647194,19.408026952809255],[-99.2114049067078,19.40806743025819],[-99.21141806702677,19.408094083653914],[-99.21144937600934,19.408148724880668],[-99.21150557281688,19.4082370966959],[-99.21155323473089,19.40830051133599],[-99.21168519005965,19.4084502591244],[-99.21173283849892,19.408495459982024],[-99.2117637872571,19.40852108811459],[-99.21180236810193,19.408542497701642],[-99.21184948563692,19.408560871529176],[-99.21190246467907,19.408578069348422],[-99.21194192677123,19.408585482084195],[-99.21197179395779,19.408587497731478],[-99.2120098456949,19.408587145268513],[-99.21203828366183,19.40858410358138],[-99.2120738389808,19.40857768384213],[-99.21211685570645,19.40856519343672],[-99.2121538276686,19.408550672979118],[-99.21218475576555,19.408537174324046],[-99.21220928875597,19.408524345855977],[-99.21223274556466,19.408509503433255],[-99.21226616379154,19.40848149363099],[-99.21229246286977,19.40845280770452],[-99.21234364797638,19.408382623455307],[-99.2123979511353,19.40830060792459],[-99.2125068116764,19.408121480100213],[-99.2125607941367,19.408049606252774],[-99.21264112687932,19.407963214405413],[-99.21273567096974,19.407884079382043],[-99.21283948028396,19.407818332890937],[-99.21294567911686,19.4077565227939],[-99.21306195165732,19.407677020801632],[-99.2131409782495,19.407617276299167],[-99.21318711751914,19.407578616136345],[-99.21323395118647,19.4075346189975],[-99.21328287433518,19.40747937007005],[-99.21332578236472,19.40742220882952],[-99.21350410693174,19.407167517618337],[-99.21377107365778,19.406802087085865],[-99.21381246892436,19.406749603419065],[-99.21387699580956,19.40667656141831],[-99.21391467474585,19.406638092516474],[-99.21393884122361,19.406612116703574],[-99.21397261069175,19.4065827509313],[-99.21401775193313,19.406549012355914],[-99.2141006233147,19.406493077646157],[-99.21416761697364,19.406457536045302],[-99.21425024670846,19.406422098651774],[-99.21444825516001,19.40634614101949],[-99.21453607266555,19.406312725208117],[-99.21457978828049,19.40628471163835],[-99.21459969494721,19.40627188383994],[-99.21462404378298,19.406250792530802],[-99.21464804047915,19.406228021912213],[-99.21466331992383,19.40621047222361],[-99.2146873157217,19.406183647368877],[-99.21472161339928,19.40614061914029],[-99.2147653272176,19.406075167644865],[-99.2148392405992,19.405947283435072],[-99.21499382628657,19.405697943039765],[-99.21513703930239,19.405455342398014],[-99.2152042072345,19.405336914232663],[-99.21523402860699,19.405283015128997],[-99.21520533731513,19.405232030664862],[-99.21517666488792,19.405180974165567],[-99.21517647085182,19.405167862439804],[-99.21517330788366,19.405157650120387],[-99.21516773743058,19.40514746576082],[-99.21498581331421,19.405056501269357],[-99.21505555491964,19.40495039912424],[-99.21501173240509,19.404936152017108],[-99.21497870494538,19.404931347907528],[-99.21490579408362,19.404905044769812],[-99.21487545438323,19.404846936205917],[-99.21483009125804,19.404738172596687],[-99.21482327484166,19.40460005210453],[-99.21482087184825,19.404390367832644],[-99.21481328827063,19.404236435781023],[-99.21476569373023,19.404177130605348],[-99.21472369569408,19.404119187002866],[-99.21469535474522,19.404090795163967],[-99.21466797319701,19.40405903534167],[-99.21456696842313,19.40390548934112],[-99.21459043241829,19.403854861154784],[-99.2147036138559,19.4036946662606],[-99.21477860701248,19.403586548365215],[-99.21489246038989,19.40338219734813],[-99.21492787377501,19.40331825546816],[-99.21497716613126,19.403228602412938],[-99.21499937607834,19.403182462136364],[-99.2150222876097,19.40312972141847],[-99.2150344292391,19.403089182582733],[-99.21505628794489,19.40301667442902],[-99.21506600502134,19.402984705962208],[-99.2150788347602,19.402919776825907],[-99.21510034941127,19.402841336673827],[-99.21511456255567,19.402757959284553],[-99.21511973954668,19.402660741248926],[-99.21512836247504,19.402435648893967],[-99.21513425183004,19.402396429976818],[-99.21514291877595,19.402353915056896],[-99.21515818833912,19.402303487197656],[-99.215183876563,19.402243503477546],[-99.21521650067913,19.402174289249384],[-99.2152463481028,19.40211628138605],[-99.21526856703304,19.402070791520746],[-99.21529216308059,19.402016081315328],[-99.21532965426898,19.401929726933794],[-99.2153754638569,19.40181107929221],[-99.21539697581301,19.40175767892876],[-99.21541849765062,19.401704287867865],[-99.21544695538047,19.401644962281196],[-99.21546258247318,19.40161216996635],[-99.21547820058268,19.401579369171813],[-99.2155007626694,19.40153750900387],[-99.21552610414355,19.401496641864867],[-99.21554589133426,19.40146631432662],[-99.2155788738783,19.401421155575495],[-99.21562053414786,19.401368743040603],[-99.21566705789641,19.401316998164738],[-99.21570421041997,19.40127777050493],[-99.21574483852532,19.401243156410615],[-99.21577330883159,19.401224691942208],[-99.21580039932566,19.401208205081588],[-99.21583581630404,19.401187760457024],[-99.21588998830892,19.40115809121738],[-99.2160400024698,19.401076979508268],[-99.21614591114684,19.401018292561524],[-99.21624418683894,19.4009592726022],[-99.21632266096722,19.40091146502987],[-99.21643725275977,19.400834642265824],[-99.21655879032618,19.400750241995254],[-99.21671991035888,19.400640791022077],[-99.21686922383381,19.400541221287565],[-99.21698797392787,19.40046275456924],[-99.2172560940907,19.400289430658884],[-99.2173037182755,19.40025795733252],[-99.21735135144348,19.400226492473124],[-99.217444941523,19.40016141480396],[-99.21749772293585,19.400127130923405],[-99.21755119694976,19.40008888331528],[-99.21761856161291,19.40003547899722],[-99.21767689641082,19.39998800075755],[-99.21772133876287,19.39994844656241],[-99.21777064100063,19.39990031163062],[-99.2178373067745,19.399833723920697],[-99.21789285948998,19.399777027709803],[-99.21791437863264,19.399748675784142],[-99.21793590675838,19.39972033402117],[-99.21800134902682,19.399635451898778],[-99.2180575889535,19.399556342479915],[-99.2181171185108,19.39946652212538],[-99.21814680603428,19.399417905776502],[-99.2181628517419,19.399384860513134],[-99.21817890553433,19.39935182456344],[-99.2181990394748,19.399308312405466],[-99.21821153504035,19.39927601784103],[-99.21822575986293,19.399234818833627],[-99.21824726822574,19.399174167144796],[-99.2182615011331,19.39912901368854],[-99.21828872817107,19.39903294498738],[-99.2183109327283,19.39894791253116],[-99.21834197670782,19.398825140515886],[-99.21835229745214,19.39877776614308],[-99.21836449926867,19.39872058489845],[-99.21837301260258,19.398676507410524],[-99.21838688708218,19.398609275237657],[-99.21840354274589,19.3985532395088],[-99.2184231412904,19.39850116751969],[-99.2184392795245,19.398462279803347],[-99.21847572507389,19.398388448616032],[-99.21854167938203,19.39827242169579],[-99.21855902944343,19.398242094403937],[-99.21857638758964,19.398211775579547],[-99.21860328764086,19.398166943838216],[-99.21863904687737,19.398116844289035],[-99.21868001185096,19.398069379894],[-99.21872237550146,19.39802058773215],[-99.21877513894795,19.397963891736797],[-99.21882236517908,19.397911811085844],[-99.21889318835609,19.397845221714817],[-99.21893207462811,19.39781620599887],[-99.21899179822147,19.397770054866655],[-99.21905013391768,19.397729168140206],[-99.21913763611454,19.39767773561664],[-99.21927132698843,19.39760651383066],[-99.21930153733142,19.39758870732009],[-99.21933348771113,19.397564966997756],[-99.21939286006321,19.397520793449115],[-99.21941681813186,19.397504306213186],[-99.21944355468963,19.397485182102116],[-99.21945987258675,19.39747463037062],[-99.21948140610245,19.39746342704595],[-99.21953071642498,19.397442977714277],[-99.21985766635751,19.397335443707973],[-99.22018462437485,19.397227918951142],[-99.22076941235343,19.39702341590185],[-99.22116667701646,19.39687335425101],[-99.22124933010747,19.396840370325734],[-99.22133961259013,19.39679848944999],[-99.2216042131537,19.396659004796554],[-99.22202788918442,19.396410308541036]]]}},{"type":"Feature","properties":{"colonia":"Pensil Norte","alc":"Miguel Hidalgo","cve_alc":"016","cve_col":"016-057","clasif":"Colonia","entidad":"Ciudad de México","cve_ent":"09"},"geometry":{"type":"Polygon","coordinates":[[[-99.19984904267329,19.4525753563315],[-99.1998159101107,19.4525656187919],[-99.19951940767645,19.45248865612463],[-99.19920579862425,19.452414125267115],[-99.19946454217212,19.45143575953068],[-99.19962804992687,19.450818535822183],[-99.19968829005155,19.45057079744788],[-99.19973800281934,19.45037625759456],[-99.19874641456094,19.45008635747532],[-99.19842534230538,19.44999216801063],[-99.19825115448019,19.449942669750822],[-99.19807153094924,19.44989166372483],[-99.1981699845078,19.44948585116037],[-99.19826821169082,19.449089763471004],[-99.19845487531865,19.44832888827249],[-99.19863764474972,19.447579543966825],[-99.19863228450245,19.44757873248028],[-99.19852186089277,19.447563365057952],[-99.19841171306591,19.447548023893138],[-99.19786587603801,19.447472474289317],[-99.19786409557709,19.44747222186425],[-99.19747801763432,19.447424158609405],[-99.19709194867467,19.44737608432842],[-99.19686543757744,19.447348788525684],[-99.19657091413175,19.447311633733094],[-99.19656726787004,19.447311138200256],[-99.19585864892616,19.447213702865113],[-99.1954060255837,19.44715202803884],[-99.19540516230272,19.447168589015327],[-99.19540430800485,19.4471851593078],[-99.19540156185506,19.447215445278143],[-99.19539562668598,19.447243944782624],[-99.19538668485568,19.44727984932302],[-99.19533726673522,19.447441483609783],[-99.19528799144697,19.44760269335688],[-99.19491283611968,19.448844583109278],[-99.19473456634987,19.449462437758413],[-99.19452353771659,19.450197550559565],[-99.19452327091697,19.450198453514457],[-99.19431508545152,19.450922342165516],[-99.19425706147072,19.451098045627933],[-99.19419981722753,19.451271012948137],[-99.1941524778087,19.45140621635802],[-99.19409925711972,19.451558261401736],[-99.19398478480304,19.451884809502353],[-99.19397087259422,19.45192410033104],[-99.19445757532357,19.452063900081914],[-99.19494428793443,19.452203689547787],[-99.19500245923898,19.452220421957648],[-99.1950088282943,19.45222224563263],[-99.19505839284012,19.452235059638245],[-99.19510984115306,19.45224608639091],[-99.19516128048289,19.45225712246024],[-99.19536235308784,19.452295928692646],[-99.1954495130266,19.452312683115967],[-99.19553666398222,19.452329446854865],[-99.19567999467736,19.452356044707226],[-99.19583021994231,19.452391110395588],[-99.19593322256942,19.452415935387243],[-99.19618749071064,19.452488792497782],[-99.19627606190267,19.45251417990734],[-99.19636057630295,19.452536397699255],[-99.19647740400225,19.452567955767655],[-99.1965910714284,19.452598693051012],[-99.19666061989601,19.452618367179372],[-99.19673017734675,19.452638031987902],[-99.19682529007076,19.452668438066627],[-99.19686102145948,19.4526818593623],[-99.19690018980253,19.45269669859607],[-99.19703977631957,19.452754439372494],[-99.19717074439978,19.4527990798701],[-99.19743900110655,19.452882200338795],[-99.19755612435162,19.45291532874353],[-99.1986525873262,19.453225308673776],[-99.19865669532194,19.453247503498268],[-99.19866649773834,19.453278943690684],[-99.19867959337854,19.453306898334798],[-99.19869426825706,19.453330283229867],[-99.19870559152118,19.45334499026718],[-99.19870568674264,19.453345117322094],[-99.19872335031603,19.45336418488431],[-99.19874655469813,19.45338414606398],[-99.19877589996352,19.453403420297587],[-99.19880135013388,19.453415985182335],[-99.19882582832705,19.453425064526463],[-99.1988489060467,19.453431228383547],[-99.19887643042695,19.453435801513017],[-99.19890326849439,19.453437485413914],[-99.19893106686088,19.453436414764695],[-99.19896109304926,19.4534319847837],[-99.19898379706976,19.45342626477177],[-99.19900505480263,19.453418920150856],[-99.19903097569015,19.453406743207406],[-99.19905098476477,19.453395361626843],[-99.19906610161435,19.45338480336156],[-99.19908496713369,19.453369114616606],[-99.19909881646042,19.4533553596467],[-99.19911554937919,19.45333537389946],[-99.19913718170953,19.45330081240003],[-99.19915290132869,19.453262089417258],[-99.19915868468252,19.453238980645338],[-99.19916206953451,19.4532153484032],[-99.19916269116867,19.45318211841566],[-99.19916117391418,19.453165296319487],[-99.19915628528238,19.453139065365747],[-99.19915059804835,19.45311966997475],[-99.19914216825768,19.453098378918433],[-99.19913075875529,19.453076366186025],[-99.19911742595986,19.453056033120255],[-99.1994947866511,19.45281101968914],[-99.19984904267329,19.4525753563315]]]}},{"type":"Feature","properties":{"colonia":"Pensil Sur","alc":"Miguel Hidalgo","cve_alc":"016","cve_col":"016-058","clasif":"Colonia","entidad":"Ciudad de México","cve_ent":"09"},"geometry":{"type":"Polygon","coordinates":[[[-99.19897248189041,19.44619757302083],[-99.19868619599588,19.446068242250547],[-99.19830871493039,19.445907684071585],[-99.19830832416321,19.445907512963],[-99.19793044424566,19.44574679114001],[-99.19750990333532,19.445570454201263],[-99.1973301953627,19.445505739448745],[-99.19721720796122,19.44546900692433],[-99.19712773755555,19.445445968196697],[-99.19706898953262,19.445437454251778],[-99.19701658181896,19.445431512024534],[-99.19665783332204,19.445400192290272],[-99.19599269732946,19.445348513953018],[-99.1959536834967,19.445391340360143],[-99.19591649773551,19.445434744460716],[-99.19590247952549,19.445458232986358],[-99.19589736990817,19.445470722249734],[-99.19589225040933,19.44548320219426],[-99.19588158471194,19.44551579337074],[-99.19554251291306,19.446618491107525],[-99.19543029806265,19.447023799215184],[-99.195417873464,19.447076264790084],[-99.19540944726664,19.44712154214916],[-99.1954060255837,19.44715202803884],[-99.19585864892616,19.447213702865113],[-99.19656726787004,19.447311138200256],[-99.19657091413175,19.447311633733094],[-99.19686543757744,19.447348788525684],[-99.19709194867467,19.44737608432842],[-99.19747801763432,19.447424158609405],[-99.19786409557709,19.44747222186425],[-99.19786587603801,19.447472474289317],[-99.19841171306591,19.447548023893138],[-99.19852186089277,19.447563365057952],[-99.19863228450245,19.44757873248028],[-99.19863764474972,19.447579543966825],[-99.19879030714407,19.446956316828967],[-99.19895953267559,19.44628057828168],[-99.19897248189041,19.44619757302083]]]}},{"type":"Feature","properties":{"colonia":"Peralitos","alc":"Miguel Hidalgo","cve_alc":"016","cve_col":"016-059","clasif":"Colonia","entidad":"Ciudad de México","cve_ent":"09"},"geometry":{"type":"Polygon","coordinates":[[[-99.1879222965973,19.448152016256255],[-99.18731804841468,19.4480772369119],[-99.18693682766268,19.44803136264154],[-99.18690537315298,19.4480250452612],[-99.18686299872269,19.448015360813358],[-99.18683355194769,19.448005240975654],[-99.18674706035551,19.44797867544528],[-99.18670587619296,19.44796993885619],[-99.1857555277927,19.44784755032337],[-99.18547789447096,19.449798998840247],[-99.18602267687669,19.4498752902247],[-99.18655909147554,19.44995169761922],[-99.18656018652187,19.449951833147466],[-99.18709493474593,19.45002077121473],[-99.18710449282055,19.450022161224627],[-99.18730832954165,19.450051981634854],[-99.18752173511714,19.450083192048822],[-99.18753903307625,19.450085835692388],[-99.18755679815936,19.450089364503416],[-99.18760619921174,19.45010138668567],[-99.18762846665105,19.450106793406334],[-99.18783810379394,19.448752001485204],[-99.18787983862373,19.44845083935996],[-99.1879222965973,19.448152016256255]]]}},{"type":"Feature","properties":{"colonia":"Periodista","alc":"Miguel Hidalgo","cve_alc":"016","cve_col":"016-060","clasif":"Colonia","entidad":"Ciudad de México","cve_ent":"09"},"geometry":{"type":"Polygon","coordinates":[[[-99.22020264188451,19.447253003295554],[-99.22019480767693,19.44693554929807],[-99.22018981753548,19.44646143525671],[-99.22018259238567,19.446288920227154],[-99.2201655199037,19.44616136837806],[-99.22014767846385,19.4460411046301],[-99.22012294065756,19.445935425676538],[-99.22007972360754,19.445797695973145],[-99.22003963269472,19.445700779832116],[-99.21999953190043,19.445603873798067],[-99.21993558622526,19.44548147331588],[-99.21989476228714,19.445411539701563],[-99.21978926054692,19.445254928244246],[-99.21968227658651,19.44513185492046],[-99.2195606887145,19.445010257110926],[-99.21945836162047,19.4449214410985],[-99.21933834400356,19.444827546807108],[-99.21922297067667,19.444754780282217],[-99.21912529955078,19.44469876893413],[-99.21876656093532,19.444527880964234],[-99.21801739293784,19.444176324087465],[-99.21787453745145,19.444107583448385],[-99.21783825180219,19.444087916758896],[-99.21780197603438,19.44406824244328],[-99.21772609983392,19.444023926517364],[-99.21763494868036,19.443962250478965],[-99.21752263771025,19.4438763622574],[-99.21745415284795,19.443814481168843],[-99.21739295961078,19.44374963611245],[-99.2173726298376,19.443762536342586],[-99.21733261079002,19.443800762660526],[-99.217302018663,19.443844529738005],[-99.21728160354989,19.443890931230076],[-99.21726037546138,19.443955411137583],[-99.21725590634286,19.44396938121615],[-99.21725101860936,19.44398853543534],[-99.2172475978248,19.44400807676874],[-99.21724569070143,19.444027852741474],[-99.21722475815864,19.44418773342127],[-99.21740891548689,19.44449209017066],[-99.21744448338222,19.44474562252177],[-99.2174538159797,19.444786083199475],[-99.21746244609466,19.444833144295888],[-99.21746296621922,19.44488535560879],[-99.21738626895855,19.445418549243485],[-99.2173742189573,19.44576310745583],[-99.21738761104162,19.445849393649844],[-99.21739129413426,19.44587500149014],[-99.2173923739092,19.44588812094306],[-99.21739357855003,19.445906632008178],[-99.21739370431418,19.445912014303467],[-99.21733604594763,19.446445481556665],[-99.2172860861431,19.44684644210118],[-99.2172372977417,19.44725152940257],[-99.21715999052498,19.447912992614896],[-99.21708338579081,19.44856788165424],[-99.2170826833083,19.448574455672087],[-99.21693544583994,19.449781299694656],[-99.21679585213637,19.449838154645725],[-99.2168843891925,19.44999608138464],[-99.21747519318853,19.451072988344265],[-99.21806599538797,19.45214990255525],[-99.21815518012937,19.452332489416932],[-99.21829735379443,19.452603509303593],[-99.21844103213762,19.45260284522656],[-99.218510939033,19.452602292958378],[-99.21859999980691,19.452601572129936],[-99.21910240688408,19.45259755463323],[-99.21915587191486,19.45259714212614],[-99.21915904476441,19.452634560830877],[-99.21916145763925,19.45264731042928],[-99.21916497454359,19.452659716129585],[-99.21916626003278,19.45266285863585],[-99.21917014794134,19.45267228446024],[-99.21921114435598,19.45265228931141],[-99.21927299695652,19.452621850195147],[-99.21969871306128,19.452627316124392],[-99.21991932492196,19.452629770837273],[-99.21998866947202,19.45263053655874],[-99.22002362381805,19.451973870733344],[-99.22005842275553,19.451398871645658],[-99.22010446231218,19.450609155995572],[-99.22014690411606,19.449883011096848],[-99.22017810530083,19.449371565841737],[-99.22019817456258,19.449054447187653],[-99.22020531077919,19.448458442558696],[-99.2202085393243,19.448055165898015],[-99.22020264188451,19.447253003295554]]]}},{"type":"Feature","properties":{"colonia":"Plutarco Elias Calles","alc":"Miguel Hidalgo","cve_alc":"016","cve_col":"016-061","clasif":"Colonia","entidad":"Ciudad de México","cve_ent":"09"},"geometry":{"type":"Polygon","coordinates":[[[-99.17369163412563,19.45323282863942],[-99.17152949883122,19.452927895360194],[-99.16943328011573,19.452629103372303],[-99.16864689311936,19.452515680010855],[-99.16684218220516,19.45225800338071],[-99.16649852360838,19.452208203419133],[-99.16626129560986,19.454083644692922],[-99.16626109528549,19.45408543192465],[-99.16619705079563,19.45463967950885],[-99.16613281586297,19.455195723430144],[-99.16607177893262,19.45573195532652],[-99.16603002164501,19.45608842867338],[-99.16601751170633,19.45618808294874],[-99.16571362062888,19.45613891352872],[-99.16566277059387,19.45643195204101],[-99.16563832114679,19.456572619486575],[-99.16559021366838,19.456718678064192],[-99.1655972780198,19.456719725822374],[-99.16686881545668,19.456941431138667],[-99.16695781245022,19.456951941739586],[-99.16711055838788,19.456969197961424],[-99.1673364783936,19.456994706639858],[-99.1681785043437,19.457089804272297],[-99.16829877618382,19.457110192735236],[-99.16846229920996,19.457137922260504],[-99.17082069124112,19.45740606359468],[-99.17097366355421,19.45697071835194],[-99.17158179964538,19.455035051465075],[-99.17160224530126,19.454907810573722],[-99.17369163412563,19.45323282863942]]]}},{"type":"Feature","properties":{"colonia":"Polanco I Seccion","alc":"Miguel Hidalgo","cve_alc":"016","cve_col":"016-062","clasif":"Colonia","entidad":"Ciudad de México","cve_ent":"09"},"geometry":{"type":"Polygon","coordinates":[[[-99.21420390172459,19.43892665281367],[-99.2141570240398,19.43881217454254],[-99.21403602456432,19.438520430784706],[-99.21389096371388,19.43820508002941],[-99.213745912745,19.437889720190398],[-99.21346709813866,19.437279151589475],[-99.2132212867376,19.43676177235841],[-99.21304796578664,19.43644512717416],[-99.21290135085086,19.436208372676944],[-99.21270887871637,19.43592961319399],[-99.21254308025766,19.43571460703821],[-99.21249301085862,19.435653685173],[-99.2124679577437,19.435623215760607],[-99.21239284511124,19.435531824431465],[-99.21221229631549,19.43533436683609],[-99.21214582367944,19.435262667672106],[-99.21189628157501,19.435034209076758],[-99.21141975406287,19.43458579188238],[-99.21045072160292,19.43378572121804],[-99.2102214508812,19.4335946040084],[-99.20991692020326,19.433355120960943],[-99.20977050828667,19.433139764069633],[-99.20966954303863,19.43293483602947],[-99.2096532386162,19.432903613846726],[-99.20957105714072,19.43274622366072],[-99.20943313789687,19.432459357014224],[-99.2091204029054,19.431808903871847],[-99.20905149583494,19.431700632705013],[-99.20898567627408,19.431606926458226],[-99.20892171892076,19.431534774119296],[-99.20882828963967,19.431456822177473],[-99.20875946611247,19.431414956995614],[-99.2087502511943,19.431410651791467],[-99.20865748756478,19.431367311713352],[-99.20846339217462,19.431315108760234],[-99.20836326595305,19.43129330655477],[-99.20832164880257,19.43128926142191],[-99.20829143576462,19.431292004487972],[-99.20828494364005,19.431291762203546],[-99.20839758968174,19.43143611619985],[-99.20847912167523,19.431555337763715],[-99.20851992315545,19.4316430267594],[-99.20855951191,19.431751765589055],[-99.20858365233666,19.431828351790887],[-99.20859727708455,19.431876884746092],[-99.20859973307853,19.431914809737517],[-99.20860114702677,19.431936508507942],[-99.20860218907252,19.43195272624864],[-99.20859917612306,19.432047134578493],[-99.20859615419043,19.432141534382108],[-99.20859627546302,19.432241731132493],[-99.20859635810804,19.43230346838209],[-99.2085866176754,19.43236988607119],[-99.20856587288053,19.43247010470635],[-99.20853409138408,19.432590137919792],[-99.20852614758205,19.43261037612824],[-99.20848512870951,19.432714853191992],[-99.20841626296153,19.432881543311222],[-99.20828190823269,19.433206724432374],[-99.20806062083885,19.433744570771754],[-99.20777063208878,19.434280147555565],[-99.2076860359418,19.434470743819595],[-99.20757931069615,19.43471122568276],[-99.20744737423203,19.435013911871465],[-99.20727186857839,19.435394147741224],[-99.2070772979794,19.43586186951679],[-99.20688939467651,19.436313588657594],[-99.20676668660535,19.436527308937844],[-99.20663702826876,19.436813206917453],[-99.20620088002865,19.43786137914787],[-99.20610015822406,19.438108957335125],[-99.20600058985627,19.43836318920466],[-99.20588289528273,19.43857504738],[-99.20607594054233,19.438580956820967],[-99.20618798381444,19.438583912388452],[-99.20734790198401,19.438632780474375],[-99.20786759803714,19.438651969207662],[-99.20858978333845,19.438686181429432],[-99.20892232797853,19.438700643285006],[-99.20930357298514,19.438716708717592],[-99.20930364934189,19.438716718035828],[-99.20944976391613,19.438722787575358],[-99.21000519674789,19.43874815680787],[-99.21046277070583,19.438768798319938],[-99.21083335450665,19.438784051368145],[-99.21165480095188,19.438819969639496],[-99.21206332959026,19.438836339172408],[-99.21247138212158,19.438852698538344],[-99.2131356808843,19.438880306658838],[-99.21379950353992,19.438907902915037],[-99.21420390172459,19.43892665281367]]]}},{"type":"Feature","properties":{"colonia":"Polanco Ii Seccion","alc":"Miguel Hidalgo","cve_alc":"016","cve_col":"016-063","clasif":"Colonia","entidad":"Ciudad de México","cve_ent":"09"},"geometry":{"type":"Polygon","coordinates":[[[-99.20852614758205,19.43261037612824],[-99.20853409138408,19.432590137919792],[-99.20856587288053,19.43247010470635],[-99.2085866176754,19.43236988607119],[-99.20859635810804,19.43230346838209],[-99.20859627546302,19.432241731132493],[-99.20859615419043,19.432141534382108],[-99.20859917612306,19.432047134578493],[-99.20860218907252,19.43195272624864],[-99.20860114702677,19.431936508507942],[-99.20859973307853,19.431914809737517],[-99.20859727708455,19.431876884746092],[-99.20858365233666,19.431828351790887],[-99.20855951191,19.431751765589055],[-99.20851992315545,19.4316430267594],[-99.20847912167523,19.431555337763715],[-99.20839758968174,19.43143611619985],[-99.20828494364005,19.431291762203546],[-99.20800636439238,19.431338013949528],[-99.20793722016661,19.43134309514314],[-99.20791017638498,19.43134042832135],[-99.2078494062543,19.431334455080744],[-99.20777079648045,19.43132463917636],[-99.20767989416021,19.431303195315802],[-99.20757854982311,19.43127768175202],[-99.20749930673693,19.431248641505068],[-99.20740101307855,19.431205653797665],[-99.20731991047977,19.43116146990446],[-99.20722772267041,19.43109750421823],[-99.20713307707038,19.43102770588185],[-99.20697329283246,19.430912555334675],[-99.20648232041052,19.430534073589904],[-99.2064203213846,19.430486915161865],[-99.20588790878028,19.430081892769692],[-99.20541472659428,19.42972141031733],[-99.2050802128471,19.429466574449435],[-99.20430224845485,19.428890518010313],[-99.20414279749194,19.428757142658853],[-99.20369265799127,19.428313810600756],[-99.20365648822464,19.428275494225982],[-99.20357047812949,19.428116313731714],[-99.20351074375634,19.428010359642332],[-99.20343770443553,19.427876252463868],[-99.20338565155639,19.42772892174842],[-99.20337281193603,19.427734341921646],[-99.20334616251485,19.427745634654652],[-99.20333237068023,19.427751507214353],[-99.20328098345271,19.427770480358753],[-99.20321437606937,19.427793059888778],[-99.20314395264268,19.42781745489319],[-99.20311312336044,19.42782674322486],[-99.20308230395968,19.427836014612836],[-99.20308230395968,19.42783604172214],[-99.20296886380727,19.427856760866167],[-99.20283658598338,19.42787213777829],[-99.20266433672256,19.42788391084482],[-99.20259582131757,19.427883924399517],[-99.20251778377049,19.42787310354761],[-99.20241880379922,19.427851451675725],[-99.20236884668964,19.42783881958028],[-99.20231887969861,19.427826195955493],[-99.20248847533603,19.427915532160473],[-99.20256783160994,19.427952196647187],[-99.20268192932913,19.42797679833607],[-99.20271066733338,19.427981271370058],[-99.20298746432356,19.42802917433664],[-99.2030805711095,19.42804674623741],[-99.2030323001377,19.428084717870117],[-99.20300822259311,19.428107044901324],[-99.20299863936567,19.42811762090694],[-99.20298057694028,19.42813764364571],[-99.20297116618939,19.428152138632942],[-99.20296176531988,19.428166642937754],[-99.20295937669955,19.428171059206313],[-99.20295224048296,19.428184316483403],[-99.2029446200744,19.42820085143825],[-99.20294093877835,19.42821420783107],[-99.2029379725413,19.428227121155928],[-99.20293512937339,19.428242292172122],[-99.20291353477234,19.42834503874881],[-99.20289195005266,19.428447821688557],[-99.20283077029023,19.42873899561222],[-99.20271012295434,19.429317830421528],[-99.2026951156992,19.42937710524644],[-99.20267488923221,19.429468257751868],[-99.20265524667022,19.42957684639639],[-99.2027053223574,19.429604044375505],[-99.20276851344777,19.429627500458118],[-99.20271549847298,19.429783069739393],[-99.20252572038602,19.43034265689744],[-99.20251852847389,19.43036388740222],[-99.20195308751154,19.43204472275869],[-99.2019158909706,19.43214992025847],[-99.20172849880906,19.433301309932304],[-99.20159905966143,19.4341109674523],[-99.20157369662775,19.434272446272427],[-99.2015978577156,19.434278744703896],[-99.20162222002611,19.434290578299663],[-99.20164172784082,19.43430548274992],[-99.20165826582517,19.43432435177862],[-99.20166946512182,19.43434373670871],[-99.20167726609178,19.434366771081972],[-99.2016800894967,19.43439396825909],[-99.2016771439209,19.43441823266091],[-99.201669009676,19.4344417117679],[-99.20165652489015,19.434462491909812],[-99.20164047019941,19.434480140203625],[-99.20162120672643,19.434494519415008],[-99.20159851528238,19.434505477061055],[-99.20157693685097,19.43451145018493],[-99.2015543478148,19.434513756923856],[-99.20153245407474,19.434512361698356],[-99.20151969620107,19.434593479596494],[-99.20125176378609,19.436051387230403],[-99.20107025289472,19.437190872654977],[-99.20093568257022,19.43811941917636],[-99.20090019642157,19.438356199688773],[-99.20146487920579,19.438377737494367],[-99.20236893921616,19.43841193113742],[-99.20311314222508,19.438450115512712],[-99.2031219475115,19.43845057464691],[-99.20390523891336,19.438492766693777],[-99.20463492335068,19.43852262225972],[-99.20467152610523,19.438524114021387],[-99.20537609993538,19.438557059840004],[-99.20588289528273,19.43857504738],[-99.20600058985627,19.43836318920466],[-99.20610015822406,19.438108957335125],[-99.20620088002865,19.43786137914787],[-99.20663702826876,19.436813206917453],[-99.20676668660535,19.436527308937844],[-99.20688939467651,19.436313588657594],[-99.2070772979794,19.43586186951679],[-99.20727186857839,19.435394147741224],[-99.20744737423203,19.435013911871465],[-99.20757931069615,19.43471122568276],[-99.2076860359418,19.434470743819595],[-99.20777063208878,19.434280147555565],[-99.20806062083885,19.433744570771754],[-99.20828190823269,19.433206724432374],[-99.20841626296153,19.432881543311222],[-99.20848512870951,19.432714853191992],[-99.20852614758205,19.43261037612824]]]}},{"type":"Feature","properties":{"colonia":"Polanco Iii Seccion","alc":"Miguel Hidalgo","cve_alc":"016","cve_col":"016-064","clasif":"Colonia","entidad":"Ciudad de México","cve_ent":"09"},"geometry":{"type":"Polygon","coordinates":[[[-99.20276851344777,19.429627500458118],[-99.2027053223574,19.429604044375505],[-99.20265524667022,19.42957684639639],[-99.20263244653005,19.429564471123715],[-99.20257068106604,19.4295322918524],[-99.20250175782584,19.429500962273657],[-99.20240508562652,19.429462026059387],[-99.20189177749343,19.429261029278855],[-99.2018593339386,19.429247057087597],[-99.20182688140066,19.42923309421394],[-99.20175302551125,19.429192437355045],[-99.20167469601176,19.429150932479548],[-99.20158115444121,19.429102658787805],[-99.20135019309005,19.428983670087096],[-99.20132535646914,19.428973516023646],[-99.20130678380063,19.428966322785087],[-99.2012875454805,19.428961676110355],[-99.20126830716036,19.428960424007336],[-99.20123476316934,19.428962155603145],[-99.20117886100923,19.42896773754287],[-99.20109120430209,19.428978870076893],[-99.20102590756072,19.428989122410563],[-99.2009810079662,19.42885507195285],[-99.20096755030492,19.428821139764494],[-99.20095500084041,19.428802486969712],[-99.20093708214546,19.428781287605844],[-99.20092320137768,19.428769839914295],[-99.20091201555573,19.428763494675405],[-99.20069627885206,19.428657640973185],[-99.20056782874956,19.428595403359232],[-99.20040401287271,19.4285149491824],[-99.20027019353975,19.42844975067875],[-99.19985975957461,19.428240990928018],[-99.19978971254204,19.42820244580161],[-99.19974069417191,19.428173648988317],[-99.19909428984967,19.427765693020174],[-99.19897880423342,19.427697076744305],[-99.19887809500521,19.427643294339095],[-99.1987420020363,19.427571412180246],[-99.19826536223478,19.42733205749328],[-99.19818882397593,19.427292032146838],[-99.19808677446132,19.427241220630542],[-99.19801963168202,19.427203107323347],[-99.19792114758081,19.427138072644244],[-99.19784325645917,19.427087870195127],[-99.19774119436816,19.42702517450769],[-99.19766891053051,19.42698165365926],[-99.19762885195702,19.426960476084115],[-99.19757915715553,19.426769736306674],[-99.19748458611565,19.426602950962224],[-99.19738873856983,19.427241366343647],[-99.19733159763288,19.427544041885714],[-99.19708323232142,19.42917120754439],[-99.19708248132987,19.429175822020994],[-99.19696350755535,19.429909054511636],[-99.196794918031,19.43011426084756],[-99.19663856176422,19.430324242327437],[-99.19648220459914,19.430534232007304],[-99.1964780651623,19.43054027389672],[-99.19619665532315,19.430950883794726],[-99.1959111051488,19.43136753536035],[-99.19584417257529,19.431501081386315],[-99.1957772498833,19.43163463577401],[-99.19572790362808,19.43276311479732],[-99.1956900477237,19.433580276392718],[-99.19567967487713,19.433755486111625],[-99.1956640819204,19.433754856689983],[-99.19564800477178,19.433755924927716],[-99.19563129880245,19.433758916162745],[-99.19561432783009,19.43376406589861],[-99.19559750867305,19.433771527466483],[-99.1955813659474,19.43378136355436],[-99.19556643235411,19.43379348436504],[-99.19555322262782,19.433807662866247],[-99.19554219311281,19.433823539024697],[-99.19553367618559,19.43384065284585],[-99.19552782545817,19.43385845115003],[-99.19552573328185,19.433870361865647],[-99.19552394563446,19.433881324636612],[-99.19552408128003,19.43389400285455],[-99.19552579706222,19.43391084389085],[-99.19552948374817,19.433926581956385],[-99.19553479818136,19.433941011197586],[-99.19554139720543,19.433954103659556],[-99.19554974794434,19.433966843712668],[-99.19556012618082,19.433979257618056],[-99.19557261725484,19.433990967554035],[-99.19558718253884,19.434001530469466],[-99.19560365225131,19.434010503313687],[-99.19562173084638,19.434017462519908],[-99.19564099791253,19.434022074317465],[-99.19564977445289,19.434022957878213],[-99.19563004475428,19.43484868523974],[-99.19558174144318,19.435801658444486],[-99.19558153213572,19.435805784788904],[-99.19552205018914,19.436960181226482],[-99.19546256734432,19.438114587245884],[-99.19591317756218,19.438133739614653],[-99.19635824876805,19.438152666649255],[-99.19727194051484,19.438191398320097],[-99.19803208592512,19.43822645012689],[-99.19878930821748,19.438257949986014],[-99.1995498920056,19.438293004319732],[-99.20030667771672,19.43832806457576],[-99.20090019642157,19.438356199688773],[-99.20093568257022,19.43811941917636],[-99.20107025289472,19.437190872654977],[-99.20125176378609,19.436051387230403],[-99.20151969620107,19.434593479596494],[-99.20153245407474,19.434512361698356],[-99.2015543478148,19.434513756923856],[-99.20157693685097,19.43451145018493],[-99.20159851528238,19.434505477061055],[-99.20162120672643,19.434494519415008],[-99.20164047019941,19.434480140203625],[-99.20165652489015,19.434462491909812],[-99.201669009676,19.4344417117679],[-99.2016771439209,19.43441823266091],[-99.2016800894967,19.43439396825909],[-99.20167726609178,19.434366771081972],[-99.20166946512182,19.43434373670871],[-99.20165826582517,19.43432435177862],[-99.20164172784082,19.43430548274992],[-99.20162222002611,19.434290578299663],[-99.2015978577156,19.434278744703896],[-99.20157369662775,19.434272446272427],[-99.20159905966143,19.4341109674523],[-99.20172849880906,19.433301309932304],[-99.2019158909706,19.43214992025847],[-99.20195308751154,19.43204472275869],[-99.20251852847389,19.43036388740222],[-99.20252572038602,19.43034265689744],[-99.20271549847298,19.429783069739393],[-99.20276851344777,19.429627500458118]]]}},{"type":"Feature","properties":{"colonia":"Polanco Iv Seccion","alc":"Miguel Hidalgo","cve_alc":"016","cve_col":"016-065","clasif":"Colonia","entidad":"Ciudad de México","cve_ent":"09"},"geometry":{"type":"Polygon","coordinates":[[[-99.19748458611565,19.426602950962224],[-99.1970676779923,19.42654764921357],[-99.1960803082225,19.426398636500434],[-99.19548946739548,19.42629585311132],[-99.19411414939044,19.42608968549076],[-99.19324726525984,19.42595518617878],[-99.19232593423982,19.42581285291148],[-99.1920685067238,19.42577531534958],[-99.19202552054081,19.42577016536045],[-99.19198254244267,19.42576500605216],[-99.19189714140522,19.426196161845382],[-99.19188104269706,19.4263048577267],[-99.19187536803939,19.426353313545004],[-99.19187231825899,19.426392711367004],[-99.19186810336369,19.426465159112063],[-99.19186779254659,19.426485747119006],[-99.19186935831014,19.426518589483354],[-99.19187081268255,19.42656881328771],[-99.19188417422413,19.42673478199336],[-99.1918863418589,19.426778577391683],[-99.19188851847679,19.426822362612015],[-99.19188853195156,19.426909384897627],[-99.19188622058635,19.426983746170816],[-99.19188100856101,19.427069116388022],[-99.19187375466511,19.427131352045272],[-99.191866511549,19.42719359615034],[-99.19183055288646,19.42739849076996],[-99.19177370300375,19.427749898444706],[-99.191652731376,19.428449212730317],[-99.19162406883022,19.42868625217227],[-99.19155897600639,19.42910741813065],[-99.19144390541177,19.429811706154858],[-99.1913283667949,19.43051918150075],[-99.19130426140258,19.430682808032447],[-99.19120797997037,19.43133611887939],[-99.19122473355044,19.43133876282838],[-99.19124743757094,19.43134453868333],[-99.19126552425085,19.431351073582626],[-99.19128562944525,19.4313606158566],[-99.19131516066192,19.431379935910115],[-99.191341997831,19.43140510721022],[-99.19135957336958,19.43142799629091],[-99.19137907399774,19.431466199251453],[-99.19138799786175,19.431497857144212],[-99.19139130635692,19.431535664470747],[-99.19138377577995,19.431585990075906],[-99.19136718030336,19.43162572379304],[-99.19134234098742,19.43166078125285],[-99.1913161299441,19.431685589930893],[-99.19127652501987,19.43171030118328],[-99.19123697579114,19.43172472723296],[-99.19119364645172,19.431731379023024],[-99.1911502874679,19.431729389924303],[-99.1910365948889,19.432639487291524],[-99.19094168428592,19.433566965339466],[-99.19086540653849,19.434266840795367],[-99.190864037506,19.434279455448202],[-99.19079512594395,19.43484132537686],[-99.19071576068689,19.435592527784003],[-99.1904758871498,19.437763599294218],[-99.19044184639041,19.43789388799036],[-99.1912942622551,19.437944739376714],[-99.191331330337,19.437945926182756],[-99.19162156612387,19.437955169885274],[-99.19214942606628,19.43797525155621],[-99.19299152028833,19.43800984258012],[-99.19374151563417,19.438039062052997],[-99.1937441908171,19.438039178954615],[-99.19470074747439,19.43807931685978],[-99.1949675569952,19.438089841389303],[-99.19546256734432,19.438114587245884],[-99.19552205018914,19.436960181226482],[-99.19558153213572,19.435805784788904],[-99.19558174144318,19.435801658444486],[-99.19563004475428,19.43484868523974],[-99.19564977445289,19.434022957878213],[-99.19564099791253,19.434022074317465],[-99.19562173084638,19.434017462519908],[-99.19560365225131,19.434010503313687],[-99.19558718253884,19.434001530469466],[-99.19557261725484,19.433990967554035],[-99.19556012618082,19.433979257618056],[-99.19554974794434,19.433966843712668],[-99.19554139720543,19.433954103659556],[-99.19553479818136,19.433941011197586],[-99.19552948374817,19.433926581956385],[-99.19552579706222,19.43391084389085],[-99.19552408128003,19.43389400285455],[-99.19552394563446,19.433881324636612],[-99.19552573328185,19.433870361865647],[-99.19552782545817,19.43385845115003],[-99.19553367618559,19.43384065284585],[-99.19554219311281,19.433823539024697],[-99.19555322262782,19.433807662866247],[-99.19556643235411,19.43379348436504],[-99.1955813659474,19.43378136355436],[-99.19559750867305,19.433771527466483],[-99.19561432783009,19.43376406589861],[-99.19563129880245,19.433758916162745],[-99.19564800477178,19.433755924927716],[-99.1956640819204,19.433754856689983],[-99.19567967487713,19.433755486111625],[-99.1956900477237,19.433580276392718],[-99.19572790362808,19.43276311479732],[-99.1957772498833,19.43163463577401],[-99.19584417257529,19.431501081386315],[-99.1959111051488,19.43136753536035],[-99.19619665532315,19.430950883794726],[-99.1964780651623,19.43054027389672],[-99.19648220459914,19.430534232007304],[-99.19663856176422,19.430324242327437],[-99.196794918031,19.43011426084756],[-99.19696350755535,19.429909054511636],[-99.19708248132987,19.429175822020994],[-99.19708323232142,19.42917120754439],[-99.19733159763288,19.427544041885714],[-99.19738873856983,19.427241366343647],[-99.19748458611565,19.426602950962224]]]}},{"type":"Feature","properties":{"colonia":"Polanco V Seccion","alc":"Miguel Hidalgo","cve_alc":"016","cve_col":"016-066","clasif":"Colonia","entidad":"Ciudad de México","cve_ent":"09"},"geometry":{"type":"Polygon","coordinates":[[[-99.19198254244267,19.42576500605216],[-99.19186040570004,19.42580227167273],[-99.19172300119077,19.42584497531164],[-99.1916161313164,19.42587768734015],[-99.19151689532524,19.42591220469492],[-99.19144056906886,19.425939458354147],[-99.19107993141483,19.426093792596944],[-99.1908652619097,19.426187741774687],[-99.19065060138774,19.42628169936979],[-99.19047313740677,19.426356147342062],[-99.19013778822637,19.42650682902543],[-99.1896588146017,19.426686639742556],[-99.1893172365031,19.426817399880996],[-99.18879440532966,19.427042535571626],[-99.18870995111651,19.42707959588393],[-99.1883734943134,19.42722625538298],[-99.18795560882299,19.42740962171713],[-99.18732477140631,19.427680917880398],[-99.1855567647563,19.42845279029985],[-99.1849013718913,19.428736551551133],[-99.18424286456724,19.429031208479223],[-99.18365387606632,19.429276409446736],[-99.18292799509597,19.429622159980838],[-99.18279482344835,19.429689147208542],[-99.18280631469746,19.429708795310333],[-99.18281579731361,19.429729861549653],[-99.18282300539545,19.429752065517008],[-99.18282771975407,19.429775064113915],[-99.18282982540507,19.429798469342487],[-99.18282929450072,19.42982190252373],[-99.18282616566862,19.42984493753842],[-99.18282058892734,19.42986722451138],[-99.18281276729614,19.42988843644083],[-99.18279960428228,19.429909558569097],[-99.18278311031534,19.42992948027541],[-99.18276348392304,19.429947532307764],[-99.18274111587243,19.42996308438315],[-99.18271656850902,19.42997560194747],[-99.18269056407813,19.42998473343208],[-99.18266386345299,19.429990306865168],[-99.18263724906603,19.4299923679933],[-99.18261142429827,19.429991142160034],[-99.18258731261768,19.429986557356987],[-99.1825633249047,19.429979082907803],[-99.18254004057253,19.429968673065687],[-99.18251805071264,19.429955437113236],[-99.18249789790761,19.429939636820606],[-99.18248005736605,19.429921632228133],[-99.18246490188888,19.42990189435353],[-99.18245263898692,19.429880955209928],[-99.18244336567828,19.429859356129228],[-99.1824584079677,19.429682729150024],[-99.18239248510058,19.42963570686704],[-99.18232703744223,19.429581885287227],[-99.18222290383616,19.429501391782594],[-99.18203180702243,19.429338571402667],[-99.18192670143922,19.42924993319204],[-99.18189039333207,19.429214647326102],[-99.1818698407767,19.429192480560157],[-99.18183734871285,19.429154476147307],[-99.181811064906,19.429122358637326],[-99.18177329883314,19.429073491925248],[-99.18174715696001,19.42903713012772],[-99.18171880612965,19.428995666723324],[-99.18169537716875,19.428958556018667],[-99.18168150538412,19.428932306751154],[-99.18161358646044,19.428797441277435],[-99.18155474950424,19.428679777314237],[-99.18146578035855,19.42850553381559],[-99.18139953769119,19.42837972416481],[-99.18138710410932,19.428359127926246],[-99.18137443337221,19.428340581820954],[-99.18135723063452,19.42831886647414],[-99.18133309829275,19.428291714873797],[-99.18130681448585,19.428266839598564],[-99.18125379142623,19.428222515971125],[-99.18122034984312,19.428199004619962],[-99.1811678702642,19.428166149040752],[-99.1811296119146,19.4281443082902],[-99.18108424429778,19.428122621720636],[-99.18105177379357,19.428108618933614],[-99.18101357383442,19.428095293877234],[-99.18097234745103,19.428083747866214],[-99.18093159717483,19.428074242674903],[-99.18086129052908,19.428061940144005],[-99.18081402926367,19.4280574560991],[-99.18074243892544,19.428054363946472],[-99.18069710095307,19.428056219238062],[-99.18063266928928,19.42806261702885],[-99.18057254953892,19.42807309646055],[-99.18055734824767,19.428076104743567],[-99.1805243468391,19.42808265417622],[-99.18048188527226,19.42809310480307],[-99.18043679613316,19.42810673399176],[-99.18040578449298,19.428119441464123],[-99.1803721560603,19.428136230574996],[-99.18034568630215,19.428150752671637],[-99.18031181981593,19.428173194908158],[-99.18027843931829,19.428197451767673],[-99.180253168811,19.428217400793258],[-99.18020739695233,19.428259104990936],[-99.1801904735907,19.4282779154206],[-99.18017187576935,19.428298758194174],[-99.18015448708039,19.428320964051565],[-99.1800995029985,19.428391681029005],[-99.18008439872536,19.42841368863745],[-99.18006894141422,19.42843751933802],[-99.1800603283673,19.428453024964075],[-99.18003450809108,19.428506203921323],[-99.18000991671018,19.428558877105214],[-99.1799740847101,19.42863555291738],[-99.18023916497404,19.429463362874408],[-99.18045263163502,19.429995616832848],[-99.1805558929769,19.430226612964553],[-99.18072118209085,19.430596403647836],[-99.18075252431116,19.43066652747568],[-99.18080392770831,19.430792473440896],[-99.18091767418623,19.43106466277973],[-99.18100667836627,19.43131158885986],[-99.18116193779008,19.43159354577718],[-99.18140442272967,19.43221541801265],[-99.1817279940984,19.432957589352366],[-99.18197746164267,19.433590070982458],[-99.18228731214374,19.434339828040102],[-99.18257238890591,19.43501390594146],[-99.18267704982298,19.435279286619117],[-99.18298419190349,19.436007045396273],[-99.18303139926998,19.43612117070082],[-99.18336757939204,19.43695555087573],[-99.18339344099073,19.43702391418726],[-99.18340884799618,19.437074787871236],[-99.18342865494985,19.437139232365926],[-99.18344956593305,19.437210720616058],[-99.1834644339493,19.43728481880225],[-99.18348835967862,19.43741746625433],[-99.18363193651217,19.437479777574993],[-99.18383989021221,19.43752731856296],[-99.18392427076348,19.437540449703096],[-99.18402572828833,19.437549072493],[-99.18441949850491,19.437585922017437],[-99.18499511648109,19.43762475632432],[-99.18551609083687,19.43764661951922],[-99.18581910246363,19.437660638426273],[-99.18612350288589,19.43767471070026],[-99.18677777734831,19.43770095262493],[-99.18718300737301,19.437720475231536],[-99.1875191084433,19.437735724989757],[-99.18795494317135,19.437754637669876],[-99.18829128139689,19.437769172460214],[-99.18874251145235,19.437803630531203],[-99.18902633326799,19.437828346782325],[-99.18903380545456,19.437828661908757],[-99.18935638867644,19.43784447922331],[-99.18970719786287,19.437861537558142],[-99.1900599285457,19.437877060073834],[-99.19044184639041,19.43789388799036],[-99.1904758871498,19.437763599294218],[-99.19071576068689,19.435592527784003],[-99.19079512594395,19.43484132537686],[-99.190864037506,19.434279455448202],[-99.19086540653849,19.434266840795367],[-99.19094168428592,19.433566965339466],[-99.1910365948889,19.432639487291524],[-99.1911502874679,19.431729389924303],[-99.19119364645172,19.431731379023024],[-99.19123697579114,19.43172472723296],[-99.19127652501987,19.43171030118328],[-99.1913161299441,19.431685589930893],[-99.19134234098742,19.43166078125285],[-99.19136718030336,19.43162572379304],[-99.19138377577995,19.431585990075906],[-99.19139130635692,19.431535664470747],[-99.19138799786175,19.431497857144212],[-99.19137907399774,19.431466199251453],[-99.19135957336958,19.43142799629091],[-99.191341997831,19.43140510721022],[-99.19131516066192,19.431379935910115],[-99.19128562944525,19.4313606158566],[-99.19126552425085,19.431351073582626],[-99.19124743757094,19.43134453868333],[-99.19122473355044,19.43133876282838],[-99.19120797997037,19.43133611887939],[-99.19130426140258,19.430682808032447],[-99.1913283667949,19.43051918150075],[-99.19144390541177,19.429811706154858],[-99.19155897600639,19.42910741813065],[-99.19162406883022,19.42868625217227],[-99.191652731376,19.428449212730317],[-99.19177370300375,19.427749898444706],[-99.19183055288646,19.42739849076996],[-99.191866511549,19.42719359615034],[-99.19187375466511,19.427131352045272],[-99.19188100856101,19.427069116388022],[-99.19188622058635,19.426983746170816],[-99.19188853195156,19.426909384897627],[-99.19188851847679,19.426822362612015],[-99.1918863418589,19.426778577391683],[-99.19188417422413,19.42673478199336],[-99.19187081268255,19.42656881328771],[-99.19186935831014,19.426518589483354],[-99.19186779254659,19.426485747119006],[-99.19186810336369,19.426465159112063],[-99.19187231825899,19.426392711367004],[-99.19187536803939,19.426353313545004],[-99.19188104269706,19.4263048577267],[-99.19189714140522,19.426196161845382],[-99.19198254244267,19.42576500605216]]]}},{"type":"Feature","properties":{"colonia":"Popo","alc":"Miguel Hidalgo","cve_alc":"016","cve_col":"016-067","clasif":"Colonia","entidad":"Ciudad de México","cve_ent":"09"},"geometry":{"type":"Polygon","coordinates":[[[-99.20224225160825,19.44563309952758],[-99.20172702826697,19.44539526993955],[-99.20049447951001,19.44485637963246],[-99.2002483545969,19.444753538465925],[-99.19977513737655,19.44455982516406],[-99.19944907857285,19.444418538252535],[-99.19913350221012,19.44428321805276],[-99.19912365757295,19.44427900298034],[-99.19878107425957,19.444140165583157],[-99.19844185962852,19.443998093908363],[-99.19829203770713,19.44393978670617],[-99.19819369284471,19.44390570604246],[-99.19809535786385,19.443871617747764],[-99.19797025218915,19.443831582077568],[-99.1977813131287,19.443771610297325],[-99.19776967545423,19.443849829934553],[-99.19775277185552,19.44396355583237],[-99.19766024448296,19.444591278051988],[-99.19753880034139,19.445394726964643],[-99.19750990333532,19.445570454201263],[-99.19793044424566,19.44574679114001],[-99.19830832416321,19.445907512963],[-99.19830871493039,19.445907684071585],[-99.19868619599588,19.446068242250547],[-99.19897248189041,19.44619757302083],[-99.1993053373476,19.446412208676126],[-99.19942380896386,19.44649384496379],[-99.19954227069871,19.4465754905282],[-99.19959056233179,19.44661043633515],[-99.19961866882038,19.44663162490056],[-99.19966389630001,19.44667035539527],[-99.19976529184106,19.44676623414658],[-99.19986669816188,19.446862105217793],[-99.19998707869816,19.446969187156952],[-99.20002934533058,19.447006797749516],[-99.20010052603713,19.44705900497492],[-99.20040890509769,19.44725472537869],[-99.20047780049012,19.447299528331726],[-99.20053821129464,19.447334291016812],[-99.20060133411306,19.447366245676072],[-99.20070639567876,19.447413696520762],[-99.2009332732886,19.447503564916445],[-99.20120380093647,19.447597821896665],[-99.20147431870276,19.447692088139842],[-99.2018254494861,19.446753062246557],[-99.20216210481692,19.44585368915339],[-99.20224225160825,19.44563309952758]]]}},{"type":"Feature","properties":{"colonia":"Popotla","alc":"Miguel Hidalgo","cve_alc":"016","cve_col":"016-068","clasif":"Colonia","entidad":"Ciudad de México","cve_ent":"09"},"geometry":{"type":"Polygon","coordinates":[[[-99.18479976794107,19.45180742976788],[-99.18410755313256,19.4516658450787],[-99.18342636334759,19.451517095978954],[-99.18305271000348,19.451435491017975],[-99.18304155202932,19.451433062545394],[-99.18266810799267,19.451347293475983],[-99.18205369627097,19.451209495520327],[-99.1818838634783,19.451169516718362],[-99.18183957473813,19.451159099764624],[-99.18175633864057,19.451139502540475],[-99.1815222538472,19.451086597815944],[-99.18128347625475,19.451032680855153],[-99.18060129203475,19.45088523986096],[-99.17983472187356,19.45071775591104],[-99.17910190231594,19.450558455963318],[-99.17842646264704,19.45040689788251],[-99.17757939355494,19.45021315067098],[-99.17657239739285,19.449981256303637],[-99.17549946758379,19.449732410400948],[-99.17496153393374,19.449612960775983],[-99.17442505645283,19.44949357289818],[-99.17337433389588,19.4492495087174],[-99.17150066470722,19.448822109847782],[-99.17155672137757,19.448906321668424],[-99.17172354750899,19.449157222099494],[-99.1725862562702,19.45044243410405],[-99.17295939667628,19.451006546966674],[-99.1730171960783,19.451084446321804],[-99.17304684317762,19.451124384486494],[-99.17307648129378,19.451164331958903],[-99.17313958345093,19.45124227613156],[-99.17323806306058,19.451338413917853],[-99.17341858850007,19.451470569611043],[-99.17362637152024,19.4516145075538],[-99.1740636911635,19.451906978252072],[-99.17474748875773,19.452371808936462],[-99.17509926093815,19.452605568450583],[-99.17613238370203,19.453310510931995],[-99.17679043917352,19.453759090694295],[-99.176707317162,19.453894092131307],[-99.17602087762245,19.454883662736396],[-99.17602048685528,19.454884186198054],[-99.17586887818479,19.455092198492277],[-99.1757506257574,19.455249496707328],[-99.17535794070572,19.45579669225778],[-99.17486446108582,19.4565308556486],[-99.17435673418558,19.457257740724092],[-99.17388496055791,19.457961767698386],[-99.17575664087656,19.45830378196609],[-99.17591932846943,19.458337907037837],[-99.17682225660259,19.458535450990333],[-99.17800717039496,19.45878841761893],[-99.1781246646442,19.45881058711911],[-99.17847964201356,19.45886988251289],[-99.17883462926439,19.458929167721042],[-99.18108952639167,19.45929727862537],[-99.18312848649094,19.45965178248316],[-99.18409827982391,19.45980590511018],[-99.18412039814284,19.45973946138076],[-99.18427909991081,19.459319564095203],[-99.18421632833369,19.45929820524564],[-99.18380180703404,19.45915719797497],[-99.18389440806848,19.458744404706454],[-99.18398256513723,19.458351477784785],[-99.18410253604176,19.458380660561517],[-99.18419884801663,19.45787156290435],[-99.18423635986626,19.45787965946801],[-99.18428309022732,19.457651197983367],[-99.18424513191499,19.45764437531238],[-99.18430672220748,19.457317215405343],[-99.18437332689592,19.456962694586064],[-99.18438515052166,19.456866010420473],[-99.18442064026361,19.456575975365148],[-99.18446555872279,19.45632272661686],[-99.18450849639669,19.455979658714416],[-99.1845134344358,19.455951385204564],[-99.18452332129388,19.455906957329457],[-99.18453979639618,19.455864189601417],[-99.18455634875359,19.455838380899987],[-99.18457724266878,19.455802809438687],[-99.18458773049971,19.455775647188844],[-99.1846832717201,19.455374655349235],[-99.18472125069367,19.45522567587195],[-99.18469504953178,19.455216711823837],[-99.18467703561537,19.455206464534616],[-99.1846600691346,19.455193047682936],[-99.18464013102691,19.455171206333446],[-99.18462411586198,19.455146899294817],[-99.18461121246125,19.45512031629951],[-99.18460226074943,19.455095557789566],[-99.18459573628552,19.455071376099266],[-99.18459014517123,19.455041288952103],[-99.18458756251474,19.45501910284323],[-99.18458630397504,19.45500054623145],[-99.18458581618988,19.454977168353345],[-99.18458634619587,19.45495617315249],[-99.18458771522839,19.45493578357165],[-99.18458987388001,19.4549156192969],[-99.18460192028795,19.45485192131403],[-99.18460225266465,19.45485013324373],[-99.18461111274823,19.454818925440847],[-99.18462403770857,19.454782533835022],[-99.18463606794688,19.454754494742676],[-99.18465221067252,19.45472274397775],[-99.18467048689698,19.454692555122758],[-99.1847041072448,19.45464845809012],[-99.18473211312207,19.454620336813093],[-99.18476036693438,19.4545984454119],[-99.1847840896444,19.454584563492215],[-99.18480245390381,19.454576516738587],[-99.1848195704032,19.454571087297225],[-99.18483315562527,19.454568223499646],[-99.18484632223237,19.454566696310415],[-99.18486617230523,19.454566793718488],[-99.18488344241653,19.45456939239662],[-99.18496016033846,19.45426365949403],[-99.18504066645586,19.453944786885927],[-99.18489472705315,19.453915661756024],[-99.18474728387058,19.4538875666099],[-99.18444203004883,19.453829606855848],[-99.18461519289625,19.45286613376732],[-99.18463257529702,19.452765159462825],[-99.18468497941745,19.452465000056193],[-99.18471616712748,19.452286294475083],[-99.18479976794107,19.45180742976788]]]}},{"type":"Feature","properties":{"colonia":"Real De Las Lomas","alc":"Miguel Hidalgo","cve_alc":"016","cve_col":"016-069","clasif":"Colonia","entidad":"Ciudad de México","cve_ent":"09"},"geometry":{"type":"Polygon","coordinates":[[[-99.24293784649208,19.39506664432638],[-99.24292859384465,19.395062385610416],[-99.24277970976446,19.394993847044788],[-99.24271681871137,19.394964896065378],[-99.24269472464694,19.394954728861812],[-99.24269163174748,19.39495331211331],[-99.24262092535147,19.39492076163578],[-99.24259417711552,19.394908455748826],[-99.24256464949217,19.394894932236316],[-99.24255573101799,19.394890836204745],[-99.24249897006848,19.394864835638224],[-99.24246048534341,19.39484720676864],[-99.24231766848455,19.3947909824826],[-99.24220614982858,19.394747458937115],[-99.2421633639699,19.39473058164441],[-99.24212842040365,19.39471608537218],[-99.24207189930432,19.3946926488253],[-99.24204475221643,19.39468139955287],[-99.24198375660863,19.394656095465535],[-99.2418765857986,19.394611052604418],[-99.24178800831835,19.394579041813852],[-99.24172662374004,19.394556872020072],[-99.24171266032724,19.394551829501722],[-99.24169756593555,19.39459200102445],[-99.24166677887413,19.39467395228996],[-99.24166529575558,19.394677907668626],[-99.24163463176336,19.3947595335129],[-99.24153171267955,19.394728440419303],[-99.24146791792133,19.394910302945267],[-99.24141054881235,19.3950738602483],[-99.24139595029067,19.395115476351393],[-99.24132245103243,19.395093382891126],[-99.24126667643304,19.39528932010587],[-99.24121283321155,19.395275562760357],[-99.2411894913872,19.3954907206997],[-99.24117136158816,19.39565793620738],[-99.241170905244,19.395660356193122],[-99.24114495920367,19.395799798488436],[-99.24112524028484,19.395905782890818],[-99.24111834122347,19.395927827942838],[-99.24108412080102,19.396037276154935],[-99.24107556794122,19.396064622097143],[-99.24102490834908,19.396041210317165],[-99.24098111637731,19.3961775264813],[-99.24093038851319,19.396150574567223],[-99.24076626810744,19.396063402786634],[-99.24077189425601,19.396045864711457],[-99.24059286900307,19.395912338703344],[-99.240585919636,19.395907148791018],[-99.2403505834895,19.39573216179621],[-99.24028996337746,19.395632106924822],[-99.24034397817724,19.395583259802773],[-99.24031498505141,19.395551757603982],[-99.2402938566759,19.395528793143004],[-99.24029380008204,19.395528838899022],[-99.24023356804227,19.395571710635476],[-99.2400956461034,19.395436813250043],[-99.24015052238752,19.39539881026685],[-99.2401503508093,19.395397501133786],[-99.24014187161131,19.39533590238816],[-99.2401414997088,19.395333157020723],[-99.2400382392652,19.395349569911094],[-99.24002085327118,19.395352331377495],[-99.24001980224229,19.3953426700575],[-99.23995659588057,19.39535263726565],[-99.23994696953405,19.395406712515562],[-99.23983854108259,19.395315399406844],[-99.23982620272213,19.395304550967253],[-99.23982287087075,19.395301625964162],[-99.23977556289297,19.39526004380196],[-99.23972607470397,19.39521655766471],[-99.23972036231709,19.395211538892152],[-99.23967635834285,19.39517286307104],[-99.2396684944909,19.395165949652668],[-99.23966838040485,19.39516585051432],[-99.2396625817797,19.395160750395796],[-99.23965987874897,19.395158367685532],[-99.23965931640363,19.395157880466947],[-99.23961988215927,19.39512323033001],[-99.23959347258823,19.39510000652337],[-99.2395388622055,19.39505201589943],[-99.23953295039259,19.395046816638946],[-99.23952467690881,19.395039550722984],[-99.23948339572827,19.395003266894403],[-99.2394829860965,19.395002905928685],[-99.23947784503817,19.39499839300985],[-99.23936368713184,19.39490503250388],[-99.23931100902523,19.394963215794956],[-99.23925784582842,19.395021949834575],[-99.23915242044501,19.395135137105267],[-99.23866957957301,19.395604038981144],[-99.23840296947816,19.39587624487189],[-99.23823071033596,19.396064957640537],[-99.23814135581293,19.396152520887306],[-99.238047719021,19.396238062355486],[-99.2379919614896,19.396286936395562],[-99.23793477833188,19.396341246892884],[-99.23785686385405,19.396407097160136],[-99.23778466176304,19.396458018298244],[-99.23771424642119,19.39650316825903],[-99.23736000477204,19.396716712109445],[-99.23722345276403,19.39679751078621],[-99.23707475373676,19.396895281393533],[-99.2367780644529,19.397077250803118],[-99.23627548489922,19.397393646465957],[-99.23599378310762,19.397576294872046],[-99.23593805072908,19.39761837805804],[-99.23590373598351,19.397648243674865],[-99.2358644257067,19.397682870396494],[-99.23575505043095,19.39777994820898],[-99.23563463126709,19.39789288699072],[-99.23496914044004,19.398611815498718],[-99.23395277215454,19.399622748130998],[-99.23394016789273,19.399635620514104],[-99.2341273076277,19.399786983631312],[-99.2344642090969,19.399984082789686],[-99.23454138156634,19.40002543835982],[-99.23458785411094,19.400049928193567],[-99.23463548368564,19.400064186743545],[-99.23471147397214,19.4000771709368],[-99.23484220489712,19.400085465263263],[-99.2349003735067,19.400085073805606],[-99.23498934444906,19.400074348544113],[-99.23506035896722,19.400067585307998],[-99.23513957061235,19.400045920412133],[-99.2352469965439,19.399993695537347],[-99.23551192499257,19.399856637782857],[-99.23554235721944,19.3998489060599],[-99.23561551332125,19.399844155180798],[-99.23566417236525,19.399839676288785],[-99.23569070590378,19.399838907776587],[-99.23576357184972,19.39984695300548],[-99.2358242117247,19.39986218174569],[-99.23587470782343,19.39987989734494],[-99.23592990839933,19.399905991161848],[-99.23602156171111,19.399958212675525],[-99.23609760499824,19.40000650264803],[-99.23615699172336,19.400051847353122],[-99.23620544145992,19.400091289678194],[-99.23626172001416,19.400144535530906],[-99.23630240381503,19.400208669303062],[-99.23634556516947,19.400390535024705],[-99.23640287229473,19.40078105009021],[-99.23643876538024,19.401303853929978],[-99.23643462684169,19.401330313554],[-99.23642218158173,19.40136045132151],[-99.23640688057753,19.401389352866648],[-99.2363245409986,19.401487224085844],[-99.2362741275448,19.401530001048954],[-99.2362258116573,19.40158240166968],[-99.23618319108864,19.40162096751244],[-99.23615203032804,19.40166347415087],[-99.23614609695562,19.40169779922555],[-99.23615761425586,19.40174568112944],[-99.23616559129559,19.401771656872064],[-99.23623379139192,19.40183895891144],[-99.23630670315198,19.40188380065593],[-99.2363790858043,19.40191629042947],[-99.23646810345909,19.401945305414348],[-99.23652954822454,19.40197139635801],[-99.2365956920772,19.402012782773227],[-99.23663489904777,19.402048409227998],[-99.23666031418378,19.402079850857973],[-99.23668170756231,19.402122780179283],[-99.2366914066724,19.402169424899945],[-99.23684375285974,19.40291149535344],[-99.23687484534835,19.403089157163855],[-99.23689239842899,19.4033411857853],[-99.23689105185439,19.40339600738786],[-99.23688969539833,19.403450828971852],[-99.23688913664625,19.40348082654312],[-99.23688856980927,19.403510833429113],[-99.23686406017508,19.40375161783566],[-99.23684842679418,19.403804657445757],[-99.23680259744334,19.403863505219938],[-99.23670462807674,19.403934093882352],[-99.23645300008418,19.404094400383052],[-99.2363784497971,19.40418238041145],[-99.23630706337643,19.404280085576225],[-99.23627415449431,19.404330430635703],[-99.23624944543411,19.404392539433015],[-99.23619598579324,19.404549708823048],[-99.2361409549989,19.404679742851474],[-99.23626118551655,19.40478755076065],[-99.23639762433682,19.404646405495495],[-99.23649317454037,19.404544754732118],[-99.2365216008292,19.404518340537273],[-99.23659417572101,19.40446233565154],[-99.23661262442198,19.404449415354943],[-99.23664891456283,19.404429021127772],[-99.23669398124399,19.404410058815348],[-99.23676627316648,19.40438333872744],[-99.23685731292896,19.404352872771934],[-99.23693625867278,19.40432816329099],[-99.23702035266143,19.40430344279136],[-99.23706632394611,19.4042850489953],[-99.23709899028316,19.404269252138192],[-99.23712318730364,19.404256330131677],[-99.23715221636203,19.404236226500537],[-99.23717459339574,19.40421870879403],[-99.23719696953118,19.404198600074512],[-99.23721813563591,19.404175348755413],[-99.23724050907634,19.40414950472648],[-99.23725563221414,19.404125668770323],[-99.23727225374186,19.40409236942883],[-99.23728373690612,19.40406050708475],[-99.2372927901276,19.40402174694343],[-99.23730093335564,19.403967500862148],[-99.2373187361679,19.40384750327742],[-99.23736067761024,19.40360092353166],[-99.23738451889784,19.403470593782824],[-99.23739576041532,19.403429575463953],[-99.23740294603925,19.40340830670186],[-99.23741186451343,19.403387344657446],[-99.23742500596771,19.40336064727844],[-99.23743831091542,19.403338825224473],[-99.23746370898344,19.40330723810323],[-99.23748638874939,19.4032842654166],[-99.2375139014516,19.403259865035697],[-99.23753840210264,19.403243203838734],[-99.23755321622002,19.403234873239533],[-99.23760281849503,19.403208160584185],[-99.23782935115182,19.40310215128315],[-99.23787864979627,19.403077163699248],[-99.2379116179672,19.403056481219664],[-99.23795758026874,19.40301944084921],[-99.2380023325396,19.402979230736776],[-99.23803378345599,19.402949365251143],[-99.23824061516028,19.402756973030854],[-99.2383809239228,19.40261568874148],[-99.23848553633088,19.402504849454125],[-99.2385442053021,19.40244857019772],[-99.23860044612707,19.402390854750255],[-99.23864580026913,19.402337442714835],[-99.23866786738414,19.402306154495886],[-99.23870021302257,19.402256196873118],[-99.23872076288298,19.40221628482152],[-99.23874373370307,19.4021657628693],[-99.2387821088337,19.40206011468616],[-99.23880717901667,19.401976857213317],[-99.23887499643077,19.401756191913396],[-99.23890105925207,19.401680763360925],[-99.23891688756737,19.401639056580827],[-99.2389307413857,19.40161026353466],[-99.23896279058008,19.40155542099509],[-99.23900360104344,19.401492835777315],[-99.23906164029566,19.401413592540354],[-99.23908523274999,19.401390331502842],[-99.23910881532282,19.401367069614682],[-99.23913481616039,19.401344954126035],[-99.23916324424589,19.401323415648704],[-99.23919983622066,19.401298432875432],[-99.23925457416418,19.401265975176134],[-99.23928664042653,19.401251604887175],[-99.2393459220488,19.401226902560698],[-99.23942818616922,19.401200456476797],[-99.23950410548882,19.40117947720182],[-99.23964505924174,19.401146695808105],[-99.23986103040575,19.4010983892278],[-99.24004372348,19.401057554176102],[-99.2403655602019,19.400981076334674],[-99.24044661788496,19.400958648984826],[-99.24048593624663,19.400945142073862],[-99.24051951617022,19.4009319266353],[-99.24058362983041,19.400900900811006],[-99.24063957600796,19.400869020048297],[-99.24066785227816,19.40084934134667],[-99.24069280657844,19.40082880601522],[-99.24071547736125,19.400809572144876],[-99.24076023771696,19.400769361486123],[-99.24078744319532,19.400739786221397],[-99.24082433251243,19.400699010391257],[-99.24086847572553,19.40064158833893],[-99.24090958981945,19.40057899429658],[-99.24094706393984,19.400506648554696],[-99.24101174982681,19.40039697118609],[-99.24120757806713,19.40002705926617],[-99.24133606949214,19.39979750132039],[-99.24142675262348,19.399660831469898],[-99.24158154043177,19.39943458515891],[-99.2416377695786,19.39935705757896],[-99.24169097140303,19.39927666857893],[-99.2417271160168,19.399209895051715],[-99.24177421289048,19.39910068537473],[-99.24184441443333,19.398942369384585],[-99.24193948852974,19.398710422166157],[-99.24197865507614,19.39861463452747],[-99.24204512771222,19.398462478923385],[-99.24210738904621,19.398339599779497],[-99.2421593736534,19.398240836132917],[-99.24216601040675,19.398228155133978],[-99.24222858704941,19.398108482076548],[-99.24230324962595,19.397988180218164],[-99.24235403498224,19.39791237963901],[-99.24240905679338,19.39783772375739],[-99.2424906858049,19.397738378542673],[-99.24257594760346,19.39763271053832],[-99.24262492375276,19.397575277236044],[-99.24270534902188,19.397487986745947],[-99.24277249000451,19.39742363837538],[-99.2427699801116,19.39730474172351],[-99.24276837931376,19.397177808097748],[-99.24276767772955,19.39712175916604],[-99.24276866587633,19.39701646866904],[-99.24276877457247,19.397005470365965],[-99.24277045801533,19.39683855958622],[-99.24277068708572,19.396819559954086],[-99.24277371261158,19.396735670234477],[-99.24277659710197,19.396655772237473],[-99.24277918155505,19.39658434410329],[-99.24273509852912,19.396583179025715],[-99.24267607382502,19.39658161485615],[-99.24268213655492,19.39648071995598],[-99.24268637121315,19.39643847633049],[-99.2426864852992,19.396437365481034],[-99.2424946886978,19.396432758548414],[-99.24238707681496,19.39644394669207],[-99.2423380027493,19.396434566750376],[-99.2422652490928,19.39642065444025],[-99.24228238715177,19.396169414979276],[-99.24234434036367,19.396102206343098],[-99.24224885573715,19.3960374464686],[-99.242274729014,19.39600900068482],[-99.24230815442742,19.395973119555176],[-99.2423971792687,19.395877563321775],[-99.24247399959849,19.395795105957102],[-99.24250465640425,19.395761311762598],[-99.24254369359319,19.395718276540723],[-99.24262089660537,19.39563933214237],[-99.24262794209213,19.39564702254581],[-99.2426330885404,19.39564117763584],[-99.24269744564396,19.395568071334214],[-99.24274726171807,19.395496027557563],[-99.24274945809891,19.395491791730944],[-99.2427798085791,19.39543338154291],[-99.24276788164711,19.3954279865602],[-99.24281089298286,19.395336549752447],[-99.24285322070078,19.395246566074864],[-99.24288367269061,19.395181808401844],[-99.24290935282957,19.395127228912035],[-99.24291969693007,19.395105227812937],[-99.24293784649208,19.39506664432638]]]}},{"type":"Feature","properties":{"colonia":"Reforma Pensil","alc":"Miguel Hidalgo","cve_alc":"016","cve_col":"016-070","clasif":"Colonia","entidad":"Ciudad de México","cve_ent":"09"},"geometry":{"type":"Polygon","coordinates":[[[-99.1954060255837,19.44715202803884],[-99.19514537491243,19.447116788416793],[-99.1945725138659,19.447040041707808],[-99.19400622219898,19.446965459217463],[-99.1939939610937,19.446963871814948],[-99.19342918398631,19.44689103001195],[-99.19288824547169,19.446820828484746],[-99.19234633587818,19.4467504905494],[-99.19154192238904,19.446646586665505],[-99.19138858625827,19.44746701157472],[-99.19122005871769,19.44837366551728],[-99.19121269522734,19.448408793054647],[-99.19107488917116,19.449139865094224],[-99.19100812907419,19.4494849524369],[-99.1909694628894,19.449643812124258],[-99.19093078772147,19.44980266233861],[-99.19085535079721,19.450120371618187],[-99.190785931687,19.45038813660441],[-99.19060851621498,19.45104105897927],[-99.19065751841542,19.451058389522732],[-99.19073514902566,19.451081577380517],[-99.19080050685248,19.451099700753655],[-99.19083396191029,19.451107064961672],[-99.19120018079713,19.451172672806283],[-99.19171116768356,19.45126668540043],[-99.19173681458491,19.451269833862984],[-99.19177449621611,19.451272121728735],[-99.19180437957236,19.451272930655723],[-99.19188727161519,19.451278635496784],[-99.19195052468929,19.45128542624798],[-99.191992099619,19.451290522064028],[-99.1920643978297,19.451304915032924],[-99.19213670502356,19.451319297836132],[-99.19215704018661,19.451323350093222],[-99.19218188848569,19.45132932429238],[-99.19219116179434,19.451332094972265],[-99.19220042522157,19.451334874969454],[-99.19234369123805,19.45137896612655],[-99.19241195421645,19.451403436361936],[-99.19243226153179,19.451411659457982],[-99.19245255986394,19.45141989187112],[-99.19255652638333,19.451462931824743],[-99.19261095620469,19.451484866848222],[-99.19308755917534,19.451646235210003],[-99.19308924441485,19.45164681289266],[-99.1932543224247,19.451701627513536],[-99.19325728327189,19.45170257535328],[-99.19383877443335,19.451887142252666],[-99.19390481857306,19.451905626375144],[-99.19397087259422,19.45192410033104],[-99.19398478480304,19.451884809502353],[-99.19409925711972,19.451558261401736],[-99.1941524778087,19.45140621635802],[-99.19419981722753,19.451271012948137],[-99.19425706147072,19.451098045627933],[-99.19431508545152,19.450922342165516],[-99.19452327091697,19.450198453514457],[-99.19452353771659,19.450197550559565],[-99.19473456634987,19.449462437758413],[-99.19491283611968,19.448844583109278],[-99.19528799144697,19.44760269335688],[-99.19533726673522,19.447441483609783],[-99.19538668485568,19.44727984932302],[-99.19539562668598,19.447243944782624],[-99.19540156185506,19.447215445278143],[-99.19540430800485,19.4471851593078],[-99.19540516230272,19.447168589015327],[-99.1954060255837,19.44715202803884]]]}},{"type":"Feature","properties":{"colonia":"Reforma Social","alc":"Miguel Hidalgo","cve_alc":"016","cve_col":"016-071","clasif":"Colonia","entidad":"Ciudad de México","cve_ent":"09"},"geometry":{"type":"Polygon","coordinates":[[[-99.2231641080002,19.42914230585504],[-99.22313314846221,19.42915745899545],[-99.22305598317931,19.429195191469592],[-99.22301124258661,19.429217527666903],[-99.22279175721322,19.42932717373281],[-99.22276183522946,19.429342145564046],[-99.22276140673306,19.42934229042816],[-99.22267679441643,19.42937299059888],[-99.22267656624433,19.42937308124483],[-99.22236720532513,19.429431211539114],[-99.22236505385999,19.429431646131174],[-99.22230919032746,19.429439879659032],[-99.22230043355006,19.42935599490915],[-99.22214163476404,19.429170395965738],[-99.22213942580673,19.429167805352616],[-99.22208353712135,19.429185738020063],[-99.22201946298705,19.429206309586263],[-99.22201768072955,19.42919932984207],[-99.22192872955014,19.42923241563957],[-99.22176965138799,19.42929023677131],[-99.22176488313049,19.429291990389764],[-99.22166245362851,19.429330055765934],[-99.22170885251128,19.429426634344757],[-99.22172339174415,19.42946578405119],[-99.22164077189085,19.429477990747014],[-99.22157577159352,19.42948841248079],[-99.22154548399537,19.429493414946542],[-99.22152076505373,19.42949768462094],[-99.22150108116921,19.429501483275615],[-99.2214931813846,19.429503354646688],[-99.2214888218605,19.42950461182853],[-99.22148379668485,19.429506707696245],[-99.2214761834628,19.429510340307832],[-99.22146992040861,19.429513520537206],[-99.22146383971244,19.429517287846572],[-99.22146175562104,19.429518905070232],[-99.22145951881593,19.429521199172772],[-99.22145815876665,19.429522923985402],[-99.22145303028468,19.42953017734746],[-99.22144993828343,19.429535388212695],[-99.22144637107347,19.429541502147593],[-99.22144134769441,19.42954934174172],[-99.22134981296021,19.42954557697442],[-99.22123541071215,19.429586426896762],[-99.22121777408816,19.429592463738373],[-99.22118732658994,19.429602902407932],[-99.22096440156733,19.429679290541166],[-99.22093193465636,19.429600016990964],[-99.22086654808342,19.429621780454575],[-99.22084066941673,19.42963071880724],[-99.2208410512007,19.429633905811503],[-99.22072953883293,19.429667936947347],[-99.22066695320706,19.429640341662196],[-99.22061500273588,19.429389415302214],[-99.22058139047292,19.42924230029028],[-99.22057876110404,19.429234147232517],[-99.2205743315114,19.42922340271483],[-99.22056942670991,19.429215367411228],[-99.22056464587598,19.42920892137777],[-99.22055915177972,19.429202647317364],[-99.2205526955878,19.42919716789201],[-99.22054803961964,19.429193774172226],[-99.22054015690304,19.429189595983186],[-99.22053454961905,19.429187791534037],[-99.22052631566113,19.429185536396194],[-99.22051735766114,19.429184870528978],[-99.22050996183138,19.42918488238919],[-99.22048824955097,19.429186712253188],[-99.21984643831479,19.429287042983077],[-99.2198197197233,19.429291213545262],[-99.21935303325505,19.429358224629937],[-99.21889584916597,19.429493714840394],[-99.21842069158467,19.42962603995957],[-99.2180804807219,19.429722910631323],[-99.21805173642947,19.429732228504605],[-99.21803432887586,19.42973881599238],[-99.21801834874529,19.429746080357834],[-99.21798567522175,19.429762867606374],[-99.21795181322716,19.429781017927347],[-99.21793273121389,19.4297919132018],[-99.21789994540097,19.42981141812188],[-99.21780980754701,19.429860431169878],[-99.21742581998386,19.430087234926138],[-99.21742458300375,19.43008797618639],[-99.21700632022092,19.43032619332147],[-99.2164483029361,19.430636118969737],[-99.21602909782058,19.4308797799365],[-99.21581355694963,19.43102696293158],[-99.2157973405621,19.431038985678647],[-99.21564778005045,19.43116856054079],[-99.21562184748484,19.43119244251329],[-99.21544953534195,19.43135132603263],[-99.2152456357388,19.43152952265521],[-99.21503742512051,19.431715215477553],[-99.21494449709934,19.431799769948285],[-99.2148761415944,19.431863512558664],[-99.21481404734702,19.431924263875356],[-99.2147787615227,19.43196037511886],[-99.21474748218452,19.431990119215527],[-99.21471084259902,19.43202157115008],[-99.21466303066632,19.43206024074752],[-99.21459421432566,19.432112514621245],[-99.21408075707217,19.432495897639697],[-99.21352884743303,19.432905918914265],[-99.2135025160154,19.43290118509684],[-99.21348461977833,19.432899509454188],[-99.21346180257008,19.432899534021313],[-99.21343541635522,19.43290126557513],[-99.21336698629014,19.4329081274077],[-99.21327574979665,19.432919275767286],[-99.21321000389764,19.432927834419978],[-99.21262240868373,19.433013758930695],[-99.21190417776636,19.43311856018906],[-99.21059754854119,19.433306566421948],[-99.21021634485712,19.433364449638635],[-99.20991692020326,19.433355120960943],[-99.2102214508812,19.4335946040084],[-99.21045072160292,19.43378572121804],[-99.21141975406287,19.43458579188238],[-99.21189628157501,19.435034209076758],[-99.21214582367944,19.435262667672106],[-99.21233121978442,19.43523303006571],[-99.21247535267514,19.435210012757842],[-99.21269520725605,19.435173512558077],[-99.21276040877602,19.435156646238845],[-99.21280698013531,19.435137147890597],[-99.21282256949873,19.43512740083352],[-99.21283816874364,19.43511766224702],[-99.2128493321077,19.435109026620985],[-99.21286050535322,19.435100400312972],[-99.21289540400367,19.43506941913111],[-99.21290911588818,19.435052412177715],[-99.21304194617596,19.434781074111033],[-99.21307823272352,19.434715335959424],[-99.21312590811229,19.43465756843399],[-99.21318456001549,19.434607671581855],[-99.21325282838386,19.43456524048162],[-99.21332201213544,19.43452514829993],[-99.21339021492679,19.434485209439117],[-99.21345737028248,19.434445316313624],[-99.21352514457736,19.43440714709201],[-99.21402966449209,19.434196619407235],[-99.21426008505745,19.43410342457512],[-99.2151552598313,19.433743516935174],[-99.21549848544012,19.433600029915862],[-99.2165706417997,19.433175837768673],[-99.21665914112653,19.433146069322106],[-99.21669683263923,19.433133805296606],[-99.2167345151688,19.433121531951613],[-99.21678414259667,19.4331078921708],[-99.21684187193007,19.433096047476166],[-99.21689770761488,19.433085565827035],[-99.21697595896096,19.43306917284163],[-99.21701889483828,19.433055084072905],[-99.21707185232087,19.433035094978745],[-99.21738547574617,19.432908245160167],[-99.21783288975824,19.432727621297953],[-99.21824837764512,19.432550877990852],[-99.21953190848937,19.432006140413403],[-99.22086267634457,19.431444619866134],[-99.22113097706878,19.43132966107005],[-99.221402827935,19.43121320189226],[-99.22198312793047,19.430949343675955],[-99.222017656475,19.4309325285942],[-99.2218862931361,19.430755572392982],[-99.22180039353367,19.430639825258186],[-99.2218029914615,19.430638388488944],[-99.22190986492912,19.430594452657022],[-99.22216731310641,19.430482701425635],[-99.22230975896099,19.430384926447594],[-99.22241985648223,19.430334840214684],[-99.22247897101784,19.430314784707832],[-99.22293093050526,19.43026581161322],[-99.22334157916772,19.430223803802427],[-99.22331709827958,19.43009011355719],[-99.22325019355388,19.42974282473621],[-99.22364787323859,19.429689686000142],[-99.22361227839376,19.42965150973066],[-99.22352834340685,19.42957497079033],[-99.22351994505729,19.42956747853196],[-99.22351566009337,19.42956386794774],[-99.22351136614631,19.429560266682184],[-99.22349381755721,19.429546175914645],[-99.22348189691341,19.4295370689729],[-99.22343373823101,19.429501063085436],[-99.22342019882309,19.4294905117374],[-99.22340504065097,19.429478055131018],[-99.22339711840847,19.429471203319434],[-99.22338892038321,19.429463621257415],[-99.22337508453116,19.429450161614213],[-99.22336173466773,19.429436350399147],[-99.22335314497701,19.429426871548998],[-99.22334198520625,19.429414151471573],[-99.22332748190597,19.4293967279713],[-99.22331946354376,19.42938661713875],[-99.22331039774592,19.42937497125483],[-99.22330028361408,19.429361502285502],[-99.22328892262072,19.42934588322691],[-99.22327613240768,19.429327918385113],[-99.22324550434809,19.42928339172906],[-99.22322001914345,19.429245744838507],[-99.22319510526737,19.429207997974352],[-99.22317878108205,19.429182719591676],[-99.2231641080002,19.42914230585504]]]}},{"type":"Feature","properties":{"colonia":"Residencial Militar","alc":"Miguel Hidalgo","cve_alc":"016","cve_col":"016-072","clasif":"Colonia","entidad":"Ciudad de México","cve_ent":"09"},"geometry":{"type":"Polygon","coordinates":[[[-99.22261509991935,19.434108835217245],[-99.22264609179669,19.434072994687085],[-99.22277388882394,19.433914489110933],[-99.2228251673553,19.433855814866316],[-99.22287292449073,19.43380216241782],[-99.22292069240595,19.43374851842288],[-99.22336591093551,19.43342230996198],[-99.22369191134874,19.43317976340816],[-99.22361583123072,19.433085848771498],[-99.22317513302367,19.43249207702945],[-99.22228122307772,19.431287685726176],[-99.2222034361606,19.43118287227341],[-99.22213109752572,19.43108541539786],[-99.22206700632348,19.430999054432032],[-99.222017656475,19.4309325285942],[-99.22198312793047,19.430949343675955],[-99.221402827935,19.43121320189226],[-99.22113097706878,19.43132966107005],[-99.22086267634457,19.431444619866134],[-99.21953190848937,19.432006140413403],[-99.21824837764512,19.432550877990852],[-99.21783288975824,19.432727621297953],[-99.21738547574617,19.432908245160167],[-99.21707185232087,19.433035094978745],[-99.21701889483828,19.433055084072905],[-99.21697595896096,19.43306917284163],[-99.21689770761488,19.433085565827035],[-99.21684187193007,19.433096047476166],[-99.21678414259667,19.4331078921708],[-99.2167345151688,19.433121531951613],[-99.21669683263923,19.433133805296606],[-99.21665914112653,19.433146069322106],[-99.2165706417997,19.433175837768673],[-99.21549848544012,19.433600029915862],[-99.2151552598313,19.433743516935174],[-99.21426008505745,19.43410342457512],[-99.21402966449209,19.434196619407235],[-99.21352514457736,19.43440714709201],[-99.21345737028248,19.434445316313624],[-99.21339021492679,19.434485209439117],[-99.21332201213544,19.43452514829993],[-99.21325282838386,19.43456524048162],[-99.21318456001549,19.434607671581855],[-99.21312590811229,19.43465756843399],[-99.21307823272352,19.434715335959424],[-99.21304194617596,19.434781074111033],[-99.21290911588818,19.435052412177715],[-99.21289540400367,19.43506941913111],[-99.21286050535322,19.435100400312972],[-99.2128493321077,19.435109026620985],[-99.21283816874364,19.43511766224702],[-99.21282256949873,19.43512740083352],[-99.21280698013531,19.435137147890597],[-99.21276040877602,19.435156646238845],[-99.21269520725605,19.435173512558077],[-99.21247535267514,19.435210012757842],[-99.21233121978442,19.43523303006571],[-99.21214582367944,19.435262667672106],[-99.21221229631549,19.43533436683609],[-99.21239284511124,19.435531824431465],[-99.2124679577437,19.435623215760607],[-99.21249301085862,19.435653685173],[-99.21254308025766,19.43571460703821],[-99.21270887871637,19.43592961319399],[-99.21290135085086,19.436208372676944],[-99.21304796578664,19.43644512717416],[-99.2132212867376,19.43676177235841],[-99.21346709813866,19.437279151589475],[-99.213745912745,19.437889720190398],[-99.21389096371388,19.43820508002941],[-99.21403602456432,19.438520430784706],[-99.2141570240398,19.43881217454254],[-99.21420390172459,19.43892665281367],[-99.21482256696919,19.440127344919265],[-99.21544125107843,19.441328025602928],[-99.21572468661857,19.441811755596664],[-99.21584945273007,19.44200989230607],[-99.21593521309359,19.442102137245417],[-99.21611988605478,19.441952714411276],[-99.21626185041238,19.441791427896096],[-99.2171965708217,19.44066711666257],[-99.21771621836575,19.440017367304453],[-99.218083860184,19.439595476564428],[-99.21830492210069,19.4393293286864],[-99.21961878545883,19.437748153855097],[-99.22025707080759,19.436978950833854],[-99.22041380167184,19.436792734580642],[-99.22119025240278,19.435828440290205],[-99.22136122336094,19.43561836257769],[-99.22204650407375,19.434783066560836],[-99.22261271219733,19.434111590095416],[-99.22261509991935,19.434108835217245]]]}},{"type":"Feature","properties":{"colonia":"San Diego Ocoyoacac","alc":"Miguel Hidalgo","cve_alc":"016","cve_col":"016-073","clasif":"Colonia","entidad":"Ciudad de México","cve_ent":"09"},"geometry":{"type":"Polygon","coordinates":[[[-99.1959479495502,19.461527464623767],[-99.19550090564402,19.46136886220241],[-99.19492621472918,19.461296568942466],[-99.19450766807876,19.461251203217657],[-99.19450263212329,19.46125066283685],[-99.19445484714007,19.461248918033682],[-99.19437537857675,19.46124945417947],[-99.19427415551228,19.461253369822842],[-99.19419748609938,19.46125832980703],[-99.19412080680505,19.46126328132111],[-99.19375847133517,19.461278460260484],[-99.19364665174353,19.461281149459186],[-99.19370282070334,19.461202978881904],[-99.19372497405654,19.461084222921244],[-99.19397854510503,19.461123303161234],[-99.19409013921953,19.460627544123973],[-99.19413562361733,19.460425448421606],[-99.19415990328282,19.460324282320048],[-99.19420042179374,19.460200810481627],[-99.19444322204197,19.459500774979364],[-99.19427579044604,19.45954594977166],[-99.1942197454538,19.45956175226425],[-99.19408446366357,19.459590731543127],[-99.19385318610546,19.459630226326222],[-99.1934032397426,19.459665112572054],[-99.19331379448977,19.45967249417816],[-99.19320987917435,19.459679462447856],[-99.19310868485589,19.459682140662068],[-99.1928104810125,19.45968160535807],[-99.1926526389322,19.459678296128786],[-99.19249972770459,19.45967510378548],[-99.19217910191166,19.459668385380617],[-99.19215947012947,19.459667701851455],[-99.19200596870863,19.459662286979576],[-99.19183231268613,19.459656180108258],[-99.19175133944474,19.459654809661938],[-99.19165788860406,19.459609491756837],[-99.19124066607034,19.459595832180273],[-99.19078147604314,19.45958220394149],[-99.19015119109035,19.45955666856604],[-99.18989352462246,19.459547952081437],[-99.18965466079182,19.459532035242447],[-99.18967501481951,19.459594970780728],[-99.18969401688273,19.459654764770853],[-99.18972251503683,19.45974450018229],[-99.18973835503023,19.459794343567864],[-99.18990209634696,19.46030982154469],[-99.18996784134762,19.460543254535764],[-99.19004389002464,19.460862163296227],[-99.19007982892423,19.461049240423534],[-99.19010468351149,19.4612234328932],[-99.1901175393015,19.461310118266915],[-99.19012269563126,19.461352052813314],[-99.19013860838817,19.46150951350789],[-99.19014937379859,19.46162504127851],[-99.19015978706933,19.461805502542077],[-99.19016214424862,19.461849261374084],[-99.19017019944182,19.461985954287744],[-99.19016720356032,19.462336396897637],[-99.19016314856516,19.46240767923988],[-99.19015095393513,19.462621526925744],[-99.19014518495442,19.462755883206526],[-99.1901272770392,19.46296262509355],[-99.19010937002231,19.463169358247168],[-99.19009146210716,19.463376100453903],[-99.19007355419193,19.463582833080196],[-99.1900370062346,19.463999856541527],[-99.19002467775563,19.464140544525524],[-99.1899709324505,19.464406843119285],[-99.19073495319296,19.464666389198765],[-99.19071850593838,19.46443873851486],[-99.19069871784929,19.464157838943137],[-99.19066616559837,19.46389347528536],[-99.19062662714946,19.463579528165443],[-99.19059174377033,19.463319571254075],[-99.19057431555554,19.463224832160325],[-99.19055687925584,19.463130101480985],[-99.1905177163027,19.46297283293134],[-99.19047986848318,19.46282080112931],[-99.19059554903389,19.46284323433704],[-99.19139227384254,19.463023283458085],[-99.19223810685277,19.463185687209176],[-99.19230735348647,19.463258603005247],[-99.19254829242544,19.46353881215224],[-99.19259322974926,19.463590610047483],[-99.19261370235454,19.463610445462457],[-99.19264612434979,19.463633458741768],[-99.19266941407186,19.463645834804584],[-99.19269504660016,19.463659620239827],[-99.1927273814588,19.463672491783523],[-99.19274822327172,19.46367972244487],[-99.19289197617502,19.46372392966996],[-99.19301489624867,19.46376089860259],[-99.1946070882245,19.46424070966099],[-99.19512344164646,19.46440307746665],[-99.19526026045416,19.463933771955432],[-99.19557394137156,19.46284339780483],[-99.1959479495502,19.461527464623767]]]}},{"type":"Feature","properties":{"colonia":"San Joaquin","alc":"Miguel Hidalgo","cve_alc":"016","cve_col":"016-074","clasif":"Colonia","entidad":"Ciudad de México","cve_ent":"09"},"geometry":{"type":"Polygon","coordinates":[[[-99.21623061958323,19.453426193621045],[-99.21581221845986,19.45308676353481],[-99.21480151764547,19.452317160561588],[-99.21479190926517,19.452309921770286],[-99.21379336175833,19.451556879875472],[-99.21296096574807,19.450966834087094],[-99.21232640122126,19.450510550326406],[-99.2122210863306,19.45042994776446],[-99.21209071563005,19.450347248716763],[-99.2119660519265,19.45028319402648],[-99.21185788937638,19.450230577019518],[-99.21172974649772,19.450183670804464],[-99.21162190374787,19.450151207623044],[-99.2114366729329,19.450116353213026],[-99.21121338229597,19.450089932027],[-99.21095077239907,19.45005510386236],[-99.21085879659209,19.450044290417473],[-99.21064502630054,19.45001546444324],[-99.21052323181604,19.449997443442104],[-99.21041920061792,19.44997700665018],[-99.21031516043665,19.449956578326354],[-99.2099808550986,19.44984835314507],[-99.20971916687323,19.449730485051713],[-99.20945748763093,19.449612606708087],[-99.20896583698102,19.449392499930372],[-99.2086473752296,19.449246965859594],[-99.20822614441316,19.44905812933811],[-99.20773386853573,19.448836818140812],[-99.2067696016384,19.448370113798354],[-99.20619104617126,19.44809105247056],[-99.20607876394723,19.448035118509555],[-99.20594767549278,19.44795686700705],[-99.20580859113396,19.448044631002862],[-99.20527531345209,19.448486922362743],[-99.20512667101863,19.448617426921658],[-99.20469088210467,19.448968303309172],[-99.20464691855464,19.448926756901038],[-99.20457534708105,19.448883554486844],[-99.20455334374647,19.44887106209799],[-99.20451141308392,19.44885245057122],[-99.20449822671388,19.448847848512557],[-99.20445369992017,19.44883656148258],[-99.2044113910669,19.448830123004583],[-99.20434854043809,19.44882784188078],[-99.20429385908844,19.448832882715383],[-99.20422849766835,19.448847840889112],[-99.20418747071102,19.44886266776775],[-99.20413082294921,19.4488882251561],[-99.20409726099186,19.44891338018866],[-99.20408598174515,19.44892183465725],[-99.20403717358083,19.448966307645225],[-99.20400391076248,19.44900643437773],[-99.20398415411442,19.449036174504318],[-99.20396388542669,19.449074167486852],[-99.20395338052776,19.44909875750465],[-99.20394072775694,19.449136920730663],[-99.20393349003074,19.449167840780927],[-99.20392643376418,19.449242347718176],[-99.20392744886045,19.449270367433897],[-99.20393131251447,19.449303813374474],[-99.2039453963015,19.44936285728042],[-99.20395767537313,19.449395977086155],[-99.20397771409219,19.449436887236917],[-99.20399389454708,19.44946330514113],[-99.20400758936358,19.44948265353414],[-99.2040341848859,19.449511598190554],[-99.20398427269208,19.449559503275285],[-99.20376875338066,19.449742565707155],[-99.2035216978129,19.449948317039276],[-99.20335089304312,19.450089669441425],[-99.20326428556822,19.450161330715297],[-99.2031776888732,19.45023300042793],[-99.20279829259947,19.450565367872414],[-99.20281875622162,19.450587956937945],[-99.20283891711154,19.45061708351229],[-99.2028558413715,19.450651592219486],[-99.20286620703155,19.450684477130192],[-99.20287162117779,19.450717083355794],[-99.20287244762784,19.450750673843142],[-99.20286823812243,19.450785503552616],[-99.20285881120179,19.450819836885326],[-99.2028410551019,19.45085857908613],[-99.20281658679019,19.450894044056838],[-99.20288364063629,19.450913002638153],[-99.20298867255758,19.450942681427996],[-99.20338046917554,19.45105620838166],[-99.20338262064062,19.451056858065208],[-99.20399654637376,19.45124037451743],[-99.20457481707498,19.451411571365522],[-99.20458234855032,19.451413809253744],[-99.20490553094854,19.451508564564698],[-99.2052241813461,19.45160433203573],[-99.20531243992444,19.451630815656284],[-99.20548884119849,19.451684118313],[-99.20566523259102,19.45173742942251],[-99.20566704179802,19.45173797068213],[-99.20607491376798,19.451861511644104],[-99.20647580762471,19.451982831572558],[-99.2068770635026,19.452103780406883],[-99.20802787994172,19.452449477241696],[-99.20849676997732,19.452610365221148],[-99.20852016390393,19.452619651287385],[-99.20853980646594,19.45262938120033],[-99.20856226704299,19.452641331196396],[-99.20866029390176,19.45270375102214],[-99.20861461367123,19.45273386740215],[-99.20859542565671,19.452750116099452],[-99.20858084510138,19.452766969579034],[-99.20857442124877,19.452776442831297],[-99.20856800727768,19.452785926247437],[-99.20855754100627,19.45280909014122],[-99.20854994036067,19.45283316544223],[-99.20846373263612,19.453087098113425],[-99.20845057052054,19.453101765362213],[-99.20843741738817,19.453116441926994],[-99.20842849532075,19.45311333754604],[-99.20841956516851,19.45311024248248],[-99.20824276953407,19.453051019522004],[-99.20762512567394,19.45300738198303],[-99.20758374118716,19.453006325730595],[-99.20754236568345,19.453005261007625],[-99.20752904726106,19.45300616648798],[-99.20751571895723,19.45300706349791],[-99.20749117698365,19.453010193291956],[-99.20746664399321,19.45301333240322],[-99.20740821217724,19.453024930851484],[-99.20737643607069,19.453034275339395],[-99.20692676728726,19.453185472670256],[-99.20673724522017,19.453249265328317],[-99.2062588555005,19.4534139311278],[-99.20488582280953,19.45387455114149],[-99.20471203473464,19.453932857314737],[-99.20477136935749,19.453951257348105],[-99.20492531364772,19.4539989747754],[-99.20492723694075,19.453999588871934],[-99.2053286697867,19.454126663611007],[-99.20569636819879,19.454235522056603],[-99.2061880934089,19.4543686791176],[-99.20648592624808,19.454448908724615],[-99.20686330670232,19.454549617708764],[-99.20695821011886,19.454570933985305],[-99.20706757551311,19.4545930964388],[-99.20750140789639,19.454680020829777],[-99.20762071314928,19.45470388748481],[-99.20789548533682,19.45477127940493],[-99.2085128399394,19.454923996373495],[-99.20873519273516,19.454981483943723],[-99.2092702984887,19.455120257854986],[-99.2097738015105,19.45527138209147],[-99.20984973250818,19.455295292704648],[-99.20982633319166,19.455373317053628],[-99.20992597522131,19.455561765911476],[-99.20996817897166,19.455634835058447],[-99.21024920163696,19.455566781973257],[-99.21039455893141,19.455532631754775],[-99.21046724251931,19.4555155659601],[-99.21053991622578,19.45549849084636],[-99.21064946936795,19.45547288283096],[-99.21076500259495,19.455450903454594],[-99.2108651800205,19.455433397199723],[-99.21089758584607,19.4554281066987],[-99.21095471600322,19.455421157727823],[-99.21101525436855,19.45541805508499],[-99.21108561042155,19.4554175680472],[-99.21114020014309,19.45541811437655],[-99.2111730263802,19.45541919009496],[-99.21120586249874,19.455420256496105],[-99.21123827012094,19.45542245197789],[-99.21125448381352,19.455423540401576],[-99.21127068762458,19.455424638142492],[-99.2114289114889,19.455445883154226],[-99.21158543304563,19.45547199515194],[-99.21170656816676,19.455498143567308],[-99.21178312618856,19.455517674197385],[-99.21185969409177,19.455537195507738],[-99.21194097545533,19.455559732212688],[-99.21226252561466,19.45566259278763],[-99.21253175789184,19.455753222320606],[-99.21280100005043,19.455843841638746],[-99.21333946640144,19.456025088593286],[-99.21465220686545,19.45646178651915],[-99.21486585229114,19.456521300454998],[-99.21491388790433,19.456473663389367],[-99.21495074488212,19.456451277580427],[-99.21502959989613,19.456412103042588],[-99.21509593059835,19.456387605611198],[-99.21515195403106,19.456372908166973],[-99.21520708274176,19.456232071991547],[-99.21531222964744,19.45598536508395],[-99.21531873165347,19.455986193468895],[-99.21558480006418,19.45567500588061],[-99.21612814516551,19.45503948733142],[-99.21616759288452,19.45499333381757],[-99.21626687379145,19.4548772185692],[-99.21645093050832,19.45466179621349],[-99.21666252957182,19.4544137765658],[-99.21666842072345,19.454406885149364],[-99.21684608952032,19.45419546437977],[-99.21671550412243,19.454083393972216],[-99.21634657232345,19.453760286702064],[-99.21618204767577,19.453617550907058],[-99.21617669910661,19.45362185044001],[-99.21617600381053,19.453621516709507],[-99.21623061958323,19.453426193621045]]]}},{"type":"Feature","properties":{"colonia":"San Juanico","alc":"Miguel Hidalgo","cve_alc":"016","cve_col":"016-075","clasif":"Colonia","entidad":"Ciudad de México","cve_ent":"09"},"geometry":{"type":"Polygon","coordinates":[[[-99.19397087259422,19.45192410033104],[-99.19390481857306,19.451905626375144],[-99.19383877443335,19.451887142252666],[-99.19325728327189,19.45170257535328],[-99.1932543224247,19.451701627513536],[-99.19308924441485,19.45164681289266],[-99.19308755917534,19.451646235210003],[-99.19261095620469,19.451484866848222],[-99.19255652638333,19.451462931824743],[-99.19245255986394,19.45141989187112],[-99.19243226153179,19.451411659457982],[-99.19241195421645,19.451403436361936],[-99.19234369123805,19.45137896612655],[-99.19220042522157,19.451334874969454],[-99.19219116179434,19.451332094972265],[-99.19218188848569,19.45132932429238],[-99.19215704018661,19.451323350093222],[-99.19213670502356,19.451319297836132],[-99.1920643978297,19.451304915032924],[-99.191992099619,19.451290522064028],[-99.19195052468929,19.45128542624798],[-99.19188727161519,19.451278635496784],[-99.19180437957236,19.451272930655723],[-99.19177449621611,19.451272121728735],[-99.19173681458491,19.451269833862984],[-99.19171116768356,19.45126668540043],[-99.19120018079713,19.451172672806283],[-99.19083396191029,19.451107064961672],[-99.19080050685248,19.451099700753655],[-99.19073514902566,19.451081577380517],[-99.19065751841542,19.451058389522732],[-99.19060851621498,19.45104105897927],[-99.19060095689186,19.451038386551645],[-99.19017344685152,19.45089772023622],[-99.18997691523032,19.450834680524647],[-99.18986292620725,19.450798205014646],[-99.18982143482097,19.450781749442417],[-99.18978461826735,19.45076507533045],[-99.18976989937144,19.450758530201067],[-99.18975025860603,19.450748988220266],[-99.18974563138403,19.450746731687772],[-99.18973062682383,19.45073943692125],[-99.18970720594773,19.45072935367635],[-99.18968377519019,19.4507192797484],[-99.18962889890612,19.450698183197836],[-99.18943282452734,19.450637689633],[-99.18923665582547,19.450577150305],[-99.18873291834338,19.45041648816529],[-99.188731709211,19.450416109534668],[-99.18863512325001,19.450383206781584],[-99.18853852920411,19.450350313339285],[-99.1883261764541,19.45029257424842],[-99.18819233915485,19.450256334943074],[-99.18805851083879,19.450220087159302],[-99.18762846665105,19.450106793406334],[-99.18760619921174,19.45010138668567],[-99.18755679815936,19.450089364503416],[-99.18753903307625,19.450085835692388],[-99.18752173511714,19.450083192048822],[-99.18730832954165,19.450051981634854],[-99.18710449282055,19.450022161224627],[-99.18709493474593,19.45002077121473],[-99.18656018652187,19.449951833147466],[-99.18655909147554,19.44995169761922],[-99.18602267687669,19.4498752902247],[-99.18547789447096,19.449798998840247],[-99.185375199966,19.45053103787397],[-99.18526139060602,19.45131212845783],[-99.1852462360272,19.45141196524063],[-99.18523135723115,19.45150978769444],[-99.18520709912517,19.451669394184265],[-99.18542496932767,19.45193709054468],[-99.18580608767179,19.452008432515488],[-99.18621597725783,19.452085142992686],[-99.1870683967158,19.45227409118828],[-99.18738225729628,19.452345084878033],[-99.18769610799531,19.452416087854168],[-99.18776330287689,19.452432838876753],[-99.18783048877526,19.4524496000622],[-99.1879118698518,19.452470603210752],[-99.18797101133686,19.45248759055137],[-99.18802731594222,19.452503232794502],[-99.18806138993929,19.452510823097807],[-99.18824157401897,19.452549946061524],[-99.18851340152902,19.452609186145647],[-99.18913572830668,19.452761734048394],[-99.1895323506743,19.452848164751945],[-99.18982405879987,19.452911012251047],[-99.18988887494257,19.452928440850933],[-99.18996790512804,19.452953930682977],[-99.19007863057163,19.45298881751785],[-99.19021627043944,19.453032278878442],[-99.19050425594652,19.45309722017543],[-99.19071200213571,19.453138414843426],[-99.19091975820646,19.453179600183542],[-99.19109491621215,19.453209392908313],[-99.19123117267438,19.45323034259539],[-99.19123305733984,19.45323061279912],[-99.19166872498133,19.45331815286649],[-99.19194828698595,19.453385441177346],[-99.19261859368129,19.45354614272842],[-99.19299626339303,19.453620784027045],[-99.19338144571547,19.453696922842873],[-99.19339096516258,19.45368869478034],[-99.1934004935928,19.4536804760349],[-99.19341357126665,19.45366449170463],[-99.1934199196608,19.453654015618895],[-99.19342475439366,19.45364237571105],[-99.19343008230159,19.4536226983187],[-99.19351699610198,19.453294538423616],[-99.19355840574158,19.45316249687182],[-99.19367459743376,19.4528538195625],[-99.19374849374732,19.452686601920274],[-99.1938305081361,19.452442185939944],[-99.19383893613012,19.452401992294067],[-99.19384735334432,19.45235290473608],[-99.1938571027601,19.452301287905986],[-99.19386731121503,19.452258548026652],[-99.19389084977037,19.452175604269524],[-99.19393086163147,19.452049857007694],[-99.19394889261582,19.451993164616354],[-99.19397087259422,19.45192410033104]]]}},{"type":"Feature","properties":{"colonia":"San Lorenzo Tlatenango","alc":"Miguel Hidalgo","cve_alc":"016","cve_col":"016-076","clasif":"Colonia","entidad":"Ciudad de México","cve_ent":"09"},"geometry":{"type":"Polygon","coordinates":[[[-99.21265211327527,19.462437743845882],[-99.21241600996746,19.462818792084036],[-99.21205782471422,19.463388434187213],[-99.21193675157681,19.46357217722852],[-99.21183303838234,19.463735590028588],[-99.21172933506932,19.463899011980853],[-99.21134119100138,19.46449679696104],[-99.2112031971973,19.464712284173558],[-99.21106521147806,19.46492778041624],[-99.21102547360319,19.465006421808084],[-99.21099490662901,19.46505782793334],[-99.21097594768494,19.465082321514032],[-99.2109452235056,19.46511598355965],[-99.2109204380886,19.465142230362627],[-99.21089820209038,19.465159338339724],[-99.21086901492845,19.465175779748606],[-99.2108296327864,19.46519707260713],[-99.21079108697586,19.465213525869782],[-99.21074431529232,19.465229447232893],[-99.21068784180368,19.465247403865785],[-99.21065126510018,19.465256857755577],[-99.21061243182878,19.465265309678372],[-99.21056055501947,19.46527551737118],[-99.21052709906331,19.465279056015262],[-99.21050710526009,19.465280289204806],[-99.2104801710729,19.4652808549813],[-99.21044528679546,19.465280357809473],[-99.2103845211564,19.465269130363918],[-99.21030678454498,19.46524125570321],[-99.21000092885195,19.46510981675878],[-99.20935004103814,19.464813094349445],[-99.20926152643989,19.46478307253263],[-99.20922238414803,19.464775858012956],[-99.20919175519009,19.464773472088805],[-99.20912596527367,19.46476951418179],[-99.2090760566731,19.464771187801343],[-99.20902275064415,19.46477555225565],[-99.2089649144112,19.464786907628252],[-99.20891220216869,19.464806333808763],[-99.20884758096038,19.464832228321075],[-99.20877532856376,19.46487750326462],[-99.20872604069905,19.464919250554413],[-99.20871201979409,19.464932572587458],[-99.20864504859301,19.465004059602503],[-99.2086143486682,19.465058833289117],[-99.20852504984076,19.465237041175467],[-99.20850817498815,19.46529685002429],[-99.20848484663857,19.465288610692877],[-99.20844582651753,19.465274794905064],[-99.20843955178526,19.46527262073092],[-99.2077905019245,19.465046830848806],[-99.20612471816392,19.464461899050246],[-99.20458554655278,19.463929948697377],[-99.20284270890032,19.463321804743067],[-99.20166141442023,19.462911427508832],[-99.20219900401554,19.46110770918105],[-99.20160574312717,19.461108474015255],[-99.20067019087786,19.461182767954817],[-99.2000604593788,19.461239408008627],[-99.20006190925967,19.461229551563356],[-99.19914498537446,19.461312455116545],[-99.1990801836048,19.46131869659714],[-99.19907948471548,19.461323057756353],[-99.19857423986036,19.461364729732086],[-99.19856287078214,19.461361399362364],[-99.19856753303843,19.46124806426579],[-99.1984209711032,19.461243565891913],[-99.19842019046722,19.46124354810513],[-99.19839054336792,19.461243733596312],[-99.19836011473429,19.461243901300676],[-99.19830508304165,19.461627004601112],[-99.19824969202294,19.46192573258112],[-99.1982319520927,19.462010146804857],[-99.19821422204394,19.462094571148498],[-99.19820805690617,19.46211750756716],[-99.19816715661123,19.462269759398218],[-99.1980831883867,19.46254524915951],[-99.19799923004364,19.462820747769324],[-99.19796082077703,19.462956374359525],[-99.19789596960005,19.463180128467847],[-99.19786953757112,19.463268256051656],[-99.19785842181777,19.46329237638403],[-99.19784506836105,19.463313969321284],[-99.19783215238392,19.4633326003632],[-99.19781343778159,19.463349119032458],[-99.19779472138264,19.463358025883384],[-99.19777732820215,19.46336417835218],[-99.19776261918766,19.463367575592326],[-99.19773808440064,19.463368022798186],[-99.19769258293483,19.463360246667193],[-99.19762387708697,19.463344455555543],[-99.19749404537558,19.463310118945234],[-99.19723349621395,19.463243567391167],[-99.19713307085341,19.46354995925454],[-99.1968892680853,19.464358203857007],[-99.19682276580481,19.46457077850828],[-99.19675855602492,19.464775713180483],[-99.19674965731375,19.464792645872837],[-99.19672960961152,19.464811485947255],[-99.1967077706687,19.464822298407498],[-99.19667566847369,19.464833337855932],[-99.19664534584125,19.464839718104475],[-99.19662661866252,19.464841635651645],[-99.19660409161014,19.464839544475005],[-99.19657219512935,19.46483260522413],[-99.19609529840966,19.46469604260348],[-99.19604725291497,19.46468122310102],[-99.19597080628434,19.46465910352812],[-99.19584632404045,19.46462216359729],[-99.19560320489026,19.464549954791455],[-99.19512344164646,19.46440307746665],[-99.1946070882245,19.46424070966099],[-99.19301489624867,19.46376089860259],[-99.19289197617502,19.46372392966996],[-99.19274822327172,19.46367972244487],[-99.1927273814588,19.463672491783523],[-99.19269504660016,19.463659620239827],[-99.19266941407186,19.463645834804584],[-99.19264612434979,19.463633458741768],[-99.19261370235454,19.463610445462457],[-99.19259322974926,19.463590610047483],[-99.19254829242544,19.46353881215224],[-99.19230735348647,19.463258603005247],[-99.19223810685277,19.463185687209176],[-99.19139227384254,19.463023283458085],[-99.19059554903389,19.46284323433704],[-99.19047986848318,19.46282080112931],[-99.1905177163027,19.46297283293134],[-99.19055687925584,19.463130101480985],[-99.19057431555554,19.463224832160325],[-99.19059174377033,19.463319571254075],[-99.19062662714946,19.463579528165443],[-99.19066616559837,19.46389347528536],[-99.19069871784929,19.464157838943137],[-99.19071850593838,19.46443873851486],[-99.19073495319296,19.464666389198765],[-99.19074339735658,19.46478925797941],[-99.19065409763084,19.465938649291363],[-99.19056496768667,19.467936228165797],[-99.19043979374001,19.470034773984654],[-99.19045897995787,19.470434172884985],[-99.19058661977995,19.470492263061576],[-99.19075876393786,19.470559495122817],[-99.19113296615261,19.470683272440464],[-99.19121529046015,19.470707127423445],[-99.19129760488627,19.470730990872266],[-99.19145101737391,19.470769852816538],[-99.19178775714634,19.470848439710494],[-99.19212450680028,19.470927015556256],[-99.19302619885156,19.471114095466536],[-99.19414628392482,19.471374668306392],[-99.1961307719819,19.47195059170908],[-99.19710553299838,19.472252300505914],[-99.19748159921733,19.472365418716116],[-99.19794561050263,19.4725103679815],[-99.1981523595619,19.472574002282364],[-99.19870803853203,19.472741915919173],[-99.19888250842818,19.47279405049286],[-99.19910853982508,19.472862186121713],[-99.19936757442711,19.47294252430088],[-99.19967816154669,19.47303886264756],[-99.20012533121701,19.473174960896984],[-99.20039660985641,19.473247384368126],[-99.20057668703662,19.473289764698688],[-99.20072447427385,19.47331798267524],[-99.20078758271922,19.47332177183468],[-99.20085912724338,19.47332416949013],[-99.20089161391734,19.47332381123918],[-99.20092703269236,19.473321538082384],[-99.20096850701073,19.473317006166315],[-99.20102521495966,19.473307071690982],[-99.20107788408305,19.47329452867403],[-99.201147997591,19.473283905644028],[-99.20122250925056,19.473273786536147],[-99.20133683783673,19.473254621377716],[-99.20145190843138,19.473230056196172],[-99.20156274975768,19.47320078716491],[-99.20173012745464,19.47316176404006],[-99.20200760536785,19.473100442935802],[-99.20236804449412,19.473006371858457],[-99.20291639500817,19.47286005100818],[-99.20316524630815,19.472781324498982],[-99.20347061331765,19.472687261705655],[-99.2038934350505,19.472551402728648],[-99.204562907211,19.47233820419037],[-99.20480000854708,19.472262954093097],[-99.20482459992797,19.472254948022748],[-99.20484918232567,19.472246933482605],[-99.20489175708025,19.47222882009548],[-99.20493690281317,19.472209666670537],[-99.20499049360811,19.47218737026863],[-99.20504334059795,19.472164386999506],[-99.20506132397163,19.472154982634816],[-99.20510132774783,19.4721337364248],[-99.20516922511199,19.472096473821278],[-99.20521510207355,19.47207104459006],[-99.20533219747084,19.471998807766003],[-99.20653116091424,19.47134554376662],[-99.20656853532165,19.47131978241729],[-99.20660006349317,19.471293796625027],[-99.20662158622908,19.47127507333485],[-99.20665462716352,19.471244851990377],[-99.20673852621776,19.471157279254257],[-99.20679626273773,19.47115626462004],[-99.20684321138943,19.471154222647396],[-99.20687014737322,19.47115306064561],[-99.20694057259657,19.471101575147223],[-99.20744960115563,19.470732301938966],[-99.20765444488819,19.46994688976539],[-99.20787267890839,19.46979190527045],[-99.2082899688157,19.469926094688418],[-99.2087072695029,19.47006027298499],[-99.20893327664518,19.469958833403577],[-99.20899671836554,19.469933110793324],[-99.20923888170823,19.46982709761832],[-99.20948510094445,19.469614783097597],[-99.20956750879535,19.469549278419468],[-99.20965105840497,19.4694827904073],[-99.21000483113356,19.46928460848902],[-99.21006078449764,19.469202386572857],[-99.21010820027328,19.469134208751708],[-99.21013623040511,19.469095708063385],[-99.21017785114884,19.469041310940284],[-99.21037512657516,19.46881634700448],[-99.21053285816265,19.468656777717985],[-99.21077218193071,19.468412732212926],[-99.21082428601385,19.46835941642183],[-99.21085051053191,19.46833659183743],[-99.2108767449315,19.468313775719164],[-99.21091776110906,19.468278079951368],[-99.21104638458638,19.468182719549247],[-99.21116196632238,19.468096781477783],[-99.21128295771307,19.468019988797238],[-99.21139319806639,19.467969836260387],[-99.21140949709894,19.467964657966714],[-99.2114258051146,19.46795948898936],[-99.21144840672714,19.467954336951042],[-99.21147272412188,19.467956867658035],[-99.21177272639248,19.467067484322797],[-99.21213315653564,19.467074763956504],[-99.2121461335982,19.46707500449346],[-99.21235375132834,19.466434552164667],[-99.21257350529801,19.465722209175656],[-99.2130200084184,19.464438839304822],[-99.21356712554558,19.462875478997457],[-99.21265211327527,19.462437743845882]]]}},{"type":"Feature","properties":{"colonia":"San Miguel Chapultepec I Seccion","alc":"Miguel Hidalgo","cve_alc":"016","cve_col":"016-077","clasif":"Colonia","entidad":"Ciudad de México","cve_ent":"09"},"geometry":{"type":"Polygon","coordinates":[[[-99.19153145342274,19.412124045796872],[-99.1913717832709,19.411686619450162],[-99.19121719488862,19.41130914267135],[-99.19116502792342,19.411181060083937],[-99.19105446687149,19.41090586866007],[-99.19097239499051,19.410709215683788],[-99.19083144303423,19.410362520040202],[-99.19076923290416,19.41021723567397],[-99.1905948411614,19.409834343186677],[-99.19044282375746,19.40950557289159],[-99.19029081803163,19.409176793459057],[-99.19000244894397,19.40855887367412],[-99.18978884484075,19.40807935557324],[-99.18973038877023,19.407954650201535],[-99.18964070726047,19.407767433948546],[-99.18927246536767,19.407027482653792],[-99.18892445892492,19.406344625238653],[-99.18890491427926,19.406306440096493],[-99.18886532103312,19.406229039494182],[-99.18880618224303,19.40611346298758],[-99.18860703472772,19.4057283773939],[-99.18856798406397,19.405654535100457],[-99.18855423804345,19.405628565908682],[-99.18852892441711,19.405580701246233],[-99.18841284770934,19.405351634088756],[-99.18835948778147,19.405242575962124],[-99.18830227318274,19.40512412815434],[-99.18825029306709,19.405011151180982],[-99.18822828254602,19.404964324261467],[-99.18820628190639,19.404917488008348],[-99.18795954254561,19.404328365793052],[-99.18775043181547,19.4039255091314],[-99.18765630274672,19.403755945802004],[-99.18746184892878,19.403415212991728],[-99.18735925683171,19.403224755695785],[-99.1872092211113,19.402959155755717],[-99.18707747059845,19.40271364564721],[-99.1869458368666,19.402477923159775],[-99.18691395655551,19.40288259662052],[-99.18684324117635,19.40310087695122],[-99.18669896994511,19.40334607467127],[-99.18641572933936,19.403857536053266],[-99.18623206608463,19.404200694574],[-99.18609945229079,19.40445167930888],[-99.18568464712347,19.40519560337636],[-99.18549842906002,19.405524981413247],[-99.18536957381737,19.40578783959823],[-99.18532321535882,19.40588242411108],[-99.18514800075927,19.406239857550645],[-99.18501087562606,19.406515303428275],[-99.18500079832525,19.40653555844033],[-99.18487374869628,19.40679074883943],[-99.18476112241758,19.406992363112582],[-99.18464848535903,19.407193968663126],[-99.1845151322517,19.407434088439096],[-99.18447062701759,19.407512699219946],[-99.18442936649829,19.407583271895085],[-99.18440645227204,19.407615177607273],[-99.18439218702528,19.407634511498262],[-99.18437283102585,19.407654334262517],[-99.18434532730684,19.40767850098458],[-99.18432189654928,19.40769493804769],[-99.18430253965155,19.407704846037348],[-99.18427146602754,19.40772056122276],[-99.18425745680067,19.40772635994615],[-99.18422697336986,19.407739239313386],[-99.18421049018272,19.40774631148441],[-99.18412150396898,19.407783667657636],[-99.18408824923547,19.407869247915443],[-99.18407568629621,19.407956631965767],[-99.18407003409645,19.407974024721046],[-99.18402782675282,19.40808794179955],[-99.18401043357227,19.408137644297902],[-99.18399606591763,19.408171201228157],[-99.18386583176103,19.408398660536836],[-99.18369164663079,19.40873465431678],[-99.18337808069772,19.40931219543439],[-99.18335736375064,19.40934949956495],[-99.1832278239917,19.409582738090297],[-99.18294254421028,19.41009441963417],[-99.18276618246217,19.410393706733068],[-99.1898417502211,19.41291298358767],[-99.19015660703319,19.412749417956046],[-99.19031637240653,19.412673066768363],[-99.19083129211725,19.4124406401018],[-99.1913813197859,19.41219137574784],[-99.19153145342274,19.412124045796872]]]}},{"type":"Feature","properties":{"colonia":"San Miguel Chapultepec Ii Seccion","alc":"Miguel Hidalgo","cve_alc":"016","cve_col":"016-078","clasif":"Colonia","entidad":"Ciudad de México","cve_ent":"09"},"geometry":{"type":"Polygon","coordinates":[[[-99.1898417502211,19.41291298358767],[-99.18276618246217,19.410393706733068],[-99.18275088954277,19.410419659913142],[-99.18262543801667,19.410638006381483],[-99.18251480240458,19.41082279618054],[-99.18233881974551,19.41112565819533],[-99.18216406328672,19.411416952963993],[-99.18216109345643,19.41142190176207],[-99.1820839820724,19.411541238832992],[-99.18180558787769,19.411968019040465],[-99.18156726573112,19.41232642868886],[-99.18151325093142,19.412420064718628],[-99.181406962267,19.41259822533667],[-99.18130982923198,19.41276851146638],[-99.18118350813673,19.412988924596785],[-99.18110946090613,19.413115702700267],[-99.1810706914151,19.41318530793432],[-99.18081110255251,19.41365016388955],[-99.18054279464175,19.414134904032835],[-99.18020479543128,19.414733579723023],[-99.17983151578633,19.41540351298317],[-99.17943600193979,19.416102865999576],[-99.17912325167698,19.41665224377139],[-99.17899519323994,19.416882597191634],[-99.17878479432571,19.417248017776828],[-99.17831787699048,19.418113073495515],[-99.17796687646285,19.418814858217306],[-99.17789546129607,19.418966484758155],[-99.17785892861014,19.419080806726743],[-99.17779759703244,19.419273825208016],[-99.17778976462145,19.419292463846904],[-99.1777823508254,19.4192966092494],[-99.17777330838373,19.419297847024414],[-99.17797182797669,19.4194034848553],[-99.1779558712023,19.419477115879825],[-99.17794686110004,19.419536208755922],[-99.17793991712287,19.419596863017198],[-99.17793551897125,19.41972266930217],[-99.17794973750557,19.420533061248612],[-99.17806510544257,19.420475967290653],[-99.17822140960702,19.42039859715556],[-99.1784644236543,19.4202960378693],[-99.17852653766464,19.420264753953173],[-99.17856399022551,19.42024131007412],[-99.17860143380315,19.420217856872455],[-99.17867997530504,19.420164014381488],[-99.17874610388638,19.420113370077463],[-99.17881147159467,19.420051158842714],[-99.1788698890376,19.419981723448373],[-99.17888101557074,19.419966083155188],[-99.17889052333966,19.419952699820985],[-99.17904510273885,19.41973528423735],[-99.17918196017402,19.419543144013087],[-99.17935923371219,19.419236917307945],[-99.1795759334099,19.418725390773734],[-99.1802458987454,19.417088418965665],[-99.1803780454153,19.416709918574043],[-99.18082553488588,19.41656312927755],[-99.1808299995128,19.416561485660957],[-99.18098342637343,19.41651476119296],[-99.18224891096199,19.416295509307062],[-99.1823942592733,19.41627107105872],[-99.18254928693176,19.416243362511867],[-99.18265296509196,19.416218972547615],[-99.18274975137724,19.416196145713485],[-99.18289841896352,19.416145898369766],[-99.1829646625292,19.416122333590476],[-99.18303089621342,19.416098759488193],[-99.18332590564768,19.41598176750087],[-99.18417480550636,19.415656708641805],[-99.18501489738361,19.415331204336134],[-99.18516118263778,19.415271239824158],[-99.1855631850156,19.415107385964514],[-99.18569104402664,19.41505543195715],[-99.18581891202082,19.41500348725281],[-99.1864305084224,19.414671887478708],[-99.18692680336237,19.414431165839048],[-99.18712186084822,19.414328582453887],[-99.18804930310716,19.41383936777062],[-99.18846636843564,19.41362223800233],[-99.18914113167313,19.41326943656505],[-99.18982994905318,19.412919114245476],[-99.1898417502211,19.41291298358767]]]}},{"type":"Feature","properties":{"colonia":"Santo Tomas","alc":"Miguel Hidalgo","cve_alc":"016","cve_col":"016-079","clasif":"Colonia","entidad":"Ciudad de México","cve_ent":"09"},"geometry":{"type":"Polygon","coordinates":[[[-99.17474748875773,19.452371808936462],[-99.1740636911635,19.451906978252072],[-99.17362637152024,19.4516145075538],[-99.17341858850007,19.451470569611043],[-99.17323806306058,19.451338413917853],[-99.17313958345093,19.45124227613156],[-99.17307648129378,19.451164331958903],[-99.17304684317762,19.451124384486494],[-99.1730171960783,19.451084446321804],[-99.17272216688112,19.45130202322541],[-99.17269723503873,19.451324129373493],[-99.17267534938343,19.451350136154197],[-99.17266014629558,19.45137430061137],[-99.17265552985333,19.45138445073256],[-99.17264705694357,19.451403133967506],[-99.17263920387136,19.451429374519538],[-99.17256672689594,19.451413954098165],[-99.1718341597649,19.45127541249452],[-99.17109293107787,19.451145798623372],[-99.17049073464736,19.451037606423093],[-99.17000681759369,19.45095473065247],[-99.16951896951238,19.450873116938286],[-99.16921165046375,19.450819520090096],[-99.16920447292465,19.450846529007357],[-99.16919188752752,19.45087720393544],[-99.1691770275961,19.45090310151892],[-99.16915944397273,19.45092657993549],[-99.16913617760684,19.450950590293495],[-99.16911023515979,19.450971125219922],[-99.1690810857271,19.45098858875703],[-99.16904843196652,19.45100266749893],[-99.16901496882386,19.451012130689644],[-99.16897773545202,19.45101743234627],[-99.16894763290682,19.45101792871483],[-99.16890406012395,19.45101269228068],[-99.16886344728994,19.451001053030353],[-99.16881395191443,19.450976356573108],[-99.16877732760028,19.450948003416023],[-99.16874585332769,19.450912552009786],[-99.16872384280664,19.450876008753447],[-99.1687069158517,19.45082946864904],[-99.16870005092629,19.450777085604123],[-99.16870495303282,19.450725624129305],[-99.16843237363288,19.450671700272053],[-99.16799933356366,19.45059357709838],[-99.16727782738869,19.450464264231606],[-99.16671456394265,19.450381090007028],[-99.1666054060592,19.451265525797215],[-99.1665112617191,19.45209591649065],[-99.16649852360838,19.452208203419133],[-99.16684218220516,19.45225800338071],[-99.16864689311936,19.452515680010855],[-99.16943328011573,19.452629103372303],[-99.17152949883122,19.452927895360194],[-99.17369163412563,19.45323282863942],[-99.17369166287172,19.453232810004703],[-99.17369168173636,19.453232782899633],[-99.17418702895367,19.452827844363078],[-99.17474748875773,19.452371808936462]]]}},{"type":"Feature","properties":{"colonia":"Tacuba","alc":"Miguel Hidalgo","cve_alc":"016","cve_col":"016-080","clasif":"Colonia","entidad":"Ciudad de México","cve_ent":"09"},"geometry":{"type":"Polygon","coordinates":[[[-99.19338144571547,19.453696922842873],[-99.19299626339303,19.453620784027045],[-99.19261859368129,19.45354614272842],[-99.19194828698595,19.453385441177346],[-99.19166872498133,19.45331815286649],[-99.19123305733984,19.45323061279912],[-99.19123117267438,19.45323034259539],[-99.19109491621215,19.453209392908313],[-99.19091975820646,19.453179600183542],[-99.19071200213571,19.453138414843426],[-99.19050425594652,19.45309722017543],[-99.19021627043944,19.453032278878442],[-99.19007863057163,19.45298881751785],[-99.18996790512804,19.452953930682977],[-99.18988887494257,19.452928440850933],[-99.18982405879987,19.452911012251047],[-99.1895323506743,19.452848164751945],[-99.18913572830668,19.452761734048394],[-99.18851340152902,19.452609186145647],[-99.18824157401897,19.452549946061524],[-99.18806138993929,19.452510823097807],[-99.18802731594222,19.452503232794502],[-99.18797101133686,19.45248759055137],[-99.1879118698518,19.452470603210752],[-99.18783048877526,19.4524496000622],[-99.18776330287689,19.452432838876753],[-99.18769610799531,19.452416087854168],[-99.18738225729628,19.452345084878033],[-99.1870683967158,19.45227409118828],[-99.18621597725783,19.452085142992686],[-99.18580608767179,19.452008432515488],[-99.18542496932767,19.45193709054468],[-99.18479976794107,19.45180742976788],[-99.18471616712748,19.452286294475083],[-99.18468497941745,19.452465000056193],[-99.18463257529702,19.452765159462825],[-99.18461519289625,19.45286613376732],[-99.18444203004883,19.453829606855848],[-99.18474728387058,19.4538875666099],[-99.18489472705315,19.453915661756024],[-99.18504066645586,19.453944786885927],[-99.18496016033846,19.45426365949403],[-99.18488344241653,19.45456939239662],[-99.18486617230523,19.454566793718488],[-99.18484632223237,19.454566696310415],[-99.18483315562527,19.454568223499646],[-99.1848195704032,19.454571087297225],[-99.18480245390381,19.454576516738587],[-99.1847840896444,19.454584563492215],[-99.18476036693438,19.4545984454119],[-99.18473211312207,19.454620336813093],[-99.1847041072448,19.45464845809012],[-99.18467048689698,19.454692555122758],[-99.18465221067252,19.45472274397775],[-99.18463606794688,19.454754494742676],[-99.18462403770857,19.454782533835022],[-99.18461111274823,19.454818925440847],[-99.18460225266465,19.45485013324373],[-99.18460192028795,19.45485192131403],[-99.18458987388001,19.4549156192969],[-99.18458771522839,19.45493578357165],[-99.18458634619587,19.45495617315249],[-99.18458581618988,19.454977168353345],[-99.18458630397504,19.45500054623145],[-99.18458756251474,19.45501910284323],[-99.18459014517123,19.455041288952103],[-99.18459573628552,19.455071376099266],[-99.18460226074943,19.455095557789566],[-99.18461121246125,19.45512031629951],[-99.18462411586198,19.455146899294817],[-99.18464013102691,19.455171206333446],[-99.1846600691346,19.455193047682936],[-99.18467703561537,19.455206464534616],[-99.18469504953178,19.455216711823837],[-99.18472125069367,19.45522567587195],[-99.1846832717201,19.455374655349235],[-99.18458773049971,19.455775647188844],[-99.18457724266878,19.455802809438687],[-99.18455634875359,19.455838380899987],[-99.18453979639618,19.455864189601417],[-99.18452332129388,19.455906957329457],[-99.1845134344358,19.455951385204564],[-99.18450849639669,19.455979658714416],[-99.18446555872279,19.45632272661686],[-99.18442064026361,19.456575975365148],[-99.18438515052166,19.456866010420473],[-99.18437332689592,19.456962694586064],[-99.18430672220748,19.457317215405343],[-99.18424513191499,19.45764437531238],[-99.18428309022732,19.457651197983367],[-99.18423635986626,19.45787965946801],[-99.18419884801663,19.45787156290435],[-99.18410253604176,19.458380660561517],[-99.18398256513723,19.458351477784785],[-99.18389440806848,19.458744404706454],[-99.18380180703404,19.45915719797497],[-99.18421632833369,19.45929820524564],[-99.18427909991081,19.459319564095203],[-99.18412039814284,19.45973946138076],[-99.18409827982391,19.45980590511018],[-99.18415372833485,19.45981604030486],[-99.18423821578564,19.459830977137795],[-99.18554047740187,19.46004595727046],[-99.18652203866505,19.460243806602232],[-99.18728674122872,19.46044871879284],[-99.18731483963252,19.46047342990088],[-99.18853630946708,19.460765414542944],[-99.18853187628112,19.460790273826525],[-99.18832447953656,19.461955300941355],[-99.18819675706946,19.462663612743203],[-99.18807957363727,19.46330356669919],[-99.1880502705927,19.463463552887795],[-99.18802097653128,19.46362354823535],[-99.18800793299334,19.463766926550377],[-99.18807996709933,19.463839906455245],[-99.18913486772064,19.464134380228426],[-99.1899709324505,19.464406843119285],[-99.19002467775563,19.464140544525524],[-99.1900370062346,19.463999856541527],[-99.19007355419193,19.463582833080196],[-99.19009146210716,19.463376100453903],[-99.19010937002231,19.463169358247168],[-99.1901272770392,19.46296262509355],[-99.19014518495442,19.462755883206526],[-99.19015095393513,19.462621526925744],[-99.19016314856516,19.46240767923988],[-99.19016720356032,19.462336396897637],[-99.19017019944182,19.461985954287744],[-99.19016214424862,19.461849261374084],[-99.19015978706933,19.461805502542077],[-99.19014937379859,19.46162504127851],[-99.19013860838817,19.46150951350789],[-99.19012269563126,19.461352052813314],[-99.1901175393015,19.461310118266915],[-99.19010468351149,19.4612234328932],[-99.19007982892423,19.461049240423534],[-99.19004389002464,19.460862163296227],[-99.18996784134762,19.460543254535764],[-99.18990209634696,19.46030982154469],[-99.18973835503023,19.459794343567864],[-99.18972251503683,19.45974450018229],[-99.18969401688273,19.459654764770853],[-99.18967501481951,19.459594970780728],[-99.18965466079182,19.459532035242447],[-99.18989352462246,19.459547952081437],[-99.18992372238905,19.459470868218123],[-99.1899968982538,19.459339871812727],[-99.19004237816,19.459275382773466],[-99.19008007326596,19.45923187226554],[-99.19014873599473,19.45916582723921],[-99.19037263119782,19.45897154756021],[-99.1904342143038,19.45893108533808],[-99.19046323887066,19.458910935959167],[-99.1904922553526,19.458890777260695],[-99.19105712678302,19.458498461385116],[-99.1915128996189,19.458231195969102],[-99.192544963269,19.457520416095992],[-99.19220611604885,19.45743174499479],[-99.1923495132194,19.45682534862449],[-99.19250857880505,19.456152642851954],[-99.19259440474565,19.455789728056295],[-99.19267167782633,19.45546293286281],[-99.19282968250168,19.455496763768604],[-99.19298520872512,19.454914221705742],[-99.19307701295395,19.454615381708013],[-99.19324605253416,19.454071214537475],[-99.1933315874206,19.453749980875674],[-99.19334502711557,19.453729607236816],[-99.19338144571547,19.453696922842873]]]}},{"type":"Feature","properties":{"colonia":"Tacubaya","alc":"Miguel Hidalgo","cve_alc":"016","cve_col":"016-081","clasif":"Colonia","entidad":"Ciudad de México","cve_ent":"09"},"geometry":{"type":"Polygon","coordinates":[[[-99.19222689318313,19.40290655307475],[-99.192272204206,19.402536137634858],[-99.1923557097982,19.40181158767343],[-99.19236699533312,19.401678629005662],[-99.19236254867246,19.401539576424028],[-99.19235027499073,19.40144326427536],[-99.19232082911402,19.401323910474417],[-99.19229752052738,19.401259150983645],[-99.1922742029575,19.401194399939996],[-99.1922154657144,19.401089994970945],[-99.1921739222257,19.401020848883785],[-99.19211305597534,19.400938161116247],[-99.1920550670288,19.400869026826836],[-99.19199638458285,19.400810754985578],[-99.19193341088486,19.400757911821866],[-99.19183325142559,19.40069221413615],[-99.19162218506307,19.40054117129627],[-99.19155135110627,19.400491733379063],[-99.19144902940214,19.400406368692803],[-99.19139226126607,19.400354787889004],[-99.19137817388581,19.400342003682933],[-99.19131734087306,19.400283732500178],[-99.19124792176284,19.40021257625062],[-99.19119279844213,19.400148190828588],[-99.19116630712438,19.400116003191904],[-99.1911398256881,19.400083805381225],[-99.19108254102075,19.400009253020606],[-99.19103528784017,19.39994350249911],[-99.19094076261439,19.399809971216158],[-99.19078036572549,19.399580865429485],[-99.19075710115627,19.39954689747452],[-99.19072165183854,19.399495115584706],[-99.19066292807005,19.399409365694865],[-99.19059702496588,19.399296156824974],[-99.19055903970413,19.399212083667535],[-99.19046299991876,19.39899715518741],[-99.19043038298912,19.398917478603234],[-99.19039775707631,19.398837812147775],[-99.1900873568063,19.39809400728816],[-99.189991297258,19.39786551593601],[-99.1899276623999,19.397701286969408],[-99.18985004167118,19.397498681674335],[-99.18972120349649,19.397180039107067],[-99.18954464142404,19.39674333516634],[-99.18939626219696,19.39639754181906],[-99.18915394703895,19.39580290227],[-99.18909026546845,19.395636740147463],[-99.18860020663321,19.395656187310028],[-99.18760793296029,19.395682879174615],[-99.18754136150952,19.395679925369002],[-99.1874844029306,19.39567756554422],[-99.18650078183047,19.395639045743472],[-99.18645108343571,19.395625324862777],[-99.18640139402405,19.39561159635487],[-99.18597490087663,19.395737664380306],[-99.18547512945652,19.39589111810397],[-99.18539616215318,19.39592100606844],[-99.18531720383291,19.39595090334812],[-99.18529444321861,19.396148165604078],[-99.18527054893033,19.396343333020187],[-99.18519153221965,19.39703701549689],[-99.18516766847411,19.39724937578017],[-99.1851417134506,19.397480166788746],[-99.18511250383084,19.397716628604435],[-99.18510710315935,19.39776039792684],[-99.18505820157021,19.398154904255325],[-99.18500874841547,19.398556201735477],[-99.18501207308036,19.3987568475625],[-99.18497252744494,19.39924842586971],[-99.18493487725479,19.399588841191424],[-99.18488627839788,19.400059362154717],[-99.18487420144722,19.40023626958466],[-99.18484847190086,19.400617861171604],[-99.18480445265531,19.401116094524888],[-99.18478494753548,19.40133291562573],[-99.1847778750993,19.401411639504722],[-99.18476545139889,19.401549736437648],[-99.1847263495312,19.402194967604732],[-99.18472500026162,19.402213235389503],[-99.18468781450045,19.402713887974105],[-99.18466859504497,19.40302196579006],[-99.18464938457261,19.40333005234272],[-99.18461304682108,19.404017706215573],[-99.18461076689684,19.404060987498262],[-99.18456889911644,19.40466358000466],[-99.1844893164671,19.405204266010454],[-99.18440738292662,19.40618994095808],[-99.18439996463906,19.406236906478508],[-99.1843973478466,19.406247344953478],[-99.18438841410114,19.406278652749045],[-99.18438209714802,19.40629953138761],[-99.18437164974127,19.406324571855013],[-99.18435350287422,19.406354318949152],[-99.18431831316957,19.40640911581234],[-99.18427445382416,19.406472293927482],[-99.18426999189218,19.406484548103172],[-99.18426551918034,19.40649679295803],[-99.18426003047401,19.406521319097646],[-99.1841355895526,19.407594398268387],[-99.18412150396898,19.407783667657636],[-99.18421049018272,19.40774631148441],[-99.18422697336986,19.407739239313386],[-99.18425745680067,19.40772635994615],[-99.18427146602754,19.40772056122276],[-99.18430253965155,19.407704846037348],[-99.18432189654928,19.40769493804769],[-99.18434532730684,19.40767850098458],[-99.18437283102585,19.407654334262517],[-99.18439218702528,19.407634511498262],[-99.18440645227204,19.407615177607273],[-99.18442936649829,19.407583271895085],[-99.18447062701759,19.407512699219946],[-99.1845151322517,19.407434088439096],[-99.18464848535903,19.407193968663126],[-99.18476112241758,19.406992363112582],[-99.18487374869628,19.40679074883943],[-99.18500079832525,19.40653555844033],[-99.18501087562606,19.406515303428275],[-99.18514800075927,19.406239857550645],[-99.18532321535882,19.40588242411108],[-99.18536957381737,19.40578783959823],[-99.18549842906002,19.405524981413247],[-99.18568464712347,19.40519560337636],[-99.18609945229079,19.40445167930888],[-99.18623206608463,19.404200694574],[-99.18641572933936,19.403857536053266],[-99.18669896994511,19.40334607467127],[-99.18684324117635,19.40310087695122],[-99.18691395655551,19.40288259662052],[-99.1869458368666,19.402477923159775],[-99.18707747059845,19.40271364564721],[-99.1872092211113,19.402959155755717],[-99.18735925683171,19.403224755695785],[-99.18746184892878,19.403415212991728],[-99.18765630274672,19.403755945802004],[-99.18775043181547,19.4039255091314],[-99.18785500020608,19.403932567064253],[-99.18796251866416,19.40393842438579],[-99.18800349082424,19.40393868111492],[-99.18805160998075,19.403938675183923],[-99.1880975318581,19.40393840828723],[-99.18814001678113,19.403939188642124],[-99.1882139858583,19.403940480760646],[-99.18829277080363,19.403942954002446],[-99.1883482669253,19.403944771441182],[-99.18835601399627,19.403945032406714],[-99.18841926707036,19.403947110811057],[-99.18895988129317,19.403952264880658],[-99.1892651620644,19.403961835029417],[-99.18957462808653,19.40396201380775],[-99.18993854279465,19.403960621709153],[-99.1899753845011,19.403960617472656],[-99.19001113116116,19.403958002733525],[-99.19006447581769,19.403954862674112],[-99.1901244248882,19.403952245393054],[-99.1902289151254,19.403942316839775],[-99.190325705004,19.40393291360618],[-99.19038070525559,19.403928733920484],[-99.19041700348124,19.403925072776588],[-99.19058584004227,19.403913049718497],[-99.19083606756129,19.403893710301357],[-99.19098510794839,19.403884813745044],[-99.191085200034,19.403875147847938],[-99.19123621940965,19.40386023721774],[-99.19134753235147,19.403848763199477],[-99.19222238903026,19.40374255774426],[-99.19222078104592,19.403688820792393],[-99.19221916497668,19.403635093143116],[-99.19220612143876,19.4034831565994],[-99.1921972613551,19.40324167786142],[-99.19220569294242,19.403115501265304],[-99.19222689318313,19.40290655307475]]]}},{"type":"Feature","properties":{"colonia":"Tlaxpana","alc":"Miguel Hidalgo","cve_alc":"016","cve_col":"016-082","clasif":"Colonia","entidad":"Ciudad de México","cve_ent":"09"},"geometry":{"type":"Polygon","coordinates":[[[-99.17277281210022,19.438216078933575],[-99.17266651714758,19.438144637717233],[-99.1724485948428,19.438000283754615],[-99.17223068331782,19.437855919498183],[-99.17198384154909,19.437688476317557],[-99.17173701056016,19.43752102279881],[-99.17131639149636,19.43723721420947],[-99.17089576524606,19.436953413595283],[-99.17067420117111,19.436804434148318],[-99.17047941497647,19.436678551296936],[-99.1703381944239,19.43659078369674],[-99.17025054041173,19.436542285188064],[-99.17013001614502,19.436482229391242],[-99.17007523238743,19.436459131783973],[-99.16998514124592,19.436422752156183],[-99.16994984374344,19.436409478609168],[-99.16968548303007,19.43631077705956],[-99.16944460517651,19.436673666802207],[-99.16925507143134,19.436962718346948],[-99.16906044513682,19.437260465034363],[-99.16880467680915,19.437644249291147],[-99.16874991281448,19.437726900596502],[-99.168585593881,19.437974855954312],[-99.16852139667758,19.43809666064696],[-99.16849755089831,19.438145368775373],[-99.168414401039,19.438315141041713],[-99.16831658258938,19.438521051716826],[-99.16821875425833,19.438726952812544],[-99.16796935049443,19.43924714241127],[-99.167931397572,19.43932631722335],[-99.16764402920751,19.43996723660482],[-99.16744634145456,19.44036552021962],[-99.16718321502636,19.44091851437166],[-99.1669200778184,19.441471499015925],[-99.16664547720907,19.442033801485096],[-99.16651917138515,19.44230215329488],[-99.1663702280161,19.442543098775374],[-99.16581846749727,19.44341831356403],[-99.1657773237589,19.443506661961397],[-99.16576481471857,19.443535512810126],[-99.1657522957968,19.443564354335898],[-99.16574488020412,19.44358190846112],[-99.16573745472998,19.44359945326645],[-99.16572450731177,19.443630362512536],[-99.16626474783546,19.443947875494516],[-99.16642683894699,19.444041931240278],[-99.16681700332607,19.444265331947907],[-99.16708276451298,19.444421169282197],[-99.16721367060941,19.44449488045015],[-99.16853115956803,19.44526771569382],[-99.16854084071186,19.44524075243702],[-99.1685872764255,19.445111064285147],[-99.16863025632031,19.44499057782476],[-99.16866261273852,19.44489921209897],[-99.16882594622011,19.44440368470834],[-99.16897679850915,19.44395462419824],[-99.16899124880881,19.44390934764974],[-99.16900526073063,19.44387803185719],[-99.16903509467947,19.443830624874064],[-99.16910100766516,19.44375102532888],[-99.16923463296202,19.443593956538024],[-99.16972200044465,19.443035005467287],[-99.16980829440747,19.44293554810821],[-99.16996867602505,19.442728985691843],[-99.17010395601864,19.442550064392524],[-99.17046542281759,19.44206269410317],[-99.17052509790193,19.441951028697016],[-99.17058476400312,19.441839353895848],[-99.17107903683534,19.441089542524228],[-99.17133439642957,19.440694413589174],[-99.17171540607754,19.440142674926097],[-99.17177148161254,19.4400272707821],[-99.17181922796821,19.43992897888829],[-99.17224860919929,19.43927760097838],[-99.17240015947928,19.43904774861032],[-99.17245158982593,19.438981701297426],[-99.17263782226247,19.439088663910823],[-99.17277281210022,19.438216078933575]]]}},{"type":"Feature","properties":{"colonia":"Torre Blanca","alc":"Miguel Hidalgo","cve_alc":"016","cve_col":"016-083","clasif":"Colonia","entidad":"Ciudad de México","cve_ent":"09"},"geometry":{"type":"Polygon","coordinates":[[[-99.19851130299321,19.45702707951524],[-99.19885242025607,19.456053468814588],[-99.19909044326364,19.45535164005083],[-99.19920245060318,19.455021676103325],[-99.1990061040349,19.45497459339841],[-99.19889039833136,19.454947532652866],[-99.19861717214444,19.454883739815767],[-99.19812756875498,19.45477414743396],[-99.19752005339971,19.454640202124136],[-99.19718392448164,19.454561680217818],[-99.19706578075039,19.454528370885512],[-99.19694762803607,19.45449507001669],[-99.19694108830075,19.454499315316642],[-99.19668882250434,19.454671999491733],[-99.1950997216314,19.45575832731357],[-99.19488510063526,19.455905051534884],[-99.19484778461839,19.455929953067656],[-99.1939020266092,19.456588765310453],[-99.1937985604514,19.45665780558735],[-99.1932250876521,19.457061743556363],[-99.19320068940895,19.45707819086844],[-99.19287336487899,19.45729894704069],[-99.192544963269,19.457520416095992],[-99.1915128996189,19.458231195969102],[-99.19105712678302,19.458498461385116],[-99.1904922553526,19.458890777260695],[-99.19046323887066,19.458910935959167],[-99.1904342143038,19.45893108533808],[-99.19037263119782,19.45897154756021],[-99.19014873599473,19.45916582723921],[-99.19008007326596,19.45923187226554],[-99.19004237816,19.459275382773466],[-99.1899968982538,19.459339871812727],[-99.18992372238905,19.459470868218123],[-99.18989352462246,19.459547952081437],[-99.19015119109035,19.45955666856604],[-99.19078147604314,19.45958220394149],[-99.19124066607034,19.459595832180273],[-99.19165788860406,19.459609491756837],[-99.19175133944474,19.459654809661938],[-99.19183231268613,19.459656180108258],[-99.19200596870863,19.459662286979576],[-99.19215947012947,19.459667701851455],[-99.19217910191166,19.459668385380617],[-99.19249972770459,19.45967510378548],[-99.1926526389322,19.459678296128786],[-99.1928104810125,19.45968160535807],[-99.19310868485589,19.459682140662068],[-99.19320987917435,19.459679462447856],[-99.19331379448977,19.45967249417816],[-99.1934032397426,19.459665112572054],[-99.19385318610546,19.459630226326222],[-99.19408446366357,19.459590731543127],[-99.1942197454538,19.45956175226425],[-99.19427579044604,19.45954594977166],[-99.19444322204197,19.459500774979364],[-99.19456726051807,19.459474705133378],[-99.1948861004602,19.45939553591742],[-99.1949699833448,19.459375106238664],[-99.19505038076613,19.459354451254846],[-99.19508524348396,19.459345813530575],[-99.19527453198903,19.459293518783188],[-99.1954673724328,19.459245738541416],[-99.19583052806446,19.45915691677006],[-99.1961609535788,19.45908148183601],[-99.1964741107784,19.45901360722089],[-99.19710903463135,19.458904664740817],[-99.19725861580426,19.458872574292624],[-99.19777816902526,19.458763956120617],[-99.19792949203145,19.458732659288245],[-99.1982220912858,19.457867435426866],[-99.19836670297856,19.457447258015353],[-99.19843899849432,19.457237164242827],[-99.19851130299321,19.45702707951524]]]}},{"type":"Feature","properties":{"colonia":"Un Hogar Para Nosotros","alc":"Miguel Hidalgo","cve_alc":"016","cve_col":"016-084","clasif":"Colonia","entidad":"Ciudad de México","cve_ent":"09"},"geometry":{"type":"Polygon","coordinates":[[[-99.1730171960783,19.451084446321804],[-99.17295939667628,19.451006546966674],[-99.1725862562702,19.45044243410405],[-99.17172354750899,19.449157222099494],[-99.17155672137757,19.448906321668424],[-99.17150066470722,19.448822109847782],[-99.17081304208644,19.44782337263509],[-99.17080754888849,19.447815308604817],[-99.17073945030175,19.44771521379604],[-99.1706661064521,19.4476073801571],[-99.1706658683985,19.447607045567185],[-99.17005564372437,19.446712472457772],[-99.1700529308122,19.446708526815993],[-99.17003314811302,19.446679667213512],[-99.16980978740747,19.446353953165513],[-99.16961885318881,19.44608138794705],[-99.16955605915382,19.44598691831806],[-99.16951799753524,19.445931565570156],[-99.16944785438287,19.445849366543516],[-99.16939748494657,19.44579859217586],[-99.16932629435865,19.44573677450357],[-99.16920909565512,19.445661710276642],[-99.16853115956803,19.44526771569382],[-99.16721367060941,19.44449488045015],[-99.16721374696624,19.444504488023913],[-99.16716859674172,19.445055250428734],[-99.16712350311109,19.44560516389107],[-99.16699759703752,19.4470751458161],[-99.16696600149234,19.447447440163444],[-99.16693384450012,19.447826498293814],[-99.16687782016912,19.44850799548313],[-99.16675604185426,19.44982412493176],[-99.16671456394265,19.450381090007028],[-99.16727782738869,19.450464264231606],[-99.16799933356366,19.45059357709838],[-99.16843237363288,19.450671700272053],[-99.16870495303282,19.450725624129305],[-99.16870005092629,19.450777085604123],[-99.1687069158517,19.45082946864904],[-99.16872384280664,19.450876008753447],[-99.16874585332769,19.450912552009786],[-99.16877732760028,19.450948003416023],[-99.16881395191443,19.450976356573108],[-99.16886344728994,19.451001053030353],[-99.16890406012395,19.45101269228068],[-99.16894763290682,19.45101792871483],[-99.16897773545202,19.45101743234627],[-99.16901496882386,19.451012130689644],[-99.16904843196652,19.45100266749893],[-99.1690810857271,19.45098858875703],[-99.16911023515979,19.450971125219922],[-99.16913617760684,19.450950590293495],[-99.16915944397273,19.45092657993549],[-99.1691770275961,19.45090310151892],[-99.16919188752752,19.45087720393544],[-99.16920447292465,19.450846529007357],[-99.16921165046375,19.450819520090096],[-99.16951896951238,19.450873116938286],[-99.17000681759369,19.45095473065247],[-99.17049073464736,19.451037606423093],[-99.17109293107787,19.451145798623372],[-99.1718341597649,19.45127541249452],[-99.17256672689594,19.451413954098165],[-99.17263920387136,19.451429374519538],[-99.17264705694357,19.451403133967506],[-99.17265552985333,19.45138445073256],[-99.17266014629558,19.45137430061137],[-99.17267534938343,19.451350136154197],[-99.17269723503873,19.451324129373493],[-99.17272216688112,19.45130202322541],[-99.1730171960783,19.451084446321804]]]}},{"type":"Feature","properties":{"colonia":"Ventura Perez De Alva","alc":"Miguel Hidalgo","cve_alc":"016","cve_col":"016-085","clasif":"Colonia","entidad":"Ciudad de México","cve_ent":"09"},"geometry":{"type":"Polygon","coordinates":[[[-99.19870559152118,19.45334499026718],[-99.19869426825706,19.453330283229867],[-99.19867959337854,19.453306898334798],[-99.19866649773834,19.453278943690684],[-99.19865669532194,19.453247503498268],[-99.1986525873262,19.453225308673776],[-99.19755612435162,19.45291532874353],[-99.19743900110655,19.452882200338795],[-99.19717074439978,19.4527990798701],[-99.19703977631957,19.452754439372494],[-99.19690018980253,19.45269669859607],[-99.19686102145948,19.4526818593623],[-99.19682529007076,19.452668438066627],[-99.19673017734675,19.452638031987902],[-99.19666061989601,19.452618367179372],[-99.1965910714284,19.452598693051012],[-99.19647740400225,19.452567955767655],[-99.19636057630295,19.452536397699255],[-99.19627606190267,19.45251417990734],[-99.19618749071064,19.452488792497782],[-99.19593322256942,19.452415935387243],[-99.19583021994231,19.452391110395588],[-99.19567999467736,19.452356044707226],[-99.19553666398222,19.452329446854865],[-99.1954495130266,19.452312683115967],[-99.19536235308784,19.452295928692646],[-99.19516128048289,19.45225712246024],[-99.19510984115306,19.45224608639091],[-99.19505839284012,19.452235059638245],[-99.1950088282943,19.45222224563263],[-99.19500245923898,19.452220421957648],[-99.19494428793443,19.452203689547787],[-99.19445757532357,19.452063900081914],[-99.19397087259422,19.45192410033104],[-99.19394889261582,19.451993164616354],[-99.19393086163147,19.452049857007694],[-99.19389084977037,19.452175604269524],[-99.19386731121503,19.452258548026652],[-99.1938571027601,19.452301287905986],[-99.19384735334432,19.45235290473608],[-99.19383893613012,19.452401992294067],[-99.1938305081361,19.452442185939944],[-99.19374849374732,19.452686601920274],[-99.19367459743376,19.4528538195625],[-99.19355840574158,19.45316249687182],[-99.19351699610198,19.453294538423616],[-99.19343008230159,19.4536226983187],[-99.19342475439366,19.45364237571105],[-99.1934199196608,19.453654015618895],[-99.19341357126665,19.45366449170463],[-99.1934004935928,19.4536804760349],[-99.19339096516258,19.45368869478034],[-99.19338144571547,19.453696922842873],[-99.19373351613662,19.45376743056111],[-99.19429779288231,19.45389531778411],[-99.19446821227483,19.453933930501833],[-99.19483226173031,19.454015722246485],[-99.19518873299792,19.45409578939845],[-99.19572073686878,19.45421574902209],[-99.19584579133951,19.454243956766298],[-99.19624730593215,19.454334488836608],[-99.19664860133587,19.454420288513695],[-99.19671040003747,19.454435737448286],[-99.19694762803607,19.45449507001669],[-99.19791747257295,19.453861268010343],[-99.19831153204709,19.453603134426356],[-99.1985086143356,19.453474125502023],[-99.19870559152118,19.45334499026718]]]}},{"type":"Feature","properties":{"colonia":"Veronica Anzures","alc":"Miguel Hidalgo","cve_alc":"016","cve_col":"016-086","clasif":"Colonia","entidad":"Ciudad de México","cve_ent":"09"},"geometry":{"type":"Polygon","coordinates":[[[-99.17939517889997,19.436096402515258],[-99.17887791278969,19.43582615390098],[-99.17828733966068,19.435530606264084],[-99.17772515509124,19.435252970603006],[-99.17657907277368,19.434730022658258],[-99.17604098820671,19.434461572771962],[-99.17602257723493,19.43445238139261],[-99.17561075177947,19.434277049591465],[-99.17537390915822,19.434154091626375],[-99.17513051692013,19.434001244138148],[-99.17487616793063,19.433826382009823],[-99.17471733680522,19.43373075314482],[-99.1744459961821,19.43355194476366],[-99.1742558956,19.43343416649283],[-99.17381142806204,19.433138968606432],[-99.17350570531971,19.43294165804507],[-99.17331173120209,19.432815318132132],[-99.17294435438687,19.432588364005568],[-99.17283939522909,19.43252351446537],[-99.17278690666699,19.432491098580403],[-99.17273182826199,19.432462737958534],[-99.17267294279684,19.432441157858367],[-99.17261169745733,19.432425312061913],[-99.17254951876835,19.43241418061122],[-99.1724870930426,19.432407211170716],[-99.17242389566404,19.4324061929055],[-99.17236147981981,19.432413211480437],[-99.17230061626434,19.432427218979207],[-99.17223983804888,19.432441568722332],[-99.17214044485257,19.43259457524679],[-99.17180262171189,19.433113508700785],[-99.17143763082203,19.433669564534682],[-99.17125257787353,19.433943971085217],[-99.17124990269059,19.43394825080825],[-99.17111677506041,19.434161866615735],[-99.17083836110274,19.434587986798952],[-99.17043770529953,19.43519811230603],[-99.16985628151164,19.43605303319115],[-99.16968548303007,19.43631077705956],[-99.16994984374344,19.436409478609168],[-99.16998514124592,19.436422752156183],[-99.17007523238743,19.436459131783973],[-99.17013001614502,19.436482229391242],[-99.17025054041173,19.436542285188064],[-99.1703381944239,19.43659078369674],[-99.17047941497647,19.436678551296936],[-99.17067420117111,19.436804434148318],[-99.17089576524606,19.436953413595283],[-99.17131639149636,19.43723721420947],[-99.17173701056016,19.43752102279881],[-99.17198384154909,19.437688476317557],[-99.17223068331782,19.437855919498183],[-99.1724485948428,19.438000283754615],[-99.17266651714758,19.438144637717233],[-99.17277281210022,19.438216078933575],[-99.17278765316698,19.438226047748593],[-99.17350047173483,19.438692599132132],[-99.17377682765223,19.438879110541393],[-99.1739527501242,19.43899400977802],[-99.17410493191986,19.439097369635114],[-99.17412708437477,19.439112060173052],[-99.17442086221875,19.439306967619554],[-99.17475870781732,19.439529847944435],[-99.1749955010313,19.439685170550135],[-99.17510842465235,19.439760230764247],[-99.17529256581088,19.439883796939736],[-99.17543097463663,19.43999044298936],[-99.17556101565548,19.44010321182437],[-99.17564745694197,19.440183473897786],[-99.17578260218826,19.44031224349375],[-99.1758367804814,19.440365363505954],[-99.17589034971672,19.440419639793067],[-99.17593478937381,19.440471605172387],[-99.17608601715864,19.44065762322016],[-99.17709498691944,19.43944968804762],[-99.17718455793641,19.439346606265765],[-99.17727732695583,19.43923683312188],[-99.17797640129983,19.438384545727608],[-99.17803395905501,19.438303146788037],[-99.17811334227837,19.438183395650498],[-99.17849867821275,19.437556910006265],[-99.17877717930702,19.437103191737723],[-99.17939517889997,19.436096402515258]]]}}]}